dataset,deployment,workload,phase,storage,clients,ratio_of_means,geometric_ratio,log_t95_low,log_t95_high,n_blocks
read1024,sqlite-native,metadata,write,lustre,16,0.9710529572313271,0.97102643126074,0.9618111935886302,0.9803299613190473,5
read1024,sqlite-native,metadata,write,tmpfs,16,0.8182508386890762,0.8181252219477636,0.7953203922129604,0.8415839520028973,5
read1024,sqlite-native,metadata,write,lustre,64,0.8630359576421505,0.8591290850577963,0.7459502095780217,0.9894799616850904,5
read1024,sqlite-native,metadata,write,tmpfs,64,0.42105099141889485,0.4207949506670896,0.399787471652324,0.4429063016284469,5
read1024,sqlite-native,metadata,read,lustre,16,8.990220772912087,8.992091538101931,8.539316664913484,9.468873611612759,5
read1024,sqlite-native,metadata,read,tmpfs,16,9.722715174883021,9.5269750057374,7.190176700370494,12.623229795627733,5
read1024,sqlite-native,metadata,read,lustre,64,9.053485325440054,9.056383099475665,8.690834475455915,9.43730720865741,5
read1024,sqlite-native,metadata,read,tmpfs,64,6.484896251666253,6.472207571636107,5.9518420887408,7.038068252782912,5
read1024,sqlite-native,telemetry,write,lustre,16,1.4989454441140957,1.4963966222322491,1.3773224541509106,1.625765153453847,5
read1024,sqlite-native,telemetry,write,tmpfs,16,1.488209826910328,1.4873673429051901,1.406951554285554,1.572379380087629,5
read1024,sqlite-native,telemetry,write,lustre,64,1.5564746051845224,1.5560889811591496,1.5081774879784224,1.6055225174661694,5
read1024,sqlite-native,telemetry,write,tmpfs,64,1.1420383425938934,1.1330100174880795,0.9555573379634951,1.3434167147564509,5
read1024,sqlite-native,telemetry,read,lustre,16,9.583811543535946,9.56752594774886,8.878561746472108,10.309952825098065,5
read1024,sqlite-native,telemetry,read,tmpfs,16,8.866732792711586,8.541041625898417,5.899214987417087,12.365949064566921,5
read1024,sqlite-native,telemetry,read,lustre,64,12.542706904405499,12.540146189123778,11.995156777009825,13.109896716480977,5
read1024,sqlite-native,telemetry,read,tmpfs,64,12.124889666839676,12.092641914245434,10.845286086382442,13.483460676042217,5
read1024,sqlite-shifter,metadata,write,lustre,16,0.9777061602774049,0.9776528297771592,0.9475547612438696,1.0087069314248256,5
read1024,sqlite-shifter,metadata,write,tmpfs,16,0.8298139686361229,0.829618146618372,0.800036682180156,0.860293389701743,5
read1024,sqlite-shifter,metadata,write,lustre,64,0.8152923476224367,0.8059999832094918,0.6542751731841155,0.9929094050323857,5
read1024,sqlite-shifter,metadata,write,tmpfs,64,0.4686795941968211,0.4667163971924221,0.411488840553359,0.5293562642314932,5
read1024,sqlite-shifter,metadata,read,lustre,16,8.940730731216037,8.938581514360886,8.537309464396875,9.35871422045477,5
read1024,sqlite-shifter,metadata,read,tmpfs,16,11.234479784551773,11.227111308746238,10.620895315555567,11.867928700357806,5
read1024,sqlite-shifter,metadata,read,lustre,64,9.315884528961249,9.315588450221764,9.158130950633149,9.475753146760317,5
read1024,sqlite-shifter,metadata,read,tmpfs,64,6.1720942395862455,6.163505419936426,5.723629206829808,6.6371872965242025,5
read1024,sqlite-shifter,telemetry,write,lustre,16,1.504274022535937,1.5041315001657027,1.471316267951865,1.5376786208855697,5
read1024,sqlite-shifter,telemetry,write,tmpfs,16,1.4815758930005944,1.4806103952220426,1.4059746653786938,1.5592081396780437,5
read1024,sqlite-shifter,telemetry,write,lustre,64,1.3388095932354704,1.3365698026391168,1.2265824846158018,1.4564196535761895,5
read1024,sqlite-shifter,telemetry,write,tmpfs,64,1.0210565513880954,1.018215563287029,0.9147909570539606,1.1333331678952816,5
read1024,sqlite-shifter,telemetry,read,lustre,16,9.983094231240582,9.978276222671722,9.527092062629675,10.450827568517647,5
read1024,sqlite-shifter,telemetry,read,tmpfs,16,11.39142596245859,11.128919256402707,8.098361240330611,15.293568678899137,5
read1024,sqlite-shifter,telemetry,read,lustre,64,12.910425069740988,12.909136767902089,12.589230249884825,13.23717247080505,5
read1024,sqlite-shifter,telemetry,read,tmpfs,64,13.269798722455384,13.26399481620669,12.764221473440571,13.783336402493132,5
read1024,postgres,metadata,write,lustre,16,4.877997238255064,4.87760588108238,4.7164565494987,5.0442612757024365,5
read1024,postgres,metadata,write,tmpfs,16,5.094307471884836,5.091087359259919,4.857279888259244,5.336149263761094,5
read1024,postgres,metadata,write,lustre,64,5.5477997094219775,5.547588608689375,5.416716303801978,5.681622895712427,5
read1024,postgres,metadata,write,tmpfs,64,5.218806316295775,5.217733226394215,5.1040012315446255,5.333999500932557,5
read1024,postgres,metadata,read,lustre,16,7.794979235368737,7.792982233188605,7.4238242716959615,8.180496987022492,5
read1024,postgres,metadata,read,tmpfs,16,7.816674498122145,7.782947336055548,6.975129002067354,8.684322428712155,5
read1024,postgres,metadata,read,lustre,64,11.331746322824305,11.313041659264833,10.128555842279845,12.63604738693462,5
read1024,postgres,metadata,read,tmpfs,64,10.748538043151243,10.629320372010534,8.831567458935778,12.793023672884086,5
read1024,postgres,telemetry,write,lustre,16,3.4622115417581973,3.462209302050682,3.4220313501002786,3.502858981947961,5
read1024,postgres,telemetry,write,tmpfs,16,3.294122590764044,3.2910034535061747,3.096257166793828,3.4979987602918503,5
read1024,postgres,telemetry,write,lustre,64,3.3749069204144173,3.374237952808194,3.249152957262505,3.504138436056822,5
read1024,postgres,telemetry,write,tmpfs,64,3.29455513637071,3.293373477903035,3.171488641188995,3.419942522918461,5
read1024,postgres,telemetry,read,lustre,16,7.374905751325278,7.369494054939647,7.040172042039166,7.71422094538193,5
read1024,postgres,telemetry,read,tmpfs,16,7.7832638236999285,7.781731842889087,7.337992816428199,8.25230440932887,5
read1024,postgres,telemetry,read,lustre,64,14.995373627508785,14.954685619297539,13.451423682373495,16.62594437978204,5
read1024,postgres,telemetry,read,tmpfs,64,14.415916856831895,14.343548295721112,12.73028318553082,16.16125695817389,5
baseline,sqlite-native,metadata,write,lustre,16,0.9763278392854039,0.9762684530087867,0.9544698830828465,0.9985648675071311,5
baseline,sqlite-native,metadata,write,tmpfs,16,0.8336745622415064,0.8337000357642168,0.8138781636137404,0.8540046664320189,5
baseline,sqlite-native,metadata,write,lustre,64,0.8261953575309483,0.823745544655936,0.7348967409342425,0.9233361430857413,5
baseline,sqlite-native,metadata,write,tmpfs,64,0.43438392332336523,0.43259429673901256,0.381738921985262,0.4902246399133117,5
baseline,sqlite-native,metadata,read,lustre,16,9.689757235639867,9.687461516840672,9.282709096562222,10.109862289557736,5
baseline,sqlite-native,metadata,read,tmpfs,16,12.450204342834864,12.447933264902554,12.069805239196482,12.837907447277338,5
baseline,sqlite-native,metadata,read,lustre,64,10.101833117807965,10.102343386914507,9.927124273635663,10.280655212323468,5
baseline,sqlite-native,metadata,read,tmpfs,64,6.667140836003491,6.654600444256541,6.099990616787175,7.259635277279047,5
baseline,sqlite-native,telemetry,write,lustre,16,1.543937737496474,1.5441056273182538,1.5021100914473922,1.5872752615745283,5
baseline,sqlite-native,telemetry,write,tmpfs,16,1.427061473173848,1.4260171831980812,1.346728666169499,1.5099738038250465,5
baseline,sqlite-native,telemetry,write,lustre,64,1.3257265740110924,1.3214299679992056,1.1648228370550706,1.4990924840906306,5
baseline,sqlite-native,telemetry,write,tmpfs,64,1.0500293446406754,1.045957423475801,0.9218290364757339,1.1868002508434055,5
baseline,sqlite-native,telemetry,read,lustre,16,11.106358441403774,11.106339730446788,10.90588418185802,11.310479751224145,5
baseline,sqlite-native,telemetry,read,tmpfs,16,13.15104221083811,13.150907204367142,12.773252558232691,13.539727607312296,5
baseline,sqlite-native,telemetry,read,lustre,64,13.495596158442876,13.495117763947224,13.244064134383702,13.750930349997025,5
baseline,sqlite-native,telemetry,read,tmpfs,64,12.355932137961027,12.352871183648457,12.007018440780888,12.708685943343013,5
baseline,sqlite-shifter,metadata,write,lustre,16,0.972402242526626,0.9722399743167238,0.9447672575343595,1.0005115652782948,5
baseline,sqlite-shifter,metadata,write,tmpfs,16,0.8530149273513085,0.8530720302502497,0.837818868263861,0.8686028882391945,5
baseline,sqlite-shifter,metadata,write,lustre,64,0.7603136712859414,0.7576258007266437,0.6711310868631468,0.8552678681739178,5
baseline,sqlite-shifter,metadata,write,tmpfs,64,0.45552012982604045,0.45553786776803806,0.4437800268529055,0.4676072297400464,5
baseline,sqlite-shifter,metadata,read,lustre,16,9.772667626795855,9.765551010532457,9.225427878535957,10.337296848983199,5
baseline,sqlite-shifter,metadata,read,tmpfs,16,12.88204870122543,12.870747970116303,12.260921684669686,13.510905425436277,5
baseline,sqlite-shifter,metadata,read,lustre,64,10.740343963970684,10.740310080971987,10.687299924395118,10.793583173624404,5
baseline,sqlite-shifter,metadata,read,tmpfs,64,7.114917524623875,7.067899371673485,6.028576587706987,8.286400745072607,5
baseline,sqlite-shifter,telemetry,write,lustre,16,1.5247439179894222,1.5246648097243714,1.5019379827913368,1.5477355314575654,5
baseline,sqlite-shifter,telemetry,write,tmpfs,16,1.4687758913175228,1.4684657687212301,1.422837284680968,1.515557497067941,5
baseline,sqlite-shifter,telemetry,write,lustre,64,1.4164522106753434,1.4138879373242765,1.3010640739842698,1.5364955033992174,5
baseline,sqlite-shifter,telemetry,write,tmpfs,64,1.0884799622990196,1.0872715856492718,1.013095002081893,1.1668792152078178,5
baseline,sqlite-shifter,telemetry,read,lustre,16,10.638114612169483,10.62772234924753,9.987740835257512,11.308711769330099,5
baseline,sqlite-shifter,telemetry,read,tmpfs,16,13.365642270227386,13.364567386431172,13.000360601818585,13.738977471246008,5
baseline,sqlite-shifter,telemetry,read,lustre,64,14.869635091330679,14.862218438872942,14.19447660583418,15.561372430878293,5
baseline,sqlite-shifter,telemetry,read,tmpfs,64,15.252699997854984,15.223288854891337,13.879702206350807,16.69693773785865,5
baseline,postgres,metadata,write,lustre,16,4.950011719143902,4.949212978077143,4.845643020072898,5.054996622924715,5
baseline,postgres,metadata,write,tmpfs,16,5.313669905820598,5.312626502455995,5.187184548140917,5.441102026091066,5
baseline,postgres,metadata,write,lustre,64,5.392260327786047,5.391995744266093,5.309272333958592,5.476008062390421,5
baseline,postgres,metadata,write,tmpfs,64,5.131405934169702,5.130656908158646,4.99852698011021,5.2662795287454145,5
baseline,postgres,metadata,read,lustre,16,11.62832332619497,11.618535707345686,10.994350365485078,12.278158098967486,5
baseline,postgres,metadata,read,tmpfs,16,10.927529811490563,10.896582824824318,9.750405021733538,12.177495908487519,5
baseline,postgres,metadata,read,lustre,64,32.936866860967406,32.936245674688024,32.16604613849139,33.72488724516527,5
baseline,postgres,metadata,read,tmpfs,64,32.37641119768973,32.37019242595751,31.53707491745467,33.22531846837767,5
baseline,postgres,telemetry,write,lustre,16,3.438526061747633,3.436468497750785,3.2361166090180933,3.6492244139548284,5
baseline,postgres,telemetry,write,tmpfs,16,3.505710520064062,3.4816486151769506,2.9503431212983258,4.108632989856866,5
baseline,postgres,telemetry,write,lustre,64,3.474515902169951,3.4718519821713767,3.250471401844546,3.708310179030392,5
baseline,postgres,telemetry,write,tmpfs,64,3.2014127642261228,3.1992304027247505,3.0439646005311842,3.3624159649991685,5
baseline,postgres,telemetry,read,lustre,16,9.98357654315116,9.958792028258872,8.977509199752369,11.04733355938506,5
baseline,postgres,telemetry,read,tmpfs,16,10.544054442772484,10.529233075676128,9.755148748137524,11.364742047944551,5
baseline,postgres,telemetry,read,lustre,64,31.259287190997753,31.16256021309371,27.683783922541608,35.078483553831155,5
baseline,postgres,telemetry,read,tmpfs,64,30.018624458385677,29.888484745270855,26.62131330840324,33.55662848107138,5
baseline,influx,metadata,write,lustre,16,7.962833477468209,7.962402020681869,7.816163408121749,8.111376723915487,5
baseline,influx,metadata,write,tmpfs,16,7.909313271692448,7.90920301270777,7.79721218933662,8.02280235258646,5
baseline,influx,metadata,write,lustre,64,9.604382734104314,9.602165112068521,9.3455643272752,9.86581137431518,5
baseline,influx,metadata,write,tmpfs,64,9.392670374898268,9.388966172581776,9.013913046927103,9.779624601541576,5
baseline,influx,metadata,read,lustre,16,7.124316954864511,7.120818854894316,6.799583665265746,7.457230274735751,5
baseline,influx,metadata,read,tmpfs,16,7.084326993636608,7.083305848306516,6.899884746734568,7.271602871975248,5
baseline,influx,metadata,read,lustre,64,9.70192963335963,9.700087676951012,9.312787935287194,10.103494420184628,5
baseline,influx,metadata,read,tmpfs,64,9.817062974367987,9.79989649517662,9.119801489181253,10.530708528042423,5
baseline,influx,telemetry,write,lustre,16,8.88030952678407,8.876304618133082,8.532934942812322,9.233491665169444,5
baseline,influx,telemetry,write,tmpfs,16,8.72793210154749,8.727240290192656,8.553208991773271,8.904812586249145,5
baseline,influx,telemetry,write,lustre,64,12.57448628478757,12.572124165024348,12.208027085495969,12.947080221387617,5
baseline,influx,telemetry,write,tmpfs,64,11.799884029216265,11.79435661047593,11.288943328462087,12.322397571467658,5
baseline,influx,telemetry,read,lustre,16,5.33545277483747,5.004587165752093,3.211843434574308,7.797980570908527,5
baseline,influx,telemetry,read,tmpfs,16,3.1369755727647837,3.135824882278737,3.0079940451835334,3.2690881513093113,5
baseline,influx,telemetry,read,lustre,64,5.653823010316071,5.7053262211297735,4.731456422172802,6.879646431270063,5
baseline,influx,telemetry,read,tmpfs,64,5.327796662121309,5.311701613909764,4.690171966460723,6.015594787775436,5
