deployment,workload,storage,clients,repetition,read_queries,queries_per_client,read_wall_ms,read_queries_per_s,mean_query_latency_ms,p99_query_latency_ms,sum_query_latency_s,aggregate_backend_call_fraction,read_client_cpu_s,read_client_core_equivalents
sqlite-native,metadata,lustre,16,1,1024,64,28.771564015187323,35590.696406336225,0.3831107887890539,0.5490692041348666,0.3923054477199912,0.852198735861451,0.28761200000000003,9.99639782697185
sqlite-native,metadata,lustre,64,1,1024,16,28.15710101276636,36367.38027596381,1.5227445366008396,1.7423526663333178,1.5592904054792598,0.8652848379017035,0.36067700000000014,12.809450796673637
sqlite-native,metadata,tmpfs,64,1,1024,16,13.890189002268016,73721.0991033167,0.6904084618781781,0.8485424786340445,0.7069782649632543,0.7952761037482751,0.736035,52.98955974463838
sqlite-native,metadata,lustre,1,1,1024,1024,255.1184839103371,4013.8212814085664,0.22952802703457564,0.2585311396978795,0.23503669968340546,0.9212844795911005,0.169784,0.6655103832447969
sqlite-native,metadata,tmpfs,1,1,1024,1024,88.27646204736084,11599.921159624839,0.07436478688305215,0.09128891048021615,0.0761495417682454,0.8626256648957082,0.08818000000000001,0.9989072732966
sqlite-native,metadata,tmpfs,16,1,1024,64,7.596101961098611,134805.98407500845,0.09504500155799178,0.17980949603952467,0.09732608159538358,0.8007896854022372,0.11484800000000003,15.119333651412672
sqlite-native,metadata,tmpfs,1,2,1024,1024,85.8075519790873,11933.68155112461,0.07195791386038763,0.08624124922789633,0.07368490379303694,0.8587228290931217,0.08574000000000001,0.9992127501888908
sqlite-native,metadata,tmpfs,64,2,1024,16,11.88687200192362,86145.45524123494,0.5188247884007069,0.7015102286823094,0.5312765833223239,0.6983499623002544,0.563078,47.369736959300866
sqlite-native,metadata,tmpfs,16,2,1024,64,11.706305085681379,87474.22799124809,0.10358037764035544,0.19472593208774916,0.10606630670372397,0.5662883480707518,0.12542799999999993,10.714567840318614
sqlite-native,metadata,lustre,16,2,1024,64,29.26159999333322,34994.66878890087,0.38521402166225016,0.6107150076422836,0.39445915818214417,0.8425273188069331,0.29119100000000003,9.951301366512533
sqlite-native,metadata,lustre,1,2,1024,1024,255.02857193350792,4015.2363801299152,0.23006671767689113,0.2586581325158477,0.23558831890113652,0.9237722546733315,0.16991699999999998,0.6662665234399753
sqlite-native,metadata,lustre,64,2,1024,16,28.19643693510443,36316.64533915365,1.566395063832715,1.769540203968063,1.6039885453647003,0.8888470936595882,0.3544479999999999,12.570666315597975
sqlite-native,metadata,lustre,1,3,1024,1024,269.88044602330774,3794.272668096762,0.2433342394851934,0.27880997979082167,0.24917426123283803,0.9232764540907812,0.17691,0.6555124782353497
sqlite-native,metadata,lustre,64,3,1024,16,28.229526011273265,36274.07699268747,1.5400994590208938,1.7560808616690338,1.5770618460373953,0.8729013492643785,0.355225,12.583456054421296
sqlite-native,metadata,tmpfs,1,3,1024,1024,85.6769799720496,11951.868522140481,0.07195815862814925,0.08296377724036574,0.07368515443522483,0.8600344510189685,0.08558299999999999,0.9989030895804186
sqlite-native,metadata,tmpfs,16,3,1024,64,7.834411924704909,130705.40709902358,0.09945774581865408,0.15512179932557046,0.10184473171830177,0.8124790722736495,0.11890800000000003,15.177654831377636
sqlite-native,metadata,tmpfs,64,3,1024,16,14.099748921580613,72625.4067143493,0.7462263620254816,0.885513803223148,0.7641357947140932,0.8467967662979667,0.7911190000000002,56.10872962348567
sqlite-native,metadata,lustre,16,3,1024,64,27.89418399333954,36710.16152487223,0.37401622523702827,0.557878337567672,0.38299261464271694,0.8581372525858939,0.28095099999999995,10.072027920482789
sqlite-native,metadata,tmpfs,1,4,1024,1024,87.00058504473418,11770.035793132622,0.07292091834187886,0.0924501777626574,0.07467102038208395,0.8582818189520153,0.08693399999999998,0.9992346598048741
sqlite-native,metadata,lustre,16,4,1024,64,28.45174097456038,35990.76769732971,0.3749187965240708,0.561851414386183,0.3839168476406485,0.8433509569412662,0.28246299999999996,9.927793179776213
sqlite-native,metadata,lustre,64,4,1024,16,28.44413695856929,36000.38916601765,1.5578951174575195,1.7572641815058885,1.5952846002765,0.8763254766923356,0.36030699999999993,12.667179901601873
sqlite-native,metadata,lustre,1,4,1024,1024,252.0841360092163,4062.1358258044534,0.2268540431487054,0.2498328103683889,0.23229854018427432,0.9215119359029454,0.17144199999999998,0.6800983303198896
sqlite-native,metadata,tmpfs,64,4,1024,16,14.02310305275023,73022.35433541735,0.7130765091005742,0.8989555528387427,0.730190345318988,0.8136019611844466,0.757077,53.98783686835426
sqlite-native,metadata,tmpfs,16,4,1024,64,7.8052530298009515,131193.69687187628,0.09621736705867079,0.15540225198492405,0.09852658386807889,0.7889445054815819,0.11593200000000002,14.85307389233434
sqlite-native,metadata,tmpfs,64,5,1024,16,13.649918022565544,75018.76555647886,0.6844027224133242,0.854196394793689,0.700828387751244,0.8022351152959539,0.7303839999999997,53.508306701370344
sqlite-native,metadata,tmpfs,1,5,1024,1024,89.6327500231564,11424.395656001318,0.07587823927224235,0.09196763741783798,0.07769931701477617,0.866863027126834,0.08955599999999998,0.9991437278992713
sqlite-native,metadata,lustre,1,5,1024,1024,250.9928320068866,4079.797784710856,0.2257543549148977,0.2548136550467461,0.23117245943285525,0.921032117070628,0.17044499999999999,0.6790831381006267
sqlite-native,metadata,lustre,16,5,1024,64,28.282733052037656,36205.83619397507,0.37574889506686304,0.5466937553137541,0.38476686854846776,0.8502689340536231,0.283139,10.011019779419831
sqlite-native,metadata,tmpfs,16,5,1024,64,11.858897982165217,86348.66423001612,0.10328470148124325,0.19344524946063754,0.10576353431679308,0.5574060005188326,0.12452599999999998,10.500638439362291
sqlite-native,metadata,lustre,64,5,1024,16,28.605962987057865,35796.73232686787,1.5420170911966125,1.7567605676595122,1.5790255013853312,0.8624870790159459,0.3575009999999998,12.4974293003785
sqlite-shifter,metadata,lustre,16,1,1024,64,30.104878009296954,34014.4211739961,0.3941375927070112,0.6728622259106486,0.4035968949319795,0.8378976299275759,0.3042949999999999,10.107830362442522
sqlite-shifter,metadata,lustre,64,1,1024,16,28.57767406385392,35832.167366454516,1.5386595956670135,1.858725865604356,1.5755874259630218,0.8614610648740885,0.39515199999999995,13.827297460145735
sqlite-shifter,metadata,tmpfs,64,1,1024,16,14.910512021742761,68676.38069750964,0.803016236318399,0.9905544004868715,0.8222886259900406,0.8616913867450584,0.843986,56.60342171813318
sqlite-shifter,metadata,lustre,1,1,1024,1024,264.20947804581374,3875.7125882608916,0.237964094480958,0.26743271388113493,0.243675232748501,0.9222804365339531,0.182441,0.6905164846825247
sqlite-shifter,metadata,tmpfs,1,1,1024,1024,90.83640598692,11273.013158924969,0.076665783012686,0.08555359207093714,0.07850576180499047,0.8642543807412957,0.090747,0.9990157472001603
sqlite-shifter,metadata,tmpfs,16,1,1024,64,7.970425998792052,128474.93975293053,0.10180301489981503,0.2176985959522426,0.10424628725741059,0.8174460128700265,0.121076,15.190656060083805
sqlite-shifter,metadata,tmpfs,1,2,1024,1024,90.42848495300859,11323.865489199829,0.07608150849591766,0.0836616160813719,0.07790746469981968,0.8615367684231856,0.09033799999999999,0.9989993755501309
sqlite-shifter,metadata,tmpfs,64,2,1024,16,15.378135023638606,66588.04844839452,0.8245312402550553,0.9921212156768888,0.8443199900211766,0.8578738464581006,0.8637099999999999,56.164807934924625
sqlite-shifter,metadata,tmpfs,16,2,1024,64,8.534817956387997,119979.1261199161,0.10706253806347377,0.23749958490952836,0.10963203897699714,0.8028293598147398,0.126313,14.799729841391565
sqlite-shifter,metadata,lustre,16,2,1024,64,28.814909979701042,35537.157697919836,0.38935248596772,0.6442390254233031,0.39869694563094527,0.8647800433694991,0.29833899999999997,10.353632900820024
sqlite-shifter,metadata,lustre,1,2,1024,1024,272.96606393065304,3751.382077517691,0.24419114936335973,0.27373921941034496,0.25005173694808036,0.9160543012101532,0.184992,0.6777106184415553
sqlite-shifter,metadata,lustre,64,2,1024,16,29.36727798078209,34868.74066674154,1.5690639011154417,1.863373942906037,1.6067214347422123,0.8548637852740646,0.3960390000000001,13.485723813394197
sqlite-shifter,metadata,lustre,1,3,1024,1024,265.49684605561197,3856.9196403391893,0.23910417974093434,0.265607382170856,0.24484268005471677,0.9222056069300013,0.18003799999999998,0.6781172834056512
sqlite-shifter,metadata,lustre,64,3,1024,16,28.3521160017699,36117.23371673832,1.5386735900619897,1.8111520365346223,1.5756017562234774,0.8683224010319015,0.39002600000000004,13.756504099223225
sqlite-shifter,metadata,tmpfs,1,3,1024,1024,91.31030307617038,11214.506638377783,0.07717244238847343,0.08724504150450228,0.07902458100579679,0.8654508674653622,0.091194,0.9987262874806869
sqlite-shifter,metadata,tmpfs,16,3,1024,64,7.6954279793426394,133066.02345558855,0.09785842473775119,0.20065428572706875,0.10020702693145722,0.8138519650925341,0.11653400000000003,15.143277321653866
sqlite-shifter,metadata,tmpfs,64,3,1024,16,15.270955977030098,67055.39597784552,0.8174506316436236,0.9995851677376777,0.8370694468030706,0.8564761843312987,0.8621459999999997,56.45658341866756
sqlite-shifter,metadata,lustre,16,3,1024,64,30.853619915433228,33188.974350714256,0.40679091750916996,0.740696006687358,0.41655389952939004,0.84381083295721,0.30750200000000005,9.966480459759119
sqlite-shifter,metadata,tmpfs,1,4,1024,1024,91.00332402158529,11252.336230675652,0.07682773514261498,0.08515237714163959,0.07867160078603774,0.8644915076659996,0.090888,0.9987327493492663
sqlite-shifter,metadata,lustre,16,4,1024,64,29.339198023080826,34902.11283875007,0.3833460850728443,0.583165279822424,0.39254639111459255,0.8362242698440935,0.29220199999999996,9.95944060127778
sqlite-shifter,metadata,lustre,64,4,1024,16,28.937338036485016,35386.80713163428,1.5618038947877722,1.891921377973631,1.5992871882626787,0.8635508312857834,0.40304699999999993,13.928268021468556
sqlite-shifter,metadata,lustre,1,4,1024,1024,265.3448539786041,3859.1289208969156,0.23937211801694502,0.26859268080443144,0.2451170488493517,0.9237678634955422,0.18091200000000002,0.6817995423215848
sqlite-shifter,metadata,tmpfs,64,4,1024,16,13.311221031472087,76927.57843769017,0.6992582025304728,0.933005125261843,0.7160403993912041,0.8405037534900185,0.7424080000000001,55.773095364031924
sqlite-shifter,metadata,tmpfs,16,4,1024,64,7.952330051921308,128767.29126108119,0.09913469921229989,0.1792292681057006,0.10151393199339509,0.7978316679718686,0.11789400000000001,14.825088902279207
sqlite-shifter,metadata,tmpfs,64,5,1024,16,14.895564992912114,68745.29435353803,0.7898538169683889,0.9779910196084529,0.8088103085756302,0.8484177053712102,0.8310560000000002,55.792177094017504
sqlite-shifter,metadata,tmpfs,1,5,1024,1024,90.47612699214369,11317.90267822712,0.07611922126216086,0.08730121422559022,0.07794608257245272,0.861509938187573,0.090362,0.998738595517538
sqlite-shifter,metadata,lustre,1,5,1024,1024,268.56108696665615,3812.9127773717164,0.24239818355908938,0.2662494487594813,0.24821573996450752,0.9242431313041466,0.18386599999999997,0.6846338093010038
sqlite-shifter,metadata,lustre,16,5,1024,64,30.452197999693453,33626.472545932746,0.39741117507219315,0.6614313030149787,0.4069490432739258,0.8352209980007484,0.3046190000000001,10.003185977020987
sqlite-shifter,metadata,tmpfs,16,5,1024,64,8.316357037983835,123130.83665396021,0.10536947092987248,0.24748107069171962,0.10789833823218942,0.8108894445862711,0.12498799999999999,15.029176769243339
sqlite-shifter,metadata,lustre,64,5,1024,16,28.247763984836638,36250.656885609846,1.537955410867653,1.800215148832649,1.5748663407284766,0.8711233422614125,0.39320699999999986,13.91993363478514
postgres,metadata,lustre,16,1,1024,64,21.64653199724853,47305.4991039747,0.24216297174461943,1.5065389068331565,0.2479748830664903,0.715977515180059,0.13392700000000002,6.186995682126973
postgres,metadata,lustre,64,1,1024,16,14.339823042973876,71409.52834154617,0.525019560200235,2.0464869646821167,0.5376200296450406,0.5858031119372624,0.261849,18.260267174517114
postgres,metadata,tmpfs,64,1,1024,16,15.600899001583457,65637.24307785508,0.5738780058663906,2.638424913166091,0.587651078007184,0.5885589088763598,0.26855700000000016,17.214200282480018
postgres,metadata,lustre,1,1,1024,1024,180.77611702028662,5664.465068054798,0.16097737079689978,0.24814565549604586,0.16484082769602537,0.9118506936263434,0.10098100000000002,0.5585970185910563
postgres,metadata,tmpfs,1,1,1024,1024,162.2589590260759,6310.8996023784275,0.1430586886499441,0.2013363502919673,0.14649209717754275,0.9028290213177115,0.09727199999999998,0.5994861583228069
postgres,metadata,tmpfs,16,1,1024,64,20.701884990558028,49464.094717318665,0.24675031977494655,1.3552932266611604,0.25267232744954526,0.7628300743047891,0.15397500000000006,7.437728500096821
postgres,metadata,tmpfs,1,2,1024,1024,160.2290190057829,6390.8523334530455,0.14104216938903846,0.20807419321499757,0.1444271814543754,0.9013796773552162,0.09676799999999998,0.6039355455113127
postgres,metadata,tmpfs,64,2,1024,16,12.444750987924635,82283.6873950797,0.5019573876552386,1.9964337011333555,0.5140043649589643,0.6453578870542889,0.2804620000000002,22.536569857616076
postgres,metadata,tmpfs,16,2,1024,64,18.41057394631207,55620.21059126858,0.22238128065055207,1.3437653495930133,0.22771843138616532,0.7730558538337317,0.13353699999999996,7.253277404029522
postgres,metadata,lustre,16,2,1024,64,23.450913024134934,43665.677278583215,0.2537579075578833,1.46086168824695,0.2598480973392725,0.6925319311444428,0.1427800000000001,6.088462306480582
postgres,metadata,lustre,1,2,1024,1024,180.31030392739922,5679.0986299502165,0.16040623756907735,0.251860936405137,0.1642559872707352,0.9109628440140161,0.10185899999999999,0.5649094798321279
postgres,metadata,lustre,64,2,1024,16,16.00394188426435,63984.23634659868,0.5704884252963893,2.1697256178595126,0.5841801475035027,0.5703479099556731,0.259829,16.235312642285535
postgres,metadata,lustre,1,3,1024,1024,171.67064698878676,5964.910239237847,0.15235199055041448,0.2321928448509423,0.15600843832362443,0.9087659484024351,0.096186,0.5602938049524722
postgres,metadata,lustre,64,3,1024,16,17.192709958180785,59560.12766403655,0.5409621022636202,2.094691575039178,0.5539451927179471,0.503433935503544,0.264534,15.386405089334222
postgres,metadata,tmpfs,1,3,1024,1024,162.8101320238784,6289.534854316167,0.14333819979128748,0.20429395721293978,0.14677831658627838,0.901530603542237,0.097667,0.599882813102048
postgres,metadata,tmpfs,16,3,1024,64,22.933120955713093,44651.576293409,0.2889804492269832,1.4821616292465478,0.2959159800084308,0.8064645359976405,0.183933,8.02040857653867
postgres,metadata,tmpfs,64,3,1024,16,17.43643602821976,58727.597677800746,0.576279656229417,2.3297041398473084,0.590110367978923,0.5288049968897269,0.2725439999999999,15.630717169432149
postgres,metadata,lustre,16,3,1024,64,22.451487951911986,45609.449235314285,0.27652657388443913,1.3820799242239443,0.28316321165766567,0.788264045862357,0.16030300000000008,7.139972207781826
postgres,metadata,tmpfs,1,4,1024,1024,156.8467530887574,6528.665591314681,0.13781148118141573,0.20463149994611732,0.1411189567297697,0.8997250752772195,0.09637699999999999,0.6144660192325536
postgres,metadata,lustre,16,4,1024,64,22.39299495704472,45728.58619243581,0.27068817587405647,1.608202861389145,0.2771846920950338,0.773636723858126,0.15513500000000008,6.927836151331576
postgres,metadata,lustre,64,4,1024,16,15.805520000867546,64787.491961276435,0.5487580095859812,2.096628699218854,0.5619282018160447,0.5555102364802783,0.2712349999999998,17.160776740348435
postgres,metadata,lustre,1,4,1024,1024,172.5849659414962,5933.309395831855,0.15319720807838166,0.23129202891141173,0.15687394107226282,0.9089664341066697,0.09789400000000001,0.5672220605425426
postgres,metadata,tmpfs,64,4,1024,16,13.210027012974024,77516.87403775135,0.47426627679669764,1.9253322680015115,0.4856486674398184,0.5744318631062957,0.25937699999999975,19.63485765360333
postgres,metadata,tmpfs,16,4,1024,64,19.043516949750483,53771.58025494954,0.22667094629014173,1.3882851286325602,0.23211104900110513,0.761778436244107,0.143256,7.522560059573292
postgres,metadata,tmpfs,64,5,1024,16,18.279112060554326,56020.226617558495,0.4826832528124214,2.0724722242448474,0.49426765087991953,0.4225003938601895,0.2660860000000001,14.55683400367156
postgres,metadata,tmpfs,1,5,1024,1024,167.06021002028137,6129.526593290436,0.14799863527059642,0.20747656235471368,0.15155060251709074,0.9071615706618126,0.09976599999999998,0.5971858887755991
postgres,metadata,lustre,1,5,1024,1024,179.0747360792011,5718.282893613233,0.15937911416585848,0.24430590332485727,0.16320421290583909,0.911374862133859,0.10173299999999999,0.568103587515581
postgres,metadata,lustre,16,5,1024,64,23.576052975840867,43433.903081628014,0.2833473354257876,1.6006209596525878,0.2901476714760065,0.7691800440825752,0.16622199999999993,7.050459216830438
postgres,metadata,tmpfs,16,5,1024,64,23.333068005740643,43886.213323857155,0.2741934672485513,1.5254769090097393,0.28077411046251655,0.7520820622298726,0.17378900000000005,7.448184694667786
postgres,metadata,lustre,64,5,1024,16,14.964909991249442,68426.73965956175,0.547325396269116,1.9844701001420608,0.5604612057795748,0.5851826937433323,0.26512999999999975,17.71677879486288
sqlite-native,telemetry,lustre,16,1,1024,64,39.67019100673497,25812.83260839736,0.4081037837977419,0.6204018334392458,0.41789827460888773,0.6583946661265436,0.41590200000000005,10.483992878415703
sqlite-native,telemetry,lustre,64,1,1024,16,29.206744977273047,35060.39446699096,1.468332060994726,1.6893727693241087,1.5035720304585993,0.804379707296952,0.5360679999999998,18.35425345813565
sqlite-native,telemetry,tmpfs,64,1,1024,16,15.682789962738752,65294.50451309714,0.6981978766589236,0.8806127915158868,0.7149546256987378,0.712320068883452,0.8358,53.294088742232994
sqlite-native,telemetry,lustre,1,1,1024,1024,375.00583298970014,2730.624192792556,0.26862699098728626,0.3157721471507102,0.27507403877098113,0.7335193604269518,0.27928699999999995,0.744753748957475
sqlite-native,telemetry,tmpfs,1,1,1024,1024,169.25794701091945,6049.937495306723,0.08149648806465848,0.11301061138510704,0.08345240377821028,0.4930486588781941,0.16918699999999998,0.9995808349789632
sqlite-native,telemetry,tmpfs,16,1,1024,64,24.672501953318715,41503.695163848635,0.1279783688232783,0.2526476548518985,0.13104984967503697,0.33197345045049576,0.240166,9.734156692110226
sqlite-native,telemetry,tmpfs,1,2,1024,1024,169.7105219354853,6033.803846229812,0.08210897726712574,0.09923358331434429,0.08407959272153676,0.49542946284437944,0.16962699999999997,0.9995078564691641
sqlite-native,telemetry,tmpfs,64,2,1024,16,14.814771013334394,69120.20436079126,0.39914760532155924,0.5818296025972811,0.40872714784927666,0.4310806882804161,0.569744,38.45783370442838
sqlite-native,telemetry,tmpfs,16,2,1024,64,14.444214990362525,70893.43385453855,0.11794839849699201,0.20831036265008146,0.12077916006091982,0.5226104366934536,0.21984700000000001,15.220418703729239
sqlite-native,telemetry,lustre,16,2,1024,64,40.41221097577363,25338.87593069008,0.39932246215812484,0.6298534804955124,0.40890620124991983,0.6323988953101506,0.42115900000000006,10.421577781341314
sqlite-native,telemetry,lustre,1,2,1024,1024,374.8159440001473,2732.007579697831,0.26867189467338903,0.31562386429868633,0.27512002014555037,0.734013652699476,0.279815,0.7465397469854965
sqlite-native,telemetry,lustre,64,2,1024,16,28.982958057895303,35331.10726498292,1.454898165548002,1.6708973213098943,1.489815721521154,0.8031744241656772,0.532991,18.389806828389172
sqlite-native,telemetry,lustre,1,3,1024,1024,365.326001890935,2802.9759576371644,0.25935969154033955,0.3080180170945822,0.2655843241373077,0.7269789797677628,0.27427,0.750754117090962
sqlite-native,telemetry,lustre,64,3,1024,16,29.177131014876068,35095.97977532163,1.4446555867380084,1.6787406243383882,1.4793273208197206,0.7922125508509773,0.5489379999999998,18.81398139248584
sqlite-native,telemetry,tmpfs,1,3,1024,1024,169.43629796151072,6043.569248854886,0.08129265131628927,0.11286674882285296,0.08324367494788021,0.4912977676530085,0.16936099999999998,0.9995555972219846
sqlite-native,telemetry,tmpfs,16,3,1024,64,24.18555598706007,42339.32023509684,0.1359227917419048,0.26403687777929,0.13918493874371052,0.35967991292555523,0.25929399999999997,10.721027051796092
sqlite-native,telemetry,tmpfs,64,3,1024,16,12.761406949721277,80241.93602119751,0.4834661963286635,0.6823402584996074,0.4950693850405514,0.6061603686596302,0.637076,49.92208167250042
sqlite-native,telemetry,lustre,16,3,1024,64,35.98422999493778,28456.910156033773,0.3911048557938557,0.6259742379188538,0.4004913723329082,0.6956022339321435,0.413316,11.486031521534429
sqlite-native,telemetry,tmpfs,1,4,1024,1024,169.4571180269122,6042.826715826562,0.08198786133561953,0.1128910051193088,0.0839555700076744,0.4954384388523653,0.16934099999999996,0.9993147645359234
sqlite-native,telemetry,lustre,16,4,1024,64,35.83022195380181,28579.225697242637,0.3829209579180315,0.6187035178299992,0.39211106090806425,0.6839740300339857,0.40466499999999994,11.293957389428408
sqlite-native,telemetry,lustre,64,4,1024,16,30.86390404496342,33177.91548691337,1.519403938459618,1.8078357307240367,1.555869632982649,0.7876664915733833,0.5761339999999998,18.666919102673184
sqlite-native,telemetry,lustre,1,4,1024,1024,364.5981049630791,2808.571920865291,0.259542588196382,0.302779150661081,0.26577161031309515,0.7289440254770617,0.27468800000000004,0.7533994177721144
sqlite-native,telemetry,tmpfs,64,4,1024,16,14.068197109736502,72788.28921804747,0.5956193399470067,0.7370193302631378,0.6099142041057348,0.6774080121863321,0.7448349999999998,52.94459511691833
sqlite-native,telemetry,tmpfs,16,4,1024,64,14.216253068298101,72030.23153009953,0.1164103085784518,0.2439240203239023,0.11920415598433465,0.5240663424622634,0.21704800000000002,15.267595403461955
sqlite-native,telemetry,tmpfs,64,5,1024,16,13.288447982631624,77059.41290799323,0.5332632244972046,0.6979256356135011,0.5460615418851376,0.642077359455906,0.6849219999999995,51.54266328883643
sqlite-native,telemetry,tmpfs,1,5,1024,1024,173.78464003559202,5892.350438970207,0.08097604359136312,0.11086277547292411,0.08291946863755584,0.4771392260016391,0.173723,0.9996453079191613
sqlite-native,telemetry,lustre,1,5,1024,1024,365.2253489708528,2803.748433358938,0.25948773838990746,0.3056324855424464,0.26571544411126524,0.727538339986557,0.27652699999999997,0.7571407646791475
sqlite-native,telemetry,lustre,16,5,1024,64,41.264361003413796,24815.602982808447,0.4364509244396686,0.6894619145896286,0.44692574662622064,0.676924553898409,0.44395100000000004,10.758702890449994
sqlite-native,telemetry,tmpfs,16,5,1024,64,25.735519942827523,39789.36513716671,0.13055941872153198,0.25933662895113224,0.13369284477084875,0.3246797739754547,0.243929,9.47830082865619
sqlite-native,telemetry,lustre,64,5,1024,16,28.925420017912984,35401.38740823316,1.429996935712552,1.6914798691868782,1.4643168621696532,0.7909980549022865,0.5316299999999999,18.379335534999015
sqlite-shifter,telemetry,lustre,16,1,1024,64,41.125006042420864,24899.69239016606,0.40523639097500563,0.7037607277743518,0.41496206435840577,0.6306413425361691,0.43734300000000004,10.634478680656636
sqlite-shifter,telemetry,lustre,64,1,1024,16,29.75386707112193,34415.69452307794,1.4556819943436494,1.8363079440314318,1.490618362207897,0.7827860443761859,0.5986880000000001,20.121350901008288
sqlite-shifter,telemetry,tmpfs,64,1,1024,16,13.802053988911211,74191.85585150571,0.5318658221540318,0.7887801202014089,0.5446306018857285,0.6165642563999141,0.690118,50.00110857082951
sqlite-shifter,telemetry,lustre,1,1,1024,1024,388.5586579563096,2635.3807308937658,0.2678347428854977,0.29825556091964245,0.27426277671474963,0.7058465204643267,0.298494,0.7682083358275427
sqlite-shifter,telemetry,tmpfs,1,1,1024,1024,187.74906895123422,5454.088298387103,0.0885390293206001,0.10490916785784066,0.0906639660242945,0.4828996837680376,0.187696,0.9997173410684236
sqlite-shifter,telemetry,tmpfs,16,1,1024,64,26.65212599094957,38420.9499965491,0.1278584419424078,0.2684774971567092,0.1309270445490256,0.3070276752816204,0.2551,9.57146908605437
sqlite-shifter,telemetry,tmpfs,1,2,1024,1024,187.1003940468654,5472.997559500092,0.08864993640145258,0.09721423150040209,0.09077753487508744,0.4851808855749884,0.18699,0.9994099742684788
sqlite-shifter,telemetry,tmpfs,64,2,1024,16,13.796783052384853,74220.2001808672,0.5631841082731626,0.7760046340990812,0.5767005268717185,0.6531193321049581,0.716982,51.96733160749857
sqlite-shifter,telemetry,tmpfs,16,2,1024,64,15.33333701081574,66782.59267879503,0.11840765353099414,0.23463852470740676,0.121249437215738,0.4942231309882667,0.23410199999999998,15.267518077432882
sqlite-shifter,telemetry,lustre,16,2,1024,64,37.295640096999705,27456.292406746412,0.3824092134436796,0.7628035848028951,0.39158703456632793,0.656221198958973,0.41734199999999994,11.190101548453475
sqlite-shifter,telemetry,lustre,1,2,1024,1024,390.44958306476474,2622.617732005996,0.26939777455936564,0.3136049828026443,0.2758633211487904,0.7065273805223461,0.301706,0.7727143607935556
sqlite-shifter,telemetry,lustre,64,2,1024,16,31.17186203598976,32850.13897526338,1.472165364475586,1.8327368679456408,1.5074973332230002,0.7556380752748791,0.6513000000000002,20.893843275965864
sqlite-shifter,telemetry,lustre,1,3,1024,1024,399.61815101560205,2562.4461686677005,0.27598116241733806,0.3109833819326013,0.28260471031535417,0.7071868722607663,0.307592,0.7697147870242532
sqlite-shifter,telemetry,lustre,64,3,1024,16,30.476795975118876,33599.332450694266,1.4537562664145298,1.8323031801264733,1.4886464168084785,0.7632068765240914,0.6365329999999998,20.885824104333757
sqlite-shifter,telemetry,tmpfs,1,3,1024,1024,188.06504900567234,5444.924537621632,0.08779089330346324,0.10072388686239718,0.08989787474274635,0.4780147891277496,0.187983,0.9995637200739524
sqlite-shifter,telemetry,tmpfs,16,3,1024,64,14.979411964304745,68360.49388588453,0.11431593725319544,0.197336288401857,0.11705951974727213,0.4884183706035141,0.22906900000000002,15.292255833931332
sqlite-shifter,telemetry,tmpfs,64,3,1024,16,14.870099956169724,68863.02062651126,0.6367802160411884,0.8011641458142549,0.6520629412261769,0.685165767996854,0.7818399999999999,52.57799223303863
sqlite-shifter,telemetry,lustre,16,3,1024,64,39.846785948611796,25698.434029800956,0.40039969985627977,0.7069012371357527,0.4100092926528305,0.6431028295192943,0.434416,10.90215909911134
sqlite-shifter,telemetry,tmpfs,1,4,1024,1024,188.55743191670626,5430.706122749613,0.08949934363045031,0.10413061711005865,0.09164732787758112,0.4860446334359581,0.188444,0.9993984224564727
sqlite-shifter,telemetry,lustre,16,4,1024,64,39.08579400740564,26198.776972676602,0.39360978632885235,0.7246985321398824,0.4030564212007448,0.6445059378932809,0.42848200000000003,10.962601908990642
sqlite-shifter,telemetry,lustre,64,4,1024,16,30.127361067570746,33989.03733066216,1.450589162459437,1.7822132527362555,1.4854033023584634,0.7703770186607464,0.6059509999999999,20.112979648000064
sqlite-shifter,telemetry,lustre,1,4,1024,1024,394.6357020176947,2594.798176557492,0.2749087437905473,0.31779724638909096,0.28150655364152044,0.7133327071074229,0.304484,0.7715571562411438
sqlite-shifter,telemetry,tmpfs,64,4,1024,16,14.4245590781793,70990.03820151788,0.6074637079791501,0.8109325950499623,0.6220428369706497,0.6738104974293057,0.7640590000000005,52.96931406075545
sqlite-shifter,telemetry,tmpfs,16,4,1024,64,14.887384022586048,68783.07152193174,0.11486881203381927,0.1951672974973917,0.11762566352263093,0.49381435711009525,0.23003200000000001,15.45147217610645
sqlite-shifter,telemetry,tmpfs,64,5,1024,16,13.881028047762811,73769.75224576662,0.5761903732945939,0.7545643358025699,0.5900189422536641,0.6641472044427807,0.729843,52.57845438311235
sqlite-shifter,telemetry,tmpfs,1,5,1024,1024,186.86462799087167,5479.90280991019,0.08846093533065869,0.10590675286948681,0.0905839977785945,0.4847573280857601,0.186774,0.9995150072443025
sqlite-shifter,telemetry,lustre,1,5,1024,1024,395.3081979416311,2590.3839215375897,0.27510009681464,0.3312621498480439,0.28170249913819134,0.7126148676020777,0.30419,0.7695008643481634
sqlite-shifter,telemetry,lustre,16,5,1024,64,40.02626508008689,25583.201379172428,0.4054691312376235,0.7245002803392708,0.4152003903873265,0.6483249023431384,0.434485,10.854997315654035
sqlite-shifter,telemetry,tmpfs,16,5,1024,64,14.961829059757292,68440.83005561428,0.11621615999501955,0.24409113917499778,0.11900534783490002,0.49712065349595075,0.231904,15.499709231657397
sqlite-shifter,telemetry,lustre,64,5,1024,16,30.979640898294747,33053.9660986311,1.5162181471168878,2.407965431921184,1.5526073826476932,0.7830784880145448,0.6353160000000002,20.507532740154222
postgres,telemetry,lustre,16,1,1024,64,35.37172800861299,28949.674150797968,0.32528886492855236,2.6742828416172415,0.3330957976868376,0.5885629152852827,0.2552870000000001,7.217261196225356
postgres,telemetry,lustre,64,1,1024,16,16.83850900735706,60812.98525615274,0.6749389502829217,3.8259189773816615,0.6911374850897118,0.6413289442556019,0.4526260000000002,26.880408461475977
postgres,telemetry,tmpfs,64,1,1024,16,16.836053924635053,60821.85318387763,0.5789716882418361,2.690969003597274,0.5928670087596402,0.5502207971854176,0.43950399999999995,26.104929454811476
postgres,telemetry,lustre,1,1,1024,1024,257.72322400007397,3973.254657095653,0.18365399853337294,0.2669846336357295,0.1880616944981739,0.7297041049669623,0.17562399999999997,0.6814442147439129
postgres,telemetry,tmpfs,1,1,1024,1024,248.72709694318473,4116.961973925609,0.17636733537074178,0.22468391107395252,0.1806001514196396,0.7260976131639288,0.17557299999999998,0.7058860982891023
postgres,telemetry,tmpfs,16,1,1024,64,31.93941793870181,32060.69697216345,0.2971086744310014,2.251059962436557,0.30423928261734545,0.5953444486708439,0.262193,8.2090725793188
postgres,telemetry,tmpfs,1,2,1024,1024,236.6599270608276,4326.883780948711,0.16502886762737035,0.20803363760933277,0.16898956045042723,0.7140607307252006,0.17097299999999999,0.722441699882953
postgres,telemetry,tmpfs,64,2,1024,16,14.36756900511682,71271.6256755277,0.5597338675897845,3.2745290920138355,0.5731674804119393,0.6233303545121017,0.42331699999999994,29.463369888757185
postgres,telemetry,tmpfs,16,2,1024,64,31.03656100574881,32993.346131690545,0.29608438126160763,2.310367267346009,0.3031904064118862,0.6105509046969781,0.25350100000000003,8.167818591532896
postgres,telemetry,lustre,16,2,1024,64,35.38254997693002,28940.819716715276,0.33186324981215876,2.6113945117685944,0.33982796780765057,0.6002746552135582,0.254555,7.194365588855915
postgres,telemetry,lustre,1,2,1024,1024,252.62954703066498,4053.3659345702094,0.17976233186800528,0.23046003887429783,0.1840766278328374,0.7286425123126773,0.17147999999999997,0.6787804594336908
postgres,telemetry,lustre,64,2,1024,16,19.45350901223719,52638.318328886315,0.7216966944270098,4.091360667953267,0.739017415093258,0.5935765677836552,0.4570809999999994,23.496069511802396
postgres,telemetry,lustre,1,3,1024,1024,253.58695804607123,4038.0625560954973,0.1811124813002607,0.27113151736557445,0.18545918085146695,0.7313435291801287,0.17195,0.6780711489459187
postgres,telemetry,lustre,64,3,1024,16,15.498872031457722,66069.32413672488,0.5550120916950618,2.1871076326351613,0.5683323818957433,0.5729574029062924,0.3669349999999999,23.674948683700332
postgres,telemetry,tmpfs,1,3,1024,1024,255.66518201958388,4005.238382133559,0.1810306197285172,0.21633950294926751,0.1853753546020016,0.7250707864780818,0.17999900000000002,0.7040418979938072
postgres,telemetry,tmpfs,16,3,1024,64,31.593927065841854,32411.292140606023,0.2868364028927317,2.254270422272384,0.2937204765621573,0.5810461531698061,0.24089000000000005,7.624566566162682
postgres,telemetry,tmpfs,64,3,1024,16,19.349804031662643,52920.43259582367,0.5864164545528183,2.618415489559993,0.600490449462086,0.48489706962881746,0.41725799999999985,21.563939320379088
postgres,telemetry,lustre,16,3,1024,64,34.47342000436038,29704.04444556064,0.32781715128749056,2.754855860257521,0.33568476291839033,0.6085934519912936,0.2496099999999999,7.240650912164442
postgres,telemetry,tmpfs,1,4,1024,1024,240.41469395160675,4259.307046374302,0.1681321462001506,0.21357290563173573,0.17216731770895422,0.7161264350323359,0.172821,0.7188454131459505
postgres,telemetry,lustre,16,4,1024,64,31.97143494617194,32028.590575432005,0.31418590344856057,2.77113270247355,0.321726365131326,0.6289332291328847,0.248349,7.767840274236291
postgres,telemetry,lustre,64,4,1024,16,16.386287985369563,62491.273247136545,0.7089997681077875,4.078394144307821,0.7260157625423744,0.6922859100153156,0.47387999999999997,28.919301334329166
postgres,telemetry,lustre,1,4,1024,1024,250.91896997764707,4080.9987387211986,0.17907108656345372,0.2367011550813913,0.1833687926409766,0.7307888784068892,0.170211,0.6783504651528066
postgres,telemetry,tmpfs,64,4,1024,16,18.522180966101587,55285.06615252685,0.6115771876693543,3.160566657315938,0.6262550401734188,0.5282982074636966,0.4392990000000002,23.717455347401277
postgres,telemetry,tmpfs,16,4,1024,64,29.429852962493896,34794.60129498472,0.27388603052713734,2.2478432522621006,0.28045929525978863,0.5956097020286099,0.23567599999999994,8.008059037887516
postgres,telemetry,tmpfs,64,5,1024,16,16.339103924110532,62671.73553434293,0.5782781156540295,2.674212068086489,0.5921567904297262,0.5662764551494924,0.397095,24.303352365244045
postgres,telemetry,tmpfs,1,5,1024,1024,237.6966750016436,4308.011460374527,0.16584049774337473,0.20285004866309442,0.16982066968921572,0.7144427648726742,0.169689,0.7138888249018488
postgres,telemetry,lustre,1,5,1024,1024,255.90883404947817,4001.424975434872,0.18254704059472715,0.23220775183290204,0.1869281695690006,0.7304482874274647,0.17359399999999997,0.6783431320172276
postgres,telemetry,lustre,16,5,1024,64,35.35925596952438,28959.885380013944,0.3307058466361923,2.768821920035407,0.3386427869554609,0.5985752133177874,0.25492999999999993,7.209710527272415
postgres,telemetry,tmpfs,16,5,1024,64,32.698658062145114,31316.2698620184,0.32977886314711213,2.4044741224497557,0.3376935558626428,0.6454652420690373,0.2952309999999999,9.02884147229839
postgres,telemetry,lustre,64,5,1024,16,17.037846031598747,60101.493938897445,0.5967345632598153,2.366312860976904,0.6110561927780509,0.5603849802639126,0.3871920000000002,22.72540785272421
