deployment,workload,storage,clients,read1024_mean_qps,baseline64000_mean_qps,read1024_over_baseline64000,baseline64000_over_read1024,read1024_mean_wall_s,baseline64000_mean_wall_s,write_new_over_baseline,inference_scope
sqlite-native,metadata,lustre,1,3993.05278803011,3967.0142162617476,1.0065637707224804,0.9934790314201661,0.2566208939766511,16.134879606007598,0.9902352447434108,descriptive; query_count_and_allocation_and_source_snapshot_differ
sqlite-native,metadata,lustre,16,35898.42612228282,38439.404705908484,0.9338965157481981,1.0707824508787707,0.028532364405691624,1.6659399227937683,0.9848852240724502,descriptive; query_count_and_allocation_and_source_snapshot_differ
sqlite-native,metadata,lustre,64,36151.04482013809,40074.11558864793,0.9021046201298787,1.108518876509054,0.028326632780954243,1.5970612653763965,1.0343904924521754,descriptive; query_count_and_allocation_and_source_snapshot_differ
sqlite-native,metadata,tmpfs,1,11735.980536404775,12226.027212139232,0.9599177502854003,1.0417559209658147,0.08727886581327766,5.234785037231632,0.9826314942332454,descriptive; query_count_and_allocation_and_source_snapshot_differ
sqlite-native,metadata,tmpfs,16,114105.59605343449,152216.5370921931,0.7496268029295928,1.333997125092021,0.009360193996690214,0.42061192381661383,0.9644519344776793,descriptive; query_count_and_allocation_and_source_snapshot_differ
sqlite-native,metadata,tmpfs,64,76106.61619015943,81512.6452881434,0.9336786448424793,1.071032314516211,0.013509966200217605,0.7880990127567202,0.952470712269759,descriptive; query_count_and_allocation_and_source_snapshot_differ
sqlite-native,telemetry,lustre,1,2775.5856168703563,2926.790987726413,0.9483374892535406,1.0544769254952941,0.3689942465629429,21.86815945378039,1.0158606896542486,descriptive; query_count_and_allocation_and_source_snapshot_differ
sqlite-native,telemetry,lustre,16,26600.68947503446,32505.989792759734,0.8183319334259866,1.2219980171291265,0.038632242986932394,1.96898326841183,0.9862572276269118,descriptive; query_count_and_allocation_and_source_snapshot_differ
sqlite-native,telemetry,lustre,64,34813.35688048841,39498.78921052581,0.8813778238855787,1.1345872030129736,0.029431231622584163,1.6205075033707543,1.1926753199704991,descriptive; query_count_and_allocation_and_source_snapshot_differ
sqlite-native,telemetry,tmpfs,1,6012.497549037637,6512.581146584004,0.9232126884424815,1.0831740210233285,0.17032930499408394,9.828292876225897,1.0010499105097843,descriptive; query_count_and_allocation_and_source_snapshot_differ
sqlite-native,telemetry,tmpfs,16,53311.20918415005,85647.2295602347,0.6224510641836569,1.606551996680249,0.020650809188373385,0.747354481765069,1.0439440360862982,descriptive; query_count_and_allocation_and_source_snapshot_differ
sqlite-native,telemetry,tmpfs,64,72900.86940422533,80469.01069015637,0.9059496168646592,1.10381414306552,0.01412312260363251,0.7958257938036695,1.0887670773082823,descriptive; query_count_and_allocation_and_source_snapshot_differ
sqlite-shifter,metadata,lustre,1,3831.2112008772806,3799.305914108741,1.0083976619650603,0.9916722714839543,0.2673156657954678,16.845454547787085,0.99712147062511,descriptive; query_count_and_allocation_and_source_snapshot_differ
sqlite-shifter,metadata,lustre,16,34253.8277214626,37129.353911104525,0.9225538317599994,1.083947587201771,0.0299129607854411,1.7262562279822304,1.0025602181273676,descriptive; query_count_and_allocation_and_source_snapshot_differ
sqlite-shifter,metadata,lustre,64,35691.121153435706,40805.852341875936,0.8746569206399992,1.1433054222772119,0.028696434013545512,1.5684376793913544,1.0692238418858409,descriptive; query_count_and_allocation_and_source_snapshot_differ
sqlite-shifter,metadata,tmpfs,1,11276.32483908107,11082.858896500307,1.017456321007737,0.9828431740534598,0.09081092900596559,5.775177009170875,1.0158413980501617,descriptive; query_count_and_allocation_and_source_snapshot_differ
sqlite-shifter,metadata,tmpfs,16,126683.64344869531,142769.9280535265,0.8873272206258995,1.1269799649498229,0.008093871804885567,0.4491121576167643,0.9882117592459259,descriptive; query_count_and_allocation_and_source_snapshot_differ
sqlite-shifter,metadata,tmpfs,64,69598.53958299557,78853.62698564366,0.8826295281974398,1.1329781839978337,0.014753277809359134,0.8225683300290256,1.0451879138432403,descriptive; query_count_and_allocation_and_source_snapshot_differ
sqlite-shifter,telemetry,lustre,1,2601.125345932509,2653.394170880897,0.9803011457845197,1.0200946967166051,0.39371405839920043,24.120248434389943,1.0061189559683053,descriptive; query_count_and_allocation_and_source_snapshot_differ
sqlite-shifter,telemetry,lustre,16,25967.27943571249,28227.111301093402,0.9199410863805474,1.0870261311345921,0.03947589823510498,2.2717496142257003,0.9926116714994493,descriptive; query_count_and_allocation_and_source_snapshot_differ
sqlite-shifter,telemetry,lustre,64,33581.633875665764,39455.00307446286,0.8511375303225203,1.1748982560093097,0.030501905409619213,1.6237514327978715,0.9509686949086636,descriptive; query_count_and_allocation_and_source_snapshot_differ
sqlite-shifter,telemetry,tmpfs,1,5456.523865633726,5670.83208372573,0.9622086820897008,1.0392755943837724,0.18766731438226997,11.286642201803625,0.9875171998339402,descriptive; query_count_and_allocation_and_source_snapshot_differ
sqlite-shifter,telemetry,tmpfs,16,62157.58762775493,75794.31300560627,0.8200824727200487,1.2193895532033516,0.01736281760968268,0.8445879078237339,0.9961231566001546,descriptive; query_count_and_allocation_and_source_snapshot_differ
sqlite-shifter,telemetry,tmpfs,64,72406.97342123374,86495.50051127942,0.8371183818028953,1.1945741746182992,0.01415490482468158,0.7428539262153209,0.9263476971768777,descriptive; query_count_and_allocation_and_source_snapshot_differ
postgres,metadata,lustre,1,5792.01324533759,6075.962263003739,0.9532668233647364,1.0490242348625014,0.17688335399143398,10.534028563206084,1.0095917856188832,descriptive; query_count_and_allocation_and_source_snapshot_differ
postgres,metadata,lustre,16,45148.622978387204,70653.25371196675,0.6390168974021397,1.5649038453684114,0.022703596181236206,0.9074201759649441,0.9949038954731296,descriptive; query_count_and_allocation_and_source_snapshot_differ
postgres,metadata,lustre,64,65633.62479460391,200123.1601088164,0.32796616223187663,3.049095044424083,0.0156613809755072,0.31983689302578566,1.0387133918645426,descriptive; query_count_and_allocation_and_source_snapshot_differ
postgres,metadata,tmpfs,1,6329.895794950552,6510.877110675834,0.9722032358085014,1.028591515814471,0.1618410146329552,9.830097210383974,0.9905855638214661,descriptive; query_count_and_allocation_and_source_snapshot_differ
postgres,metadata,tmpfs,16,49478.735036160586,71147.80372586173,0.6954358735626777,1.4379471034145217,0.020884432969614862,0.9046314084203914,0.9496915556965957,descriptive; query_count_and_allocation_and_source_snapshot_differ
postgres,metadata,tmpfs,64,68037.12576120908,210798.8345928668,0.3227585479427095,3.098291296618123,0.01539424501825124,0.3037354096304625,1.007457656561207,descriptive; query_count_and_allocation_and_source_snapshot_differ
postgres,telemetry,lustre,1,4029.421372383486,4088.3732823369414,0.9855805950478773,1.0146303661258897,0.25415350662078706,15.655026583839208,1.0081910764081765,descriptive; query_count_and_allocation_and_source_snapshot_differ
postgres,telemetry,lustre,16,29716.602853703964,40816.587601185005,0.7280521131276838,1.3735280510402457,0.034511677781119944,1.5759547563502565,1.0151357640907117,descriptive; query_count_and_allocation_and_source_snapshot_differ
postgres,telemetry,lustre,64,60422.678981559584,127799.6345765726,0.472792267221677,2.115093814618445,0.017043004813604056,0.5040532285813242,0.9792878020057438,descriptive; query_count_and_allocation_and_source_snapshot_differ
postgres,telemetry,tmpfs,1,4203.280528751342,4334.881671645364,0.9696413528990121,1.0313091505536787,0.24383271499536932,14.765931596583687,0.9904239798807651,descriptive; query_count_and_allocation_and_source_snapshot_differ
postgres,telemetry,tmpfs,16,32715.241280292626,45707.228348805314,0.7157564013865158,1.3971233761414728,0.0313396834069863,1.4043202942004427,0.9306467227933134,descriptive; query_count_and_allocation_and_source_snapshot_differ
postgres,telemetry,tmpfs,64,60594.14262841975,130127.18497266131,0.4656532195109738,2.1475208547901676,0.017082942370325326,0.496213792799972,1.0192395203027378,descriptive; query_count_and_allocation_and_source_snapshot_differ
