dataset,deployment,workload,phase,kind,clients,repetition,ratio
read1024,sqlite-native,metadata,write,storage_gain,1,1,1.851142312743891
read1024,sqlite-native,metadata,write,storage_gain,1,2,1.839091674956513
read1024,sqlite-native,metadata,write,storage_gain,1,3,1.8146335439994319
read1024,sqlite-native,metadata,write,storage_gain,1,4,1.8493166710292084
read1024,sqlite-native,metadata,write,storage_gain,1,5,1.8303450735862585
read1024,sqlite-native,metadata,write,storage_gain,16,1,1.5905812679981046
read1024,sqlite-native,metadata,write,storage_gain,16,2,1.5163624149263253
read1024,sqlite-native,metadata,write,storage_gain,16,3,1.5086255714193892
read1024,sqlite-native,metadata,write,storage_gain,16,4,1.594910035634335
read1024,sqlite-native,metadata,write,storage_gain,16,5,1.529831154372907
read1024,sqlite-native,metadata,write,storage_gain,64,1,0.8659796906843942
read1024,sqlite-native,metadata,write,storage_gain,64,2,0.7897399547613506
read1024,sqlite-native,metadata,write,storage_gain,64,3,1.1586953572852257
read1024,sqlite-native,metadata,write,storage_gain,64,4,0.8632574383812912
read1024,sqlite-native,metadata,write,storage_gain,64,5,0.8616590555084617
read1024,sqlite-native,metadata,write,storage_concurrency_interaction,16,1,0.8592431046754234
read1024,sqlite-native,metadata,write,storage_concurrency_interaction,16,2,0.8245170349989112
read1024,sqlite-native,metadata,write,storage_concurrency_interaction,16,3,0.8313665182747562
read1024,sqlite-native,metadata,write,storage_concurrency_interaction,16,4,0.8624320867375909
read1024,sqlite-native,metadata,write,storage_concurrency_interaction,16,5,0.8358157029785951
read1024,sqlite-native,metadata,write,storage_concurrency_interaction,64,1,0.46780827423299465
read1024,sqlite-native,metadata,write,storage_concurrency_interaction,64,2,0.4294184816969631
read1024,sqlite-native,metadata,write,storage_concurrency_interaction,64,3,0.6385285674436912
read1024,sqlite-native,metadata,write,storage_concurrency_interaction,64,4,0.4667980621733425
read1024,sqlite-native,metadata,write,storage_concurrency_interaction,64,5,0.47076317353655245
read1024,sqlite-native,metadata,read,storage_gain,1,1,2.889994433323172
read1024,sqlite-native,metadata,read,storage_gain,1,2,2.972099378801327
read1024,sqlite-native,metadata,read,storage_gain,1,3,3.1499761792648484
read1024,sqlite-native,metadata,read,storage_gain,1,4,2.897499320028699
read1024,sqlite-native,metadata,read,storage_gain,1,5,2.8002357613935
read1024,sqlite-native,metadata,read,storage_gain,16,1,3.787674805121512
read1024,sqlite-native,metadata,read,storage_gain,16,2,2.499644403521029
read1024,sqlite-native,metadata,read,storage_gain,16,3,3.5604694087348747
read1024,sqlite-native,metadata,read,storage_gain,16,4,3.6452041805601723
read1024,sqlite-native,metadata,read,storage_gain,16,5,2.3849377146656043
read1024,sqlite-native,metadata,read,storage_gain,64,1,2.027121517797117
read1024,sqlite-native,metadata,read,storage_gain,64,2,2.372065328081389
read1024,sqlite-native,metadata,read,storage_gain,64,3,2.002129695236351
read1024,sqlite-native,metadata,read,storage_gain,64,4,2.028376804447057
read1024,sqlite-native,metadata,read,storage_gain,64,5,2.0956875301205136
read1024,sqlite-native,metadata,read,storage_concurrency_interaction,16,1,1.3106166439103162
read1024,sqlite-native,metadata,read,storage_concurrency_interaction,16,2,0.8410366158513707
read1024,sqlite-native,metadata,read,storage_concurrency_interaction,16,3,1.1303162964127014
read1024,sqlite-native,metadata,read,storage_concurrency_interaction,16,4,1.2580517811904326
read1024,sqlite-native,metadata,read,storage_concurrency_interaction,16,5,0.8516917566536512
read1024,sqlite-native,metadata,read,storage_concurrency_interaction,64,1,0.7014274818052686
read1024,sqlite-native,metadata,read,storage_concurrency_interaction,64,2,0.7981110406335279
read1024,sqlite-native,metadata,read,storage_concurrency_interaction,64,3,0.6356015351530737
read1024,sqlite-native,metadata,read,storage_concurrency_interaction,64,4,0.7000439276813935
read1024,sqlite-native,metadata,read,storage_concurrency_interaction,64,5,0.748396816801462
read1024,sqlite-native,telemetry,write,storage_gain,1,1,1.4850598993847173
read1024,sqlite-native,telemetry,write,storage_gain,1,2,1.5260747638779928
read1024,sqlite-native,telemetry,write,storage_gain,1,3,1.4626802720575809
read1024,sqlite-native,telemetry,write,storage_gain,1,4,1.5099656173207516
read1024,sqlite-native,telemetry,write,storage_gain,1,5,1.5038377880859777
read1024,sqlite-native,telemetry,write,storage_gain,16,1,1.4585910384594534
read1024,sqlite-native,telemetry,write,storage_gain,16,2,1.4196357716904078
read1024,sqlite-native,telemetry,write,storage_gain,16,3,1.487507674219756
read1024,sqlite-native,telemetry,write,storage_gain,16,4,1.7465793308905952
read1024,sqlite-native,telemetry,write,storage_gain,16,5,1.357490639934579
read1024,sqlite-native,telemetry,write,storage_gain,64,1,0.9686531989013548
read1024,sqlite-native,telemetry,write,storage_gain,64,2,1.350344165311279
read1024,sqlite-native,telemetry,write,storage_gain,64,3,1.092063262947638
read1024,sqlite-native,telemetry,write,storage_gain,64,4,0.9123707327830162
read1024,sqlite-native,telemetry,write,storage_gain,64,5,1.1819576511642493
read1024,sqlite-native,telemetry,write,storage_concurrency_interaction,16,1,0.9821765701597421
read1024,sqlite-native,telemetry,write,storage_concurrency_interaction,16,2,0.9302530946012717
read1024,sqlite-native,telemetry,write,storage_concurrency_interaction,16,3,1.016973909224365
read1024,sqlite-native,telemetry,write,storage_concurrency_interaction,16,4,1.156701391644722
read1024,sqlite-native,telemetry,write,storage_concurrency_interaction,16,5,0.902684219461154
read1024,sqlite-native,telemetry,write,storage_concurrency_interaction,64,1,0.6522654064679023
read1024,sqlite-native,telemetry,write,storage_concurrency_interaction,64,2,0.8848479755210977
read1024,sqlite-native,telemetry,write,storage_concurrency_interaction,64,3,0.7466178930624471
read1024,sqlite-native,telemetry,write,storage_concurrency_interaction,64,4,0.6042327867053727
read1024,sqlite-native,telemetry,write,storage_concurrency_interaction,64,5,0.7859608666095537
read1024,sqlite-native,telemetry,read,storage_gain,1,1,2.215587744104607
read1024,sqlite-native,telemetry,read,storage_gain,1,2,2.208560434117526
read1024,sqlite-native,telemetry,read,storage_gain,1,3,2.1561259676124576
read1024,sqlite-native,telemetry,read,storage_gain,1,4,2.151565594932257
read1024,sqlite-native,telemetry,read,storage_gain,1,5,2.1015974075502455
read1024,sqlite-native,telemetry,read,storage_gain,16,1,1.6078706197609156
read1024,sqlite-native,telemetry,read,storage_gain,16,2,2.7978128962174464
read1024,sqlite-native,telemetry,read,storage_gain,16,3,1.4878396847353983
read1024,sqlite-native,telemetry,read,storage_gain,16,4,2.5203702960031245
read1024,sqlite-native,telemetry,read,storage_gain,16,5,1.603401100699897
read1024,sqlite-native,telemetry,read,storage_gain,64,1,1.8623436930971018
read1024,sqlite-native,telemetry,read,storage_gain,64,2,1.9563554530683254
read1024,sqlite-native,telemetry,read,storage_gain,64,3,2.286356914236116
read1024,sqlite-native,telemetry,read,storage_gain,64,4,2.193877709006702
read1024,sqlite-native,telemetry,read,storage_gain,64,5,2.1767342623998918
read1024,sqlite-native,telemetry,read,storage_concurrency_interaction,16,1,0.7257083922942126
read1024,sqlite-native,telemetry,read,storage_concurrency_interaction,16,2,1.2668038659921788
read1024,sqlite-native,telemetry,read,storage_concurrency_interaction,16,3,0.6900523007859913
read1024,sqlite-native,telemetry,read,storage_concurrency_interaction,16,4,1.1714122506604217
read1024,sqlite-native,telemetry,read,storage_concurrency_interaction,16,5,0.7629439848657419
read1024,sqlite-native,telemetry,read,storage_concurrency_interaction,64,1,0.8405641789870693
read1024,sqlite-native,telemetry,read,storage_concurrency_interaction,64,2,0.8858057143679775
read1024,sqlite-native,telemetry,read,storage_concurrency_interaction,64,3,1.0604004351229381
read1024,sqlite-native,telemetry,read,storage_concurrency_interaction,64,4,1.0196657327920218
read1024,sqlite-native,telemetry,read,storage_concurrency_interaction,64,5,1.0357522590100787
read1024,sqlite-shifter,metadata,write,storage_gain,1,1,1.7848970598387466
read1024,sqlite-shifter,metadata,write,storage_gain,1,2,1.8197934645788134
read1024,sqlite-shifter,metadata,write,storage_gain,1,3,1.7779522049137826
read1024,sqlite-shifter,metadata,write,storage_gain,1,4,1.8001019635077242
read1024,sqlite-shifter,metadata,write,storage_gain,1,5,1.7593290381079314
read1024,sqlite-shifter,metadata,write,storage_gain,16,1,1.5183934141034519
read1024,sqlite-shifter,metadata,write,storage_gain,16,2,1.4785287997941055
read1024,sqlite-shifter,metadata,write,storage_gain,16,3,1.5482998990302828
read1024,sqlite-shifter,metadata,write,storage_gain,16,4,1.4642027032031681
read1024,sqlite-shifter,metadata,write,storage_gain,16,5,1.581237301667559
read1024,sqlite-shifter,metadata,write,storage_gain,64,1,0.7994127919661752
read1024,sqlite-shifter,metadata,write,storage_gain,64,2,1.4064572643045887
read1024,sqlite-shifter,metadata,write,storage_gain,64,3,1.1674872288375489
read1024,sqlite-shifter,metadata,write,storage_gain,64,4,0.8688675836669085
read1024,sqlite-shifter,metadata,write,storage_gain,64,5,1.0439658665626823
read1024,sqlite-shifter,metadata,write,storage_concurrency_interaction,16,1,0.850689627020075
read1024,sqlite-shifter,metadata,write,storage_concurrency_interaction,16,2,0.8124706614089897
read1024,sqlite-shifter,metadata,write,storage_concurrency_interaction,16,3,0.8708332511701932
read1024,sqlite-shifter,metadata,write,storage_concurrency_interaction,16,4,0.8133998700551305
read1024,sqlite-shifter,metadata,write,storage_concurrency_interaction,16,5,0.8987729227547446
read1024,sqlite-shifter,metadata,write,storage_concurrency_interaction,64,1,0.4478761324411598
read1024,sqlite-shifter,metadata,write,storage_concurrency_interaction,64,2,0.7728664223058465
read1024,sqlite-shifter,metadata,write,storage_concurrency_interaction,64,3,0.6566471391137104
read1024,sqlite-shifter,metadata,write,storage_concurrency_interaction,64,4,0.4826768712444551
read1024,sqlite-shifter,metadata,write,storage_concurrency_interaction,64,5,0.5933886407544403
read1024,sqlite-shifter,metadata,read,storage_gain,1,1,2.908629807346832
read1024,sqlite-shifter,metadata,read,storage_gain,1,2,3.018584952213902
read1024,sqlite-shifter,metadata,read,storage_gain,1,3,2.9076329517177975
read1024,sqlite-shifter,metadata,read,storage_gain,1,4,2.9157710098113157
read1024,sqlite-shifter,metadata,read,storage_gain,1,5,2.968308833444828
read1024,sqlite-shifter,metadata,read,storage_gain,16,1,3.7770726450329586
read1024,sqlite-shifter,metadata,read,storage_gain,16,2,3.3761598814341602
read1024,sqlite-shifter,metadata,read,storage_gain,16,3,4.009344249371926
read1024,sqlite-shifter,metadata,read,storage_gain,16,4,3.6893838449263536
read1024,sqlite-shifter,metadata,read,storage_gain,16,5,3.661723259428036
read1024,sqlite-shifter,metadata,read,storage_gain,64,1,1.9166125229087687
read1024,sqlite-shifter,metadata,read,storage_gain,64,2,1.9096774697087768
read1024,sqlite-shifter,metadata,read,storage_gain,64,3,1.8566038723715732
read1024,sqlite-shifter,metadata,read,storage_gain,64,4,2.1739056070113834
read1024,sqlite-shifter,metadata,read,storage_gain,64,5,1.8963875487957667
read1024,sqlite-shifter,metadata,read,storage_concurrency_interaction,16,1,1.2985745506329303
read1024,sqlite-shifter,metadata,read,storage_concurrency_interaction,16,2,1.1184577988961364
read1024,sqlite-shifter,metadata,read,storage_concurrency_interaction,16,3,1.3789031545413082
read1024,sqlite-shifter,metadata,read,storage_concurrency_interaction,16,4,1.2653201614639484
read1024,sqlite-shifter,metadata,read,storage_concurrency_interaction,16,5,1.2336058897141358
read1024,sqlite-shifter,metadata,read,storage_concurrency_interaction,64,1,0.658939999194001
read1024,sqlite-shifter,metadata,read,storage_concurrency_interaction,64,2,0.6326399620816283
read1024,sqlite-shifter,metadata,read,storage_concurrency_interaction,64,3,0.6385275938198156
read1024,sqlite-shifter,metadata,read,storage_concurrency_interaction,64,4,0.7455680160397988
read1024,sqlite-shifter,metadata,read,storage_concurrency_interaction,64,5,0.6388781138366055
read1024,sqlite-shifter,telemetry,write,storage_gain,1,1,1.4342119943734633
read1024,sqlite-shifter,telemetry,write,storage_gain,1,2,1.4446489091894201
read1024,sqlite-shifter,telemetry,write,storage_gain,1,3,1.4585225079949282
read1024,sqlite-shifter,telemetry,write,storage_gain,1,4,1.4766799426824773
read1024,sqlite-shifter,telemetry,write,storage_gain,1,5,1.4599993004643623
read1024,sqlite-shifter,telemetry,write,storage_gain,16,1,1.5194763411856904
read1024,sqlite-shifter,telemetry,write,storage_gain,16,2,1.3963836468824995
read1024,sqlite-shifter,telemetry,write,storage_gain,16,3,1.4430975736980574
read1024,sqlite-shifter,telemetry,write,storage_gain,16,4,1.4541533454243183
read1024,sqlite-shifter,telemetry,write,storage_gain,16,5,1.3523782019229744
read1024,sqlite-shifter,telemetry,write,storage_gain,64,1,1.1877688773918538
read1024,sqlite-shifter,telemetry,write,storage_gain,64,2,1.1112882452142203
read1024,sqlite-shifter,telemetry,write,storage_gain,64,3,1.1401098953072333
read1024,sqlite-shifter,telemetry,write,storage_gain,64,4,1.0065058200568835
read1024,sqlite-shifter,telemetry,write,storage_gain,64,5,1.103688675102871
read1024,sqlite-shifter,telemetry,write,storage_concurrency_interaction,16,1,1.0594503094010694
read1024,sqlite-shifter,telemetry,write,storage_concurrency_interaction,16,2,0.9665903168583695
read1024,sqlite-shifter,telemetry,write,storage_concurrency_interaction,16,3,0.9894242740771441
read1024,sqlite-shifter,telemetry,write,storage_concurrency_interaction,16,4,0.9847451051463203
read1024,sqlite-shifter,telemetry,write,storage_concurrency_interaction,16,5,0.9262868834888083
read1024,sqlite-shifter,telemetry,write,storage_concurrency_interaction,64,1,0.828168277808004
read1024,sqlite-shifter,telemetry,write,storage_concurrency_interaction,64,2,0.7692445120370142
read1024,sqlite-shifter,telemetry,write,storage_concurrency_interaction,64,3,0.7816882420790162
read1024,sqlite-shifter,telemetry,write,storage_concurrency_interaction,64,4,0.6816005222015176
read1024,sqlite-shifter,telemetry,write,storage_concurrency_interaction,64,5,0.7559515095328029
read1024,sqlite-shifter,telemetry,read,storage_gain,1,1,2.069563700777837
read1024,sqlite-shifter,telemetry,read,storage_gain,1,2,2.086845327364537
read1024,sqlite-shifter,telemetry,read,storage_gain,1,3,2.124893238421717
read1024,sqlite-shifter,telemetry,read,storage_gain,1,4,2.0929204328155144
read1024,sqlite-shifter,telemetry,read,storage_gain,1,5,2.1154790084774193
read1024,sqlite-shifter,telemetry,read,storage_gain,16,1,1.5430291023082339
read1024,sqlite-shifter,telemetry,read,storage_gain,16,2,2.4323237707938152
read1024,sqlite-shifter,telemetry,read,storage_gain,16,3,2.6601034836056896
read1024,sqlite-shifter,telemetry,read,storage_gain,16,4,2.6254306295926493
read1024,sqlite-shifter,telemetry,read,storage_gain,16,5,2.6752253965890573
read1024,sqlite-shifter,telemetry,read,storage_gain,64,1,2.1557564616850984
read1024,sqlite-shifter,telemetry,read,storage_gain,64,2,2.259357265938999
read1024,sqlite-shifter,telemetry,read,storage_gain,64,3,2.0495353807271353
read1024,sqlite-shifter,telemetry,read,storage_gain,64,4,2.088615735447041
read1024,sqlite-shifter,telemetry,read,storage_gain,64,5,2.2317972985644747
read1024,sqlite-shifter,telemetry,read,storage_concurrency_interaction,16,1,0.7455818353058148
read1024,sqlite-shifter,telemetry,read,storage_concurrency_interaction,16,2,1.1655505747834127
read1024,sqlite-shifter,telemetry,read,storage_concurrency_interaction,16,3,1.2518762992448056
read1024,sqlite-shifter,telemetry,read,storage_concurrency_interaction,16,4,1.2544340379250691
read1024,sqlite-shifter,telemetry,read,storage_concurrency_interaction,16,5,1.2645955766370407
read1024,sqlite-shifter,telemetry,read,storage_concurrency_interaction,64,1,1.0416477931434853
read1024,sqlite-shifter,telemetry,read,storage_concurrency_interaction,64,2,1.0826663750841208
read1024,sqlite-shifter,telemetry,read,storage_concurrency_interaction,64,3,0.9645356969790376
read1024,sqlite-shifter,telemetry,read,storage_concurrency_interaction,64,4,0.9979432102143116
read1024,sqlite-shifter,telemetry,read,storage_concurrency_interaction,64,5,1.0549843745179839
read1024,postgres,metadata,write,storage_gain,1,1,1.4016126696624338
read1024,postgres,metadata,write,storage_gain,1,2,1.3906986105441852
read1024,postgres,metadata,write,storage_gain,1,3,1.416727618854524
read1024,postgres,metadata,write,storage_gain,1,4,1.3995445317470776
read1024,postgres,metadata,write,storage_gain,1,5,1.3795977247599711
read1024,postgres,metadata,write,storage_gain,16,1,1.3633150907254226
read1024,postgres,metadata,write,storage_gain,16,2,1.504059570123706
read1024,postgres,metadata,write,storage_gain,16,3,1.4887689689248202
read1024,postgres,metadata,write,storage_gain,16,4,1.4860509226847944
read1024,postgres,metadata,write,storage_gain,16,5,1.4560742645089955
read1024,postgres,metadata,write,storage_gain,64,1,1.3421400975167923
read1024,postgres,metadata,write,storage_gain,64,2,1.3229722065585907
read1024,postgres,metadata,write,storage_gain,64,3,1.26887789865533
read1024,postgres,metadata,write,storage_gain,64,4,1.3728633806160746
read1024,postgres,metadata,write,storage_gain,64,5,1.2687585318814034
read1024,postgres,metadata,write,storage_concurrency_interaction,16,1,0.9726760611073565
read1024,postgres,metadata,write,storage_concurrency_interaction,16,2,1.0815136786073025
read1024,postgres,metadata,write,storage_concurrency_interaction,16,3,1.0508505298488813
read1024,postgres,metadata,write,storage_concurrency_interaction,16,4,1.0618103882909173
read1024,postgres,metadata,write,storage_concurrency_interaction,16,5,1.0554339416313043
read1024,postgres,metadata,write,storage_concurrency_interaction,64,1,0.9575684684985296
read1024,postgres,metadata,write,storage_concurrency_interaction,64,2,0.951300444631139
read1024,postgres,metadata,write,storage_concurrency_interaction,64,3,0.8956399817215847
read1024,postgres,metadata,write,storage_concurrency_interaction,64,4,0.9809358326757232
read1024,postgres,metadata,write,storage_concurrency_interaction,64,5,0.9196583243873847
read1024,postgres,metadata,read,storage_gain,1,1,1.11412102053012
read1024,postgres,metadata,read,storage_gain,1,2,1.1253286392578585
read1024,postgres,metadata,read,storage_gain,1,3,1.0544223805654112
read1024,postgres,metadata,read,storage_gain,1,4,1.1003413366410764
read1024,postgres,metadata,read,storage_gain,1,5,1.0719173408046185
read1024,postgres,metadata,read,storage_gain,16,1,1.0456309658333696
read1024,postgres,metadata,read,storage_gain,16,2,1.2737741415624104
read1024,postgres,metadata,read,storage_gain,16,3,0.9789983663919444
read1024,postgres,metadata,read,storage_gain,16,4,1.17588547410294
read1024,postgres,metadata,read,storage_gain,16,5,1.0104137599924898
read1024,postgres,metadata,read,storage_gain,64,1,0.9191664558252968
read1024,postgres,metadata,read,storage_gain,64,2,1.285999366302569
read1024,postgres,metadata,read,storage_gain,64,3,0.9860220248194919
read1024,postgres,metadata,read,storage_gain,64,4,1.1964790068441495
read1024,postgres,metadata,read,storage_gain,64,5,0.8186891103722256
read1024,postgres,metadata,read,storage_concurrency_interaction,16,1,0.9385254802353863
read1024,postgres,metadata,read,storage_concurrency_interaction,16,2,1.1319130226726035
read1024,postgres,metadata,read,storage_concurrency_interaction,16,3,0.9284688796789174
read1024,postgres,metadata,read,storage_concurrency_interaction,16,4,1.0686551844834542
read1024,postgres,metadata,read,storage_concurrency_interaction,16,5,0.9426228324975487
read1024,postgres,metadata,read,storage_concurrency_interaction,64,1,0.8250149121034803
read1024,postgres,metadata,read,storage_concurrency_interaction,64,2,1.1427767155652158
read1024,postgres,metadata,read,storage_concurrency_interaction,64,3,0.9351300228384368
read1024,postgres,metadata,read,storage_concurrency_interaction,64,4,1.0873707703252746
read1024,postgres,metadata,read,storage_concurrency_interaction,64,5,0.7637614200342062
read1024,postgres,telemetry,write,storage_gain,1,1,1.3178506117151296
read1024,postgres,telemetry,write,storage_gain,1,2,1.366460802398159
read1024,postgres,telemetry,write,storage_gain,1,3,1.3427917258954938
read1024,postgres,telemetry,write,storage_gain,1,4,1.3580581493752328
read1024,postgres,telemetry,write,storage_gain,1,5,1.321287143725178
read1024,postgres,telemetry,write,storage_gain,16,1,1.2216082428603328
read1024,postgres,telemetry,write,storage_gain,16,2,1.304127401475665
read1024,postgres,telemetry,write,storage_gain,16,3,1.2663248431122196
read1024,postgres,telemetry,write,storage_gain,16,4,1.3827785500669088
read1024,postgres,telemetry,write,storage_gain,16,5,1.207015792982733
read1024,postgres,telemetry,write,storage_gain,64,1,1.2958911254639112
read1024,postgres,telemetry,write,storage_gain,64,2,1.3132612981064
read1024,postgres,telemetry,write,storage_gain,64,3,1.264895349860463
read1024,postgres,telemetry,write,storage_gain,64,4,1.3224620228841506
read1024,postgres,telemetry,write,storage_gain,64,5,1.350070707736377
read1024,postgres,telemetry,write,storage_concurrency_interaction,16,1,0.92697019829164
read1024,postgres,telemetry,write,storage_concurrency_interaction,16,2,0.9543833230978174
read1024,postgres,telemetry,write,storage_concurrency_interaction,16,3,0.9430538025304861
read1024,postgres,telemetry,write,storage_concurrency_interaction,16,4,1.0182027556795328
read1024,postgres,telemetry,write,storage_concurrency_interaction,16,5,0.913515127059911
read1024,postgres,telemetry,write,storage_concurrency_interaction,64,1,0.9833368926219649
read1024,postgres,telemetry,write,storage_concurrency_interaction,64,2,0.9610676689749219
read1024,postgres,telemetry,write,storage_concurrency_interaction,64,3,0.9419892344189993
read1024,postgres,telemetry,write,storage_concurrency_interaction,64,4,0.973788952625145
read1024,postgres,telemetry,write,storage_concurrency_interaction,64,5,1.0217844880636981
read1024,postgres,telemetry,read,storage_gain,1,1,1.0361686650447424
read1024,postgres,telemetry,read,storage_gain,1,2,1.067479189097074
read1024,postgres,telemetry,read,storage_gain,1,3,0.9918713062252119
read1024,postgres,telemetry,read,storage_gain,1,4,1.043692321186303
read1024,postgres,telemetry,read,storage_gain,1,5,1.076619326070542
read1024,postgres,telemetry,read,storage_gain,16,1,1.1074631377596948
read1024,postgres,telemetry,read,storage_gain,16,2,1.140028045322941
read1024,postgres,telemetry,read,storage_gain,16,3,1.0911407098116563
read1024,postgres,telemetry,read,storage_gain,16,4,1.0863606755669861
read1024,postgres,telemetry,read,storage_gain,16,5,1.0813671895134869
read1024,postgres,telemetry,read,storage_gain,64,1,1.0001458229305393
read1024,postgres,telemetry,read,storage_gain,64,2,1.3539875121051501
read1024,postgres,telemetry,read,storage_gain,64,3,0.8009834107930226
read1024,postgres,telemetry,read,storage_gain,64,4,0.8846845852202269
read1024,postgres,telemetry,read,storage_gain,64,5,1.0427650200851668
read1024,postgres,telemetry,read,storage_concurrency_interaction,16,1,1.0688058567297767
read1024,postgres,telemetry,read,storage_concurrency_interaction,16,2,1.0679627827566665
read1024,postgres,telemetry,read,storage_concurrency_interaction,16,3,1.1000829472164453
read1024,postgres,telemetry,read,storage_concurrency_interaction,16,4,1.0408821196769797
read1024,postgres,telemetry,read,storage_concurrency_interaction,16,5,1.0044099741923393
read1024,postgres,telemetry,read,storage_concurrency_interaction,64,1,0.9652345768315166
read1024,postgres,telemetry,read,storage_concurrency_interaction,64,2,1.2683971040694655
read1024,postgres,telemetry,read,storage_concurrency_interaction,64,3,0.8075477189085589
read1024,postgres,telemetry,read,storage_concurrency_interaction,64,4,0.8476488398560397
read1024,postgres,telemetry,read,storage_concurrency_interaction,64,5,0.9685549895254649
baseline,sqlite-native,metadata,write,storage_gain,1,1,1.7821136902091606
baseline,sqlite-native,metadata,write,storage_gain,1,2,1.8627949836348012
baseline,sqlite-native,metadata,write,storage_gain,1,3,1.8497657029864916
baseline,sqlite-native,metadata,write,storage_gain,1,4,1.8835368872096268
baseline,sqlite-native,metadata,write,storage_gain,1,5,1.8788039258798253
baseline,sqlite-native,metadata,write,storage_gain,16,1,1.5690247485863664
baseline,sqlite-native,metadata,write,storage_gain,16,2,1.5888912785814615
baseline,sqlite-native,metadata,write,storage_gain,16,3,1.6238201397625975
baseline,sqlite-native,metadata,write,storage_gain,16,4,1.5562010886469606
baseline,sqlite-native,metadata,write,storage_gain,16,5,1.566563436992471
baseline,sqlite-native,metadata,write,storage_gain,64,1,0.9041706372846632
baseline,sqlite-native,metadata,write,storage_gain,64,2,1.0452666559488917
baseline,sqlite-native,metadata,write,storage_gain,64,3,1.2232346181964615
baseline,sqlite-native,metadata,write,storage_gain,64,4,0.9165544318530177
baseline,sqlite-native,metadata,write,storage_gain,64,5,0.8191544801844819
baseline,sqlite-native,metadata,write,storage_concurrency_interaction,16,1,0.8804290978777092
baseline,sqlite-native,metadata,write,storage_concurrency_interaction,16,2,0.852960896148173
baseline,sqlite-native,metadata,write,storage_concurrency_interaction,16,3,0.8778517934141068
baseline,sqlite-native,metadata,write,storage_concurrency_interaction,16,4,0.8262121645795857
baseline,sqlite-native,metadata,write,storage_concurrency_interaction,16,5,0.8338089011916796
baseline,sqlite-native,metadata,write,storage_concurrency_interaction,64,1,0.5073585609336426
baseline,sqlite-native,metadata,write,storage_concurrency_interaction,64,2,0.5611281247436594
baseline,sqlite-native,metadata,write,storage_concurrency_interaction,64,3,0.6612916523544141
baseline,sqlite-native,metadata,write,storage_concurrency_interaction,64,4,0.4866134759966665
baseline,sqlite-native,metadata,write,storage_concurrency_interaction,64,5,0.43599785422040777
baseline,sqlite-native,metadata,read,storage_gain,1,1,3.1085076704792387
baseline,sqlite-native,metadata,read,storage_gain,1,2,3.129583800365264
baseline,sqlite-native,metadata,read,storage_gain,1,3,3.067650450567856
baseline,sqlite-native,metadata,read,storage_gain,1,4,3.043731718726133
baseline,sqlite-native,metadata,read,storage_gain,1,5,3.061753238807484
baseline,sqlite-native,metadata,read,storage_gain,16,1,3.884624692537887
baseline,sqlite-native,metadata,read,storage_gain,16,2,3.978164460766163
baseline,sqlite-native,metadata,read,storage_gain,16,3,3.9720627497564784
baseline,sqlite-native,metadata,read,storage_gain,16,4,3.8794335206286577
baseline,sqlite-native,metadata,read,storage_gain,16,5,4.091108963504165
baseline,sqlite-native,metadata,read,storage_gain,64,1,2.232040681099507
baseline,sqlite-native,metadata,read,storage_gain,64,2,1.9227820689677289
baseline,sqlite-native,metadata,read,storage_gain,64,3,1.9096278723463032
baseline,sqlite-native,metadata,read,storage_gain,64,4,2.131945613659548
baseline,sqlite-native,metadata,read,storage_gain,64,5,1.9740730131960245
baseline,sqlite-native,metadata,read,storage_concurrency_interaction,16,1,1.24967511884537
baseline,sqlite-native,metadata,read,storage_concurrency_interaction,16,2,1.2711480869442955
baseline,sqlite-native,metadata,read,storage_concurrency_interaction,16,3,1.2948224752990374
baseline,sqlite-native,metadata,read,storage_concurrency_interaction,16,4,1.2745648694203193
baseline,sqlite-native,metadata,read,storage_concurrency_interaction,16,5,1.3361981336868292
baseline,sqlite-native,metadata,read,storage_concurrency_interaction,64,1,0.7180425199836786
baseline,sqlite-native,metadata,read,storage_concurrency_interaction,64,2,0.6143890662852085
baseline,sqlite-native,metadata,read,storage_concurrency_interaction,64,3,0.6225050419264065
baseline,sqlite-native,metadata,read,storage_concurrency_interaction,64,4,0.7004380841264857
baseline,sqlite-native,metadata,read,storage_concurrency_interaction,64,5,0.6447524863123529
baseline,sqlite-native,telemetry,write,storage_gain,1,1,1.5157318720762185
baseline,sqlite-native,telemetry,write,storage_gain,1,2,1.5125619023045056
baseline,sqlite-native,telemetry,write,storage_gain,1,3,1.5040486116274863
baseline,sqlite-native,telemetry,write,storage_gain,1,4,1.56795336546029
baseline,sqlite-native,telemetry,write,storage_gain,1,5,1.499761877407053
baseline,sqlite-native,telemetry,write,storage_gain,16,1,1.393385070634256
baseline,sqlite-native,telemetry,write,storage_gain,16,2,1.4636844629365398
baseline,sqlite-native,telemetry,write,storage_gain,16,3,1.339867007302221
baseline,sqlite-native,telemetry,write,storage_gain,16,4,1.4408859453619667
baseline,sqlite-native,telemetry,write,storage_gain,16,5,1.383508130488638
baseline,sqlite-native,telemetry,write,storage_gain,64,1,1.132130498118126
baseline,sqlite-native,telemetry,write,storage_gain,64,2,1.338088514608849
baseline,sqlite-native,telemetry,write,storage_gain,64,3,1.2469530607944854
baseline,sqlite-native,telemetry,write,storage_gain,64,4,1.3094713219993757
baseline,sqlite-native,telemetry,write,storage_gain,64,5,1.0185320731509937
baseline,sqlite-native,telemetry,write,storage_concurrency_interaction,16,1,0.919282028902398
baseline,sqlite-native,telemetry,write,storage_concurrency_interaction,16,2,0.9676856601415802
baseline,sqlite-native,telemetry,write,storage_concurrency_interaction,16,3,0.8908402274660463
baseline,sqlite-native,telemetry,write,storage_concurrency_interaction,16,4,0.9189596942757151
baseline,sqlite-native,telemetry,write,storage_concurrency_interaction,16,5,0.922485196703755
baseline,sqlite-native,telemetry,write,storage_concurrency_interaction,64,1,0.7469200318176042
baseline,sqlite-native,telemetry,write,storage_concurrency_interaction,64,2,0.8846504150145308
baseline,sqlite-native,telemetry,write,storage_concurrency_interaction,64,3,0.8290643341940888
baseline,sqlite-native,telemetry,write,storage_concurrency_interaction,64,4,0.8351468550309632
baseline,sqlite-native,telemetry,write,storage_concurrency_interaction,64,5,0.6791291927702148
baseline,sqlite-native,telemetry,read,storage_gain,1,1,2.2141230378975143
baseline,sqlite-native,telemetry,read,storage_gain,1,2,2.238336423070421
baseline,sqlite-native,telemetry,read,storage_gain,1,3,2.2573084607658958
baseline,sqlite-native,telemetry,read,storage_gain,1,4,2.1732377045038285
baseline,sqlite-native,telemetry,read,storage_gain,1,5,2.2434374228608847
baseline,sqlite-native,telemetry,read,storage_gain,16,1,2.61770788851164
baseline,sqlite-native,telemetry,read,storage_gain,16,2,2.651902504791082
baseline,sqlite-native,telemetry,read,storage_gain,16,3,2.588329831576189
baseline,sqlite-native,telemetry,read,storage_gain,16,4,2.69201550434327
baseline,sqlite-native,telemetry,read,storage_gain,16,5,2.624744898256597
baseline,sqlite-native,telemetry,read,storage_gain,64,1,2.010098854732177
baseline,sqlite-native,telemetry,read,storage_gain,64,2,2.123795531052427
baseline,sqlite-native,telemetry,read,storage_gain,64,3,2.06936430131641
baseline,sqlite-native,telemetry,read,storage_gain,64,4,1.9541268741164999
baseline,sqlite-native,telemetry,read,storage_gain,64,5,2.030371709936812
baseline,sqlite-native,telemetry,read,storage_concurrency_interaction,16,1,1.1822775174216884
baseline,sqlite-native,telemetry,read,storage_concurrency_interaction,16,2,1.1847649341082316
baseline,sqlite-native,telemetry,read,storage_concurrency_interaction,16,3,1.1466442786015958
baseline,sqlite-native,telemetry,read,storage_concurrency_interaction,16,4,1.238711945207063
baseline,sqlite-native,telemetry,read,storage_concurrency_interaction,16,5,1.1699657282659839
baseline,sqlite-native,telemetry,read,storage_concurrency_interaction,64,1,0.9078532765915871
baseline,sqlite-native,telemetry,read,storage_concurrency_interaction,64,2,0.9488276691397116
baseline,sqlite-native,telemetry,read,storage_concurrency_interaction,64,3,0.9167397089426949
baseline,sqlite-native,telemetry,read,storage_concurrency_interaction,64,4,0.8991776969756956
baseline,sqlite-native,telemetry,read,storage_concurrency_interaction,64,5,0.9050271201002049
baseline,sqlite-shifter,metadata,write,storage_gain,1,1,1.757049041863319
baseline,sqlite-shifter,metadata,write,storage_gain,1,2,1.714998483036021
baseline,sqlite-shifter,metadata,write,storage_gain,1,3,1.7791914491692131
baseline,sqlite-shifter,metadata,write,storage_gain,1,4,1.7703173878264524
baseline,sqlite-shifter,metadata,write,storage_gain,1,5,1.7546715993796138
baseline,sqlite-shifter,metadata,write,storage_gain,16,1,1.5241823612518148
baseline,sqlite-shifter,metadata,write,storage_gain,16,2,1.5597180781624578
baseline,sqlite-shifter,metadata,write,storage_gain,16,3,1.5449562377562418
baseline,sqlite-shifter,metadata,write,storage_gain,16,4,1.5167548413362129
baseline,sqlite-shifter,metadata,write,storage_gain,16,5,1.5547616737148087
baseline,sqlite-shifter,metadata,write,storage_gain,64,1,0.9825435105855387
baseline,sqlite-shifter,metadata,write,storage_gain,64,2,1.1326253561622794
baseline,sqlite-shifter,metadata,write,storage_gain,64,3,1.0055431603274878
baseline,sqlite-shifter,metadata,write,storage_gain,64,4,0.9558626619961894
baseline,sqlite-shifter,metadata,write,storage_gain,64,5,1.2235779612427427
baseline,sqlite-shifter,metadata,write,storage_concurrency_interaction,16,1,0.8674671707714241
baseline,sqlite-shifter,metadata,write,storage_concurrency_interaction,16,2,0.9094574097822675
baseline,sqlite-shifter,metadata,write,storage_concurrency_interaction,16,3,0.8683473824459158
baseline,sqlite-shifter,metadata,write,storage_concurrency_interaction,16,4,0.856770007325321
baseline,sqlite-shifter,metadata,write,storage_concurrency_interaction,16,5,0.886069891519595
baseline,sqlite-shifter,metadata,write,storage_concurrency_interaction,64,1,0.5592009597771779
baseline,sqlite-shifter,metadata,write,storage_concurrency_interaction,64,2,0.6604235323620927
baseline,sqlite-shifter,metadata,write,storage_concurrency_interaction,64,3,0.5651686111671808
baseline,sqlite-shifter,metadata,write,storage_concurrency_interaction,64,4,0.5399385830863762
baseline,sqlite-shifter,metadata,write,storage_concurrency_interaction,64,5,0.6973259051296858
baseline,sqlite-shifter,metadata,read,storage_gain,1,1,2.947438641810034
baseline,sqlite-shifter,metadata,read,storage_gain,1,2,2.937298251600507
baseline,sqlite-shifter,metadata,read,storage_gain,1,3,2.9419005679668606
baseline,sqlite-shifter,metadata,read,storage_gain,1,4,2.8894190627299365
baseline,sqlite-shifter,metadata,read,storage_gain,1,5,2.86966482150756
baseline,sqlite-shifter,metadata,read,storage_gain,16,1,3.8202417324060494
baseline,sqlite-shifter,metadata,read,storage_gain,16,2,4.101191311855187
baseline,sqlite-shifter,metadata,read,storage_gain,16,3,3.8969002930309258
baseline,sqlite-shifter,metadata,read,storage_gain,16,4,4.001767398419539
baseline,sqlite-shifter,metadata,read,storage_gain,16,5,3.4373651927773876
baseline,sqlite-shifter,metadata,read,storage_gain,64,1,2.249000575940095
baseline,sqlite-shifter,metadata,read,storage_gain,64,2,1.6899956737534718
baseline,sqlite-shifter,metadata,read,storage_gain,64,3,1.9887684603143265
baseline,sqlite-shifter,metadata,read,storage_gain,64,4,2.0718225042732765
baseline,sqlite-shifter,metadata,read,storage_gain,64,5,1.6642488916300444
baseline,sqlite-shifter,metadata,read,storage_concurrency_interaction,16,1,1.2961225649332002
baseline,sqlite-shifter,metadata,read,storage_concurrency_interaction,16,2,1.3962461284346885
baseline,sqlite-shifter,metadata,read,storage_concurrency_interaction,16,3,1.3246199873179476
baseline,sqlite-shifter,metadata,read,storage_concurrency_interaction,16,4,1.384973003756212
baseline,sqlite-shifter,metadata,read,storage_concurrency_interaction,16,5,1.1978281111490887
baseline,sqlite-shifter,metadata,read,storage_concurrency_interaction,64,1,0.7630355875903746
baseline,sqlite-shifter,metadata,read,storage_concurrency_interaction,64,2,0.5753571918795133
baseline,sqlite-shifter,metadata,read,storage_concurrency_interaction,64,3,0.6760148463103085
baseline,sqlite-shifter,metadata,read,storage_concurrency_interaction,64,4,0.71703773640775
baseline,sqlite-shifter,metadata,read,storage_concurrency_interaction,64,5,0.5799453926315137
baseline,sqlite-shifter,telemetry,write,storage_gain,1,1,1.4780390224877544
baseline,sqlite-shifter,telemetry,write,storage_gain,1,2,1.4901723722813585
baseline,sqlite-shifter,telemetry,write,storage_gain,1,3,1.4936611423716628
baseline,sqlite-shifter,telemetry,write,storage_gain,1,4,1.473890164627611
baseline,sqlite-shifter,telemetry,write,storage_gain,1,5,1.4749005044120773
baseline,sqlite-shifter,telemetry,write,storage_gain,16,1,1.3720359901158046
baseline,sqlite-shifter,telemetry,write,storage_gain,16,2,1.436111692113919
baseline,sqlite-shifter,telemetry,write,storage_gain,16,3,1.3932019717907411
baseline,sqlite-shifter,telemetry,write,storage_gain,16,4,1.4403054252773613
baseline,sqlite-shifter,telemetry,write,storage_gain,16,5,1.4990882139928432
baseline,sqlite-shifter,telemetry,write,storage_gain,64,1,1.1023781307436076
baseline,sqlite-shifter,telemetry,write,storage_gain,64,2,1.2039732444141023
baseline,sqlite-shifter,telemetry,write,storage_gain,64,3,1.0182202143478762
baseline,sqlite-shifter,telemetry,write,storage_gain,64,4,1.1843849349545679
baseline,sqlite-shifter,telemetry,write,storage_gain,64,5,1.2015326243150517
baseline,sqlite-shifter,telemetry,write,storage_concurrency_interaction,16,1,0.9282813032950028
baseline,sqlite-shifter,telemetry,write,storage_concurrency_interaction,16,2,0.9637218611933625
baseline,sqlite-shifter,telemetry,write,storage_concurrency_interaction,16,3,0.9327429979055285
baseline,sqlite-shifter,telemetry,write,storage_concurrency_interaction,16,4,0.9772135399527989
baseline,sqlite-shifter,telemetry,write,storage_concurrency_interaction,16,5,1.0163995533993038
baseline,sqlite-shifter,telemetry,write,storage_concurrency_interaction,64,1,0.7458383127721114
baseline,sqlite-shifter,telemetry,write,storage_concurrency_interaction,64,2,0.8079422668203788
baseline,sqlite-shifter,telemetry,write,storage_concurrency_interaction,64,3,0.681694251435856
baseline,sqlite-shifter,telemetry,write,storage_concurrency_interaction,64,4,0.8035774736673212
baseline,sqlite-shifter,telemetry,write,storage_concurrency_interaction,64,5,0.8146533415106566
baseline,sqlite-shifter,telemetry,read,storage_gain,1,1,2.102294992487268
baseline,sqlite-shifter,telemetry,read,storage_gain,1,2,2.1469387897913577
baseline,sqlite-shifter,telemetry,read,storage_gain,1,3,2.1574679660387646
baseline,sqlite-shifter,telemetry,read,storage_gain,1,4,2.1380005532502393
baseline,sqlite-shifter,telemetry,read,storage_gain,1,5,2.141360977701694
baseline,sqlite-shifter,telemetry,read,storage_gain,16,1,2.547929422063189
baseline,sqlite-shifter,telemetry,read,storage_gain,16,2,2.6246247293587035
baseline,sqlite-shifter,telemetry,read,storage_gain,16,3,2.734863447417481
baseline,sqlite-shifter,telemetry,read,storage_gain,16,4,2.785778112692843
baseline,sqlite-shifter,telemetry,read,storage_gain,16,5,2.751643201313258
baseline,sqlite-shifter,telemetry,read,storage_gain,64,1,2.381581983708567
baseline,sqlite-shifter,telemetry,read,storage_gain,64,2,2.3455220350844037
baseline,sqlite-shifter,telemetry,read,storage_gain,64,3,2.083133960641843
baseline,sqlite-shifter,telemetry,read,storage_gain,64,4,1.9984285628219225
baseline,sqlite-shifter,telemetry,read,storage_gain,64,5,2.161567144487194
baseline,sqlite-shifter,telemetry,read,storage_concurrency_interaction,16,1,1.2119752133589405
baseline,sqlite-shifter,telemetry,read,storage_concurrency_interaction,16,2,1.2224963011701735
baseline,sqlite-shifter,telemetry,read,storage_concurrency_interaction,16,3,1.2676264447341241
baseline,sqlite-shifter,telemetry,read,storage_concurrency_interaction,16,4,1.3029828773700909
baseline,sqlite-shifter,telemetry,read,storage_concurrency_interaction,16,5,1.284997359140529
baseline,sqlite-shifter,telemetry,read,storage_concurrency_interaction,64,1,1.1328486212540843
baseline,sqlite-shifter,telemetry,read,storage_concurrency_interaction,64,2,1.0924959976676114
baseline,sqlite-shifter,telemetry,read,storage_concurrency_interaction,64,3,0.96554571999815
baseline,sqlite-shifter,telemetry,read,storage_concurrency_interaction,64,4,0.9347184498076316
baseline,sqlite-shifter,telemetry,read,storage_concurrency_interaction,64,5,1.0094361329060864
baseline,postgres,metadata,write,storage_gain,1,1,1.4215395380337181
baseline,postgres,metadata,write,storage_gain,1,2,1.426775814634666
baseline,postgres,metadata,write,storage_gain,1,3,1.4117546393605476
baseline,postgres,metadata,write,storage_gain,1,4,1.4294857917032389
baseline,postgres,metadata,write,storage_gain,1,5,1.4322447198508634
baseline,postgres,metadata,write,storage_gain,16,1,1.4928923602926922
baseline,postgres,metadata,write,storage_gain,16,2,1.5674980447487645
baseline,postgres,metadata,write,storage_gain,16,3,1.4616583770395586
baseline,postgres,metadata,write,storage_gain,16,4,1.5367358246984082
baseline,postgres,metadata,write,storage_gain,16,5,1.589483729703652
baseline,postgres,metadata,write,storage_gain,64,1,1.3574713748681093
baseline,postgres,metadata,write,storage_gain,64,2,1.3334829216818491
baseline,postgres,metadata,write,storage_gain,64,3,1.3459059046898687
baseline,postgres,metadata,write,storage_gain,64,4,1.365424639182262
baseline,postgres,metadata,write,storage_gain,64,5,1.3746355549683256
baseline,postgres,metadata,write,storage_concurrency_interaction,16,1,1.0501940469117517
baseline,postgres,metadata,write,storage_concurrency_interaction,16,2,1.0986295314727712
baseline,postgres,metadata,write,storage_concurrency_interaction,16,3,1.0353487329084428
baseline,postgres,metadata,write,storage_concurrency_interaction,16,4,1.0750270017496155
baseline,postgres,metadata,write,storage_concurrency_interaction,16,5,1.1097850162569713
baseline,postgres,metadata,write,storage_concurrency_interaction,64,1,0.9549304388295606
baseline,postgres,metadata,write,storage_concurrency_interaction,64,2,0.9346127878003699
baseline,postgres,metadata,write,storage_concurrency_interaction,64,3,0.9533568136878906
baseline,postgres,metadata,write,storage_concurrency_interaction,64,4,0.9551858767028053
baseline,postgres,metadata,write,storage_concurrency_interaction,64,5,0.9597770101128132
baseline,postgres,metadata,read,storage_gain,1,1,1.063398722862658
baseline,postgres,metadata,read,storage_gain,1,2,1.0750925254876647
baseline,postgres,metadata,read,storage_gain,1,3,1.0634904074380944
baseline,postgres,metadata,read,storage_gain,1,4,1.0672380822103478
baseline,postgres,metadata,read,storage_gain,1,5,1.0889703395960793
baseline,postgres,metadata,read,storage_gain,16,1,0.8575223916352708
baseline,postgres,metadata,read,storage_gain,16,2,1.0316233707978641
baseline,postgres,metadata,read,storage_gain,16,3,1.03551712266877
baseline,postgres,metadata,read,storage_gain,16,4,1.0978023701882031
baseline,postgres,metadata,read,storage_gain,16,5,1.0195287208203896
baseline,postgres,metadata,read,storage_gain,64,1,1.1014187285672898
baseline,postgres,metadata,read,storage_gain,64,2,1.012242215980471
baseline,postgres,metadata,read,storage_gain,64,3,1.0764134740212694
baseline,postgres,metadata,read,storage_gain,64,4,1.0340812570007707
baseline,postgres,metadata,read,storage_gain,64,5,1.0440905431213374
baseline,postgres,metadata,read,storage_concurrency_interaction,16,1,0.8063978009366324
baseline,postgres,metadata,read,storage_concurrency_interaction,16,2,0.9595670571050777
baseline,postgres,metadata,read,storage_concurrency_interaction,16,3,0.9736967211235023
baseline,postgres,metadata,read,storage_concurrency_interaction,16,4,1.0286386781799932
baseline,postgres,metadata,read,storage_concurrency_interaction,16,5,0.9362318547615843
baseline,postgres,metadata,read,storage_concurrency_interaction,64,1,1.0357532926147235
baseline,postgres,metadata,read,storage_concurrency_interaction,64,2,0.941539627504447
baseline,postgres,metadata,read,storage_concurrency_interaction,64,3,1.012151559142227
baseline,postgres,metadata,read,storage_concurrency_interaction,64,4,0.9689321194939875
baseline,postgres,metadata,read,storage_concurrency_interaction,64,5,0.9587869431858093
baseline,postgres,telemetry,write,storage_gain,1,1,1.3715626056568146
baseline,postgres,telemetry,write,storage_gain,1,2,1.3830713173261486
baseline,postgres,telemetry,write,storage_gain,1,3,1.3475142066038959
baseline,postgres,telemetry,write,storage_gain,1,4,1.3592739061521162
baseline,postgres,telemetry,write,storage_gain,1,5,1.3642182272877086
baseline,postgres,telemetry,write,storage_gain,16,1,1.3175959425690735
baseline,postgres,telemetry,write,storage_gain,16,2,1.4851397835904616
baseline,postgres,telemetry,write,storage_gain,16,3,1.260165374125982
baseline,postgres,telemetry,write,storage_gain,16,4,1.2908106742261551
baseline,postgres,telemetry,write,storage_gain,16,5,1.589672180508996
baseline,postgres,telemetry,write,storage_gain,64,1,1.298802182055104
baseline,postgres,telemetry,write,storage_gain,64,2,1.268919802115133
baseline,postgres,telemetry,write,storage_gain,64,3,1.2325905472263738
baseline,postgres,telemetry,write,storage_gain,64,4,1.2902152878300621
baseline,postgres,telemetry,write,storage_gain,64,5,1.2015663994302679
baseline,postgres,telemetry,write,storage_concurrency_interaction,16,1,0.9606531536619887
baseline,postgres,telemetry,write,storage_concurrency_interaction,16,2,1.073798411539355
baseline,postgres,telemetry,write,storage_concurrency_interaction,16,3,0.9351778021709642
baseline,postgres,telemetry,write,storage_concurrency_interaction,16,4,0.9496324974561092
baseline,postgres,telemetry,write,storage_concurrency_interaction,16,5,1.165262381568913
baseline,postgres,telemetry,write,storage_concurrency_interaction,64,1,0.9469507091388897
baseline,postgres,telemetry,write,storage_concurrency_interaction,64,2,0.9174651995302011
baseline,postgres,telemetry,write,storage_concurrency_interaction,64,3,0.9147143244840727
baseline,postgres,telemetry,write,storage_concurrency_interaction,64,4,0.9491944794868109
baseline,postgres,telemetry,write,storage_concurrency_interaction,64,5,0.8807728671234518
baseline,postgres,telemetry,read,storage_gain,1,1,1.076839563578664
baseline,postgres,telemetry,read,storage_gain,1,2,1.0619762392431396
baseline,postgres,telemetry,read,storage_gain,1,3,1.043213604480452
baseline,postgres,telemetry,read,storage_gain,1,4,1.048356299021994
baseline,postgres,telemetry,read,storage_gain,1,5,1.071276247070668
baseline,postgres,telemetry,read,storage_gain,16,1,1.008353416740835
baseline,postgres,telemetry,read,storage_gain,16,2,1.3468589494739678
baseline,postgres,telemetry,read,storage_gain,16,3,1.0359275061550972
baseline,postgres,telemetry,read,storage_gain,16,4,1.1086948710011726
baseline,postgres,telemetry,read,storage_gain,16,5,1.13481095068233
baseline,postgres,telemetry,read,storage_gain,64,1,1.1047129525632648
baseline,postgres,telemetry,read,storage_gain,64,2,1.27293163340091
baseline,postgres,telemetry,read,storage_gain,64,3,0.8607929656503891
baseline,postgres,telemetry,read,storage_gain,64,4,0.8777225101265066
baseline,postgres,telemetry,read,storage_gain,64,5,1.0235116645535591
baseline,postgres,telemetry,read,storage_concurrency_interaction,16,1,0.9364007887951026
baseline,postgres,telemetry,read,storage_concurrency_interaction,16,2,1.2682571414534298
baseline,postgres,telemetry,read,storage_concurrency_interaction,16,3,0.9930157176880534
baseline,postgres,telemetry,read,storage_concurrency_interaction,16,4,1.057555405576776
baseline,postgres,telemetry,read,storage_concurrency_interaction,16,5,1.0593074884143034
baseline,postgres,telemetry,read,storage_concurrency_interaction,64,1,1.0258844399178362
baseline,postgres,telemetry,read,storage_concurrency_interaction,64,2,1.1986441752294914
baseline,postgres,telemetry,read,storage_concurrency_interaction,64,3,0.8251358704999698
baseline,postgres,telemetry,read,storage_concurrency_interaction,64,4,0.8372368353634441
baseline,postgres,telemetry,read,storage_concurrency_interaction,64,5,0.955413384131574
baseline,influx,metadata,write,storage_gain,1,1,1.132774054519061
baseline,influx,metadata,write,storage_gain,1,2,1.122544622932674
baseline,influx,metadata,write,storage_gain,1,3,1.1190060074089874
baseline,influx,metadata,write,storage_gain,1,4,1.1413767517927815
baseline,influx,metadata,write,storage_gain,1,5,1.1450812666586538
baseline,influx,metadata,write,storage_gain,16,1,1.1273732593804087
baseline,influx,metadata,write,storage_gain,16,2,1.137986625711763
baseline,influx,metadata,write,storage_gain,16,3,1.1422227036968853
baseline,influx,metadata,write,storage_gain,16,4,1.101832234670546
baseline,influx,metadata,write,storage_gain,16,5,1.1138241166459675
baseline,influx,metadata,write,storage_gain,64,1,1.1122848170369282
baseline,influx,metadata,write,storage_gain,64,2,1.104858718154854
baseline,influx,metadata,write,storage_gain,64,3,1.076045940412699
baseline,influx,metadata,write,storage_gain,64,4,1.1839891398783735
baseline,influx,metadata,write,storage_gain,64,5,1.0616622939732898
baseline,influx,metadata,write,storage_concurrency_interaction,16,1,0.9952322397241475
baseline,influx,metadata,write,storage_concurrency_interaction,16,2,1.0137562484943772
baseline,influx,metadata,write,storage_concurrency_interaction,16,3,1.0207476064776946
baseline,influx,metadata,write,storage_concurrency_interaction,16,4,0.9653536686636361
baseline,influx,metadata,write,storage_concurrency_interaction,16,5,0.9727031164312951
baseline,influx,metadata,write,storage_concurrency_interaction,64,1,0.9819123351206769
baseline,influx,metadata,write,storage_concurrency_interaction,64,2,0.9842448091447668
baseline,influx,metadata,write,storage_concurrency_interaction,64,3,0.9616087253224309
baseline,influx,metadata,write,storage_concurrency_interaction,64,4,1.037334200139139
baseline,influx,metadata,write,storage_concurrency_interaction,64,5,0.9271501725560662
baseline,influx,metadata,read,storage_gain,1,1,1.1087988882195157
baseline,influx,metadata,read,storage_gain,1,2,1.068903258475515
baseline,influx,metadata,read,storage_gain,1,3,1.0848313927838975
baseline,influx,metadata,read,storage_gain,1,4,1.1054858259785187
baseline,influx,metadata,read,storage_gain,1,5,1.0963405609817458
baseline,influx,metadata,read,storage_gain,16,1,1.0517305895629505
baseline,influx,metadata,read,storage_gain,16,2,1.0484244348378995
baseline,influx,metadata,read,storage_gain,16,3,1.151514234901089
baseline,influx,metadata,read,storage_gain,16,4,1.06586261937101
baseline,influx,metadata,read,storage_gain,16,5,1.1214248821632689
baseline,influx,metadata,read,storage_gain,64,1,1.0682231570372573
baseline,influx,metadata,read,storage_gain,64,2,1.1737116074302578
baseline,influx,metadata,read,storage_gain,64,3,1.022294060102784
baseline,influx,metadata,read,storage_gain,64,4,1.2362217200421954
baseline,influx,metadata,read,storage_gain,64,5,1.0351079340817158
baseline,influx,metadata,read,storage_concurrency_interaction,16,1,0.9485314250736632
baseline,influx,metadata,read,storage_concurrency_interaction,16,2,0.9808412749467874
baseline,influx,metadata,read,storage_concurrency_interaction,16,3,1.061468392748176
baseline,influx,metadata,read,storage_concurrency_interaction,16,4,0.9641576529735816
baseline,influx,metadata,read,storage_concurrency_interaction,16,5,1.0228800448275495
baseline,influx,metadata,read,storage_concurrency_interaction,64,1,0.9634056891530492
baseline,influx,metadata,read,storage_concurrency_interaction,64,2,1.0980522307549347
baseline,influx,metadata,read,storage_concurrency_interaction,64,3,0.9423529471057893
baseline,influx,metadata,read,storage_concurrency_interaction,64,4,1.1182610314772294
baseline,influx,metadata,read,storage_concurrency_interaction,64,5,0.9441481697573993
baseline,influx,telemetry,write,storage_gain,1,1,1.0861044821766854
baseline,influx,telemetry,write,storage_gain,1,2,1.1008279375295056
baseline,influx,telemetry,write,storage_gain,1,3,1.119292675253409
baseline,influx,telemetry,write,storage_gain,1,4,1.1026455270563467
baseline,influx,telemetry,write,storage_gain,1,5,1.101137847285933
baseline,influx,telemetry,write,storage_gain,16,1,1.0890778118411164
baseline,influx,telemetry,write,storage_gain,16,2,1.0926884858481185
baseline,influx,telemetry,write,storage_gain,16,3,1.1023161999893392
baseline,influx,telemetry,write,storage_gain,16,4,1.0409703938374175
baseline,influx,telemetry,write,storage_gain,16,5,1.0932919603732334
baseline,influx,telemetry,write,storage_gain,64,1,1.059963471754945
baseline,influx,telemetry,write,storage_gain,64,2,1.01591715347453
baseline,influx,telemetry,write,storage_gain,64,3,1.0436029644701352
baseline,influx,telemetry,write,storage_gain,64,4,1.0450367784952657
baseline,influx,telemetry,write,storage_gain,64,5,1.005366050161017
baseline,influx,telemetry,write,storage_concurrency_interaction,16,1,1.002737609238544
baseline,influx,telemetry,write,storage_concurrency_interaction,16,2,0.9926060636690837
baseline,influx,telemetry,write,storage_concurrency_interaction,16,3,0.9848328541413655
baseline,influx,telemetry,write,storage_concurrency_interaction,16,4,0.9440662191923285
baseline,influx,telemetry,write,storage_concurrency_interaction,16,5,0.9928747459438997
baseline,influx,telemetry,write,storage_concurrency_interaction,64,1,0.975931403607367
baseline,influx,telemetry,write,storage_concurrency_interaction,64,2,0.922866434289873
baseline,influx,telemetry,write,storage_concurrency_interaction,64,3,0.9323771945830545
baseline,influx,telemetry,write,storage_concurrency_interaction,64,4,0.9477540631621887
baseline,influx,telemetry,write,storage_concurrency_interaction,64,5,0.913024697715211
baseline,influx,telemetry,read,storage_gain,1,1,1.0389022393800067
baseline,influx,telemetry,read,storage_gain,1,2,1.0301477758911686
baseline,influx,telemetry,read,storage_gain,1,3,0.8628110493594272
baseline,influx,telemetry,read,storage_gain,1,4,1.294855150498735
baseline,influx,telemetry,read,storage_gain,1,5,1.0254906982863286
baseline,influx,telemetry,read,storage_gain,16,1,1.0828522657471777
baseline,influx,telemetry,read,storage_gain,16,2,0.4738829111556734
baseline,influx,telemetry,read,storage_gain,16,3,0.47063440273451007
baseline,influx,telemetry,read,storage_gain,16,4,1.0885171751051261
baseline,influx,telemetry,read,storage_gain,16,5,0.4505067789026957
baseline,influx,telemetry,read,storage_gain,64,1,0.9396129821737185
baseline,influx,telemetry,read,storage_gain,64,2,0.8783592215082532
baseline,influx,telemetry,read,storage_gain,64,3,0.8938206939372104
baseline,influx,telemetry,read,storage_gain,64,4,1.0870779429456296
baseline,influx,telemetry,read,storage_gain,64,5,1.0694894494999974
baseline,influx,telemetry,read,storage_concurrency_interaction,16,1,1.042304294572894
baseline,influx,telemetry,read,storage_concurrency_interaction,16,2,0.46001449718776793
baseline,influx,telemetry,read,storage_concurrency_interaction,16,3,0.5454663603159938
baseline,influx,telemetry,read,storage_concurrency_interaction,16,4,0.8406478320651277
baseline,influx,telemetry,read,storage_concurrency_interaction,16,5,0.4393084985124937
baseline,influx,telemetry,read,storage_concurrency_interaction,64,1,0.9044286811186952
baseline,influx,telemetry,read,storage_concurrency_interaction,64,2,0.8526536115154887
baseline,influx,telemetry,read,storage_concurrency_interaction,64,3,1.0359402497230483
baseline,influx,telemetry,read,storage_concurrency_interaction,64,4,0.8395363315556366
baseline,influx,telemetry,read,storage_concurrency_interaction,64,5,1.042905070994007
