dataset,workload,storage,clients,phase,shifter_over_native,native_mean,shifter_mean,scope
baseline,metadata,lustre,1,write,0.9167908616705052,239042.8222621489,219152.2749978649,different_nodes_and_versions
baseline,metadata,lustre,1,read,0.9577243001889104,3967.0142162617476,3799.305914108741,different_nodes_and_versions
baseline,metadata,lustre,16,write,0.9131046498364914,233384.16215588868,213104.16366273566,different_nodes_and_versions
baseline,metadata,lustre,16,read,0.9659190665197114,38439.404705908484,37129.353911104525,different_nodes_and_versions
baseline,metadata,lustre,64,write,0.8436849946981126,197496.07000408304,166624.4707742929,different_nodes_and_versions
baseline,metadata,lustre,64,read,1.0182595858318901,40074.11558864793,40805.852341875936,different_nodes_and_versions
baseline,metadata,tmpfs,1,write,0.8693613664748985,442474.7265063422,384670.43286616064,different_nodes_and_versions
baseline,metadata,tmpfs,1,read,0.9064971559605338,12226.027212139232,11082.858896500307,different_nodes_and_versions
baseline,metadata,tmpfs,16,write,0.8895296275704196,368879.92392310506,328129.6213455244,different_nodes_and_versions
baseline,metadata,tmpfs,16,read,0.9379396666149024,152216.5370921931,142769.9280535265,different_nodes_and_versions
baseline,metadata,tmpfs,64,write,0.911662658904597,192203.90767125794,175225.12551943268,different_nodes_and_versions
baseline,metadata,tmpfs,64,read,0.9673790699209891,81512.6452881434,78853.62698564366,different_nodes_and_versions
baseline,telemetry,lustre,1,write,0.9480771228279372,103835.10903829127,98443.69142554833,different_nodes_and_versions
baseline,telemetry,lustre,1,read,0.9065881991600994,2926.790987726413,2653.394170880897,different_nodes_and_versions
baseline,telemetry,lustre,16,write,0.9362908825331495,160314.9433212791,150101.41976553225,different_nodes_and_versions
baseline,telemetry,lustre,16,read,0.8683664604909402,32505.989792759734,28227.111301093402,different_nodes_and_versions
baseline,telemetry,lustre,64,write,1.0129584507439426,137656.9633674021,139440.7843467593,different_nodes_and_versions
baseline,telemetry,lustre,64,read,0.9988914562461758,39498.78921052581,39455.00307446286,different_nodes_and_versions
baseline,telemetry,tmpfs,1,write,0.9247139198541913,157783.92303055525,145904.98995555675,different_nodes_and_versions
baseline,telemetry,tmpfs,1,read,0.8707503148272032,6512.581146584004,5670.83208372573,different_nodes_and_versions
baseline,telemetry,tmpfs,16,write,0.9517442222211134,225167.3576431332,214301.7316696471,different_nodes_and_versions
baseline,telemetry,tmpfs,16,read,0.8849593080217616,85647.2295602347,75794.31300560627,different_nodes_and_versions
baseline,telemetry,tmpfs,64,write,0.9585756605351905,165677.74929460871,158814.65796606324,different_nodes_and_versions
baseline,telemetry,tmpfs,64,read,1.0748920580660284,80469.01069015637,86495.50051127942,different_nodes_and_versions
read1024,metadata,lustre,1,write,0.9231663456711546,236708.62760691467,218521.4387367096,same_node_sequential_fixed_order_different_versions
read1024,metadata,lustre,1,read,0.9594692092130666,3993.05278803011,3831.2112008772806,same_node_sequential_fixed_order_different_versions
read1024,metadata,lustre,16,write,0.9294914519357685,229856.61283986346,213649.7568055625,same_node_sequential_fixed_order_different_versions
read1024,metadata,lustre,16,read,0.9541874511373247,35898.42612228282,34253.8277214626,same_node_sequential_fixed_order_different_versions
read1024,metadata,lustre,64,write,0.8720962904773208,204288.05710889277,178158.85679348445,same_node_sequential_fixed_order_different_versions
read1024,metadata,lustre,64,read,0.9872777213220078,36151.04482013809,35691.121153435706,same_node_sequential_fixed_order_different_versions
read1024,metadata,tmpfs,1,write,0.8987430904805013,434789.6016673736,390764.1503113215,same_node_sequential_fixed_order_different_versions
read1024,metadata,tmpfs,1,read,0.9608336349998312,11735.980536404775,11276.32483908107,same_node_sequential_fixed_order_different_versions
read1024,metadata,tmpfs,16,write,0.9114436984760713,355766.95621761784,324261.55037056014,same_node_sequential_fixed_order_different_versions
read1024,metadata,tmpfs,16,read,1.1102316435853912,114105.59605343449,126683.64344869531,same_node_sequential_fixed_order_different_versions
read1024,metadata,tmpfs,64,write,1.0004074459345773,183068.59284067404,183143.18339457575,same_node_sequential_fixed_order_different_versions
read1024,metadata,tmpfs,64,read,0.9144873739898929,76106.61619015943,69598.53958299557,same_node_sequential_fixed_order_different_versions
read1024,telemetry,lustre,1,write,0.9389854088376374,105482.00547796267,99046.06403873868,same_node_sequential_fixed_order_different_versions
read1024,telemetry,lustre,1,read,0.937144698445814,2775.5856168703563,2601.125345932509,same_node_sequential_fixed_order_different_versions
read1024,telemetry,lustre,16,write,0.9423233938240844,158111.77154721023,148992.42116790544,same_node_sequential_fixed_order_different_versions
read1024,telemetry,lustre,16,read,0.9761882097110135,26600.68947503446,25967.27943571249,same_node_sequential_fixed_order_different_versions
read1024,telemetry,lustre,64,write,0.8076731024538145,164180.06283038357,132603.8207072781,same_node_sequential_fixed_order_different_versions
read1024,telemetry,lustre,64,read,0.9646192405676057,34813.35688048841,33581.633875665764,same_node_sequential_fixed_order_different_versions
read1024,telemetry,tmpfs,1,write,0.9122131585995005,157949.58202962,144083.68712271057,same_node_sequential_fixed_order_different_versions
read1024,telemetry,tmpfs,1,read,0.9075303268118753,6012.497549037637,5456.523865633726,same_node_sequential_fixed_order_different_versions
read1024,telemetry,tmpfs,16,write,0.9081468221889272,235062.12013285948,213470.91741564817,same_node_sequential_fixed_order_different_versions
read1024,telemetry,tmpfs,16,read,1.1659384316916788,53311.20918415005,62157.58762775493,same_node_sequential_fixed_order_different_versions
read1024,telemetry,tmpfs,64,write,0.815577890086357,180384.47887450544,147117.59268479617,same_node_sequential_fixed_order_different_versions
read1024,telemetry,tmpfs,64,read,0.9932251016067721,72900.86940422533,72406.97342123374,same_node_sequential_fixed_order_different_versions
