dataset,deployment,workload,phase,clients,ratio_of_means,geometric_ratio,log_t95_low,log_t95_high,n_blocks
read1024,sqlite-native,metadata,write,1,1.8368134954058288,1.836856697347797,1.8182832942974234,1.8556198240248212,5
read1024,sqlite-native,metadata,write,16,1.547777772508436,1.5476188338691848,1.4971062676262403,1.599835700871282,5
read1024,sqlite-native,metadata,write,64,0.8961296878118137,0.89967856610393,0.749900377965057,1.0793720687316948,5
read1024,sqlite-native,metadata,read,1,2.9390997713793006,2.9396600381747127,2.7832531254221395,3.104856349970206,5
read1024,sqlite-native,metadata,read,16,3.17856820978029,3.11452208759066,2.358546348522614,4.112807806455145,5
read1024,sqlite-native,metadata,read,64,2.1052397397865503,2.100848622250975,1.926072116630444,2.291484776455362,5
read1024,sqlite-native,telemetry,write,1,1.4974078404550137,1.4973642068127329,1.467305958344404,1.5280382084549964,5
read1024,sqlite-native,telemetry,write,16,1.4866832357429682,1.48832908906602,1.3214172861835765,1.6763239746603062,5
read1024,sqlite-native,telemetry,write,64,1.0986990488660175,1.0902516929868329,0.89766927353068,1.3241499838637734,5
read1024,sqlite-native,telemetry,read,1,2.166208641698143,2.166283527670407,2.108935359941276,2.2251911610922086,5
read1024,sqlite-native,telemetry,read,16,2.0041288491482225,1.933866485900089,1.3432980468112727,2.7840728229786444,5
read1024,sqlite-native,telemetry,read,64,2.0940488346035813,2.0889781179398685,1.8768946824969928,2.325026341609121,5
read1024,sqlite-shifter,metadata,write,1,1.7882188245252328,1.7882980654759315,1.7601703397530961,1.8168752755108648,5
read1024,sqlite-shifter,metadata,write,16,1.517724874667949,1.5175167313938291,1.4587148814969466,1.5786889263082018,5
read1024,sqlite-shifter,metadata,write,64,1.027976866773842,1.0355186694937835,0.7812636485345877,1.372518632962741,5
read1024,sqlite-shifter,metadata,read,1,2.9432793567994864,2.94346439387086,2.8838326104866514,3.0043292410524094,5
read1024,sqlite-shifter,metadata,read,16,3.6983791849142302,3.69707456716999,3.4231499146249793,3.992919006210862,5
read1024,sqlite-shifter,metadata,read,64,1.950023908853753,1.9474946582232338,1.8016187959053755,2.1051819910116163,5
read1024,sqlite-shifter,telemetry,write,1,1.4547139103514186,1.4547406169956005,1.434799683254696,1.4749586910530939,5
read1024,sqlite-shifter,telemetry,write,16,1.4327635979220672,1.4319918701510668,1.3559804761535186,1.5122641898175746,5
read1024,sqlite-shifter,telemetry,write,64,1.10945214021817,1.1082395650761534,1.0273510149334983,1.1954968805668473,5
read1024,sqlite-shifter,telemetry,read,1,2.0977550636559386,2.0978456059744985,2.0703509459780767,2.125705400360231,5
read1024,sqlite-shifter,telemetry,read,16,2.39368886454352,2.3397582749055443,1.7457813711929715,3.1358272435041603,5
read1024,sqlite-shifter,telemetry,read,64,2.1561480209484967,2.155513086826627,2.0467193163913957,2.270089811666364,5
read1024,postgres,metadata,write,1,1.3975256490746708,1.397582060608274,1.3806057632361746,1.414767103069044,5
read1024,postgres,metadata,write,16,1.4594976193095446,1.4587509806578074,1.3887425926039965,1.5322885860222957,5
read1024,postgres,metadata,write,64,1.3146501435856885,1.3144828985383399,1.2587844901671097,1.3726458373508983,5
read1024,postgres,metadata,read,1,1.092866249925437,1.0929065181295583,1.056781388189915,1.13026655344106,5
read1024,postgres,metadata,read,16,1.0959079540442733,1.091499200089134,0.9513094460611375,1.25234802274701,5
read1024,postgres,metadata,read,64,1.0366199638390654,1.026855011034452,0.8145016801806133,1.2945721774972248,5
read1024,postgres,telemetry,write,1,1.3410077722584366,1.3411505082092994,1.314593930938705,1.3682435642964552,5
read1024,postgres,telemetry,write,16,1.2759023946709485,1.2748307710842595,1.1911003091192502,1.3644472110875565,5
read1024,postgres,telemetry,write,64,1.3090802644905448,1.3090094935174115,1.2702357472044266,1.348966802335587,5
read1024,postgres,telemetry,read,1,1.0431474249775508,1.0427398511576675,1.002031732657602,1.0851017605086677,5
read1024,postgres,telemetry,read,16,1.1009078474195413,1.1010690616086674,1.072200037779283,1.130715384922752,5
read1024,postgres,telemetry,read,64,1.0028377365874905,1.0001273042913756,0.7815046033228688,1.2799088073648763,5
baseline,sqlite-native,metadata,write,1,1.8510270349012927,1.851034680145486,1.800284984439231,1.9032150002454,5
baseline,sqlite-native,metadata,write,16,1.5805696518374377,1.5807206248261387,1.5480633351538513,1.614066838875434,5
baseline,sqlite-native,metadata,write,64,0.9732037081410496,0.9720805786348956,0.8019085928958201,1.1783645414582997,5
baseline,sqlite-native,metadata,read,1,3.0819217037392503,3.0820820148669994,3.038368356435678,3.1264245910954016,5
baseline,sqlite-native,metadata,read,16,3.9599088033950753,3.9603306987414784,3.8550655145640027,4.068470220322055,5
baseline,sqlite-native,metadata,read,64,2.03404726694041,2.0302244300996066,1.8642819318744226,2.2109377160722907,5
baseline,sqlite-native,telemetry,write,1,1.5195623570094128,1.5198144627595225,1.4863308056352154,1.5540524306268806,5
baseline,sqlite-native,telemetry,write,16,1.404531311793478,1.4035837321129998,1.344101512116354,1.4656982938366914,5
baseline,sqlite-native,telemetry,write,64,1.2035551652582952,1.2029855975161023,1.045325723144489,1.3844243146316797,5
baseline,sqlite-native,telemetry,read,1,2.2251609950607034,2.225091335764215,2.1842655270623923,2.266680214081663,5
baseline,sqlite-native,telemetry,read,16,2.6348137714394855,2.634708678833056,2.586711290445591,2.6835966765825034,5
baseline,sqlite-native,telemetry,read,64,2.0372525917506517,2.036756338353589,1.9592809668727638,2.1172952996347445,5
baseline,sqlite-shifter,metadata,write,1,1.7552655242566306,1.7551064312951226,1.724633401198765,1.7861178978862202,5
baseline,sqlite-shifter,metadata,write,16,1.5397616625868984,1.539982150705574,1.5167190731323836,1.5636020318475747,5
baseline,sqlite-shifter,metadata,write,64,1.0516169966222435,1.0552933132046567,0.9262726067378055,1.2022853410472214,5
baseline,sqlite-shifter,metadata,read,1,2.9170746307487523,2.916973632961821,2.8734622011362707,2.961143937104801,5
baseline,sqlite-shifter,metadata,read,16,3.8452036734963855,3.8444970923641812,3.5328776245546987,4.183603131472635,5
baseline,sqlite-shifter,metadata,read,64,1.9324097515473826,1.9195792255686133,1.631188832819117,2.258956369181571,5
baseline,sqlite-shifter,telemetry,write,1,1.4821162010762547,1.482110100902452,1.470810031418393,1.493496987560461,5
baseline,sqlite-shifter,telemetry,write,16,1.427712889087923,1.4274796235670144,1.3681702459270841,1.4893600279388208,5
baseline,sqlite-shifter,telemetry,write,64,1.1389397923288016,1.1397340319379374,1.0414675422136699,1.2472723449416945,5
baseline,sqlite-shifter,telemetry,read,1,2.1371992695088635,2.1371306576177944,2.111260287397131,2.163318030938146,5
baseline,sqlite-shifter,telemetry,read,16,2.685160100058496,2.687483333563304,2.5659506635532994,2.814772228776527,5
baseline,sqlite-shifter,telemetry,read,64,2.1922568437781567,2.189051214350659,1.993198559947029,2.404148445289588,5
baseline,postgres,metadata,write,1,1.424339771371611,1.424341721692107,1.4143259991381838,1.4344283718103532,5
baseline,postgres,metadata,write,16,1.5289804970622733,1.52892906664833,1.4648969103372087,1.5957601346186394,5
baseline,postgres,metadata,write,64,1.3554363311110897,1.3553068363878793,1.335359956586285,1.3755516718169856,5
baseline,postgres,metadata,read,1,1.0715795834217523,1.071594766006939,1.0583301942167533,1.0850255891860943,5
baseline,postgres,metadata,read,16,1.0069996778338208,1.0050079817769442,0.8951458017371674,1.1283536620238035,5
baseline,postgres,metadata,read,64,1.0533455222186454,1.05317798272775,1.0103874381159206,1.0977807338646244,5
baseline,postgres,telemetry,write,1,1.3650639492268022,1.365076147788285,1.3486510574461723,1.3817012777116198,5
baseline,postgres,telemetry,write,16,1.391735575484442,1.3830231479406496,1.2210939117307704,1.566425816527527,5
baseline,postgres,telemetry,write,64,1.2577674916699362,1.2578857441115108,1.2079581821044556,1.3098769218007127,5
baseline,postgres,telemetry,read,1,1.0602949809826359,1.0602539179373003,1.0424934774566637,1.0783169341681813,5
baseline,postgres,telemetry,read,16,1.1198199319209703,1.1209854156691736,0.9737940966709989,1.290425056424984,5
baseline,postgres,telemetry,read,64,1.0182124964895274,1.0169056340585132,0.8301934646546716,1.245609743519351,5
baseline,influx,metadata,write,1,1.1321147048048181,1.1321107947865465,1.1180692289802983,1.146328705281639,5
baseline,influx,metadata,write,16,1.1245054772435024,1.1245468497555147,1.1038090115884078,1.1456743005524603,5
baseline,influx,metadata,write,64,1.1071591525656312,1.1069742950478962,1.0505541438696615,1.1664244980112293,5
baseline,influx,metadata,read,1,1.092695329807845,1.0927741612315294,1.072639306441911,1.11328697380711,5
baseline,influx,metadata,read,16,1.0865618514477768,1.0870173451764376,1.031707837972118,1.1452919762991693,5
baseline,influx,metadata,read,64,1.105662406335841,1.104018234610285,0.9956490821826564,1.2241825801516737,5
baseline,influx,telemetry,write,1,1.1019500630894894,1.1019514586904637,1.087445078501629,1.1166513521613421,5
baseline,influx,telemetry,write,16,1.0830416778753906,1.0834458236678557,1.053209868310805,1.1145498045000375,5
baseline,influx,telemetry,write,64,1.0340687210557635,1.033779837092811,1.0060870221265594,1.0622349042140842,5
baseline,influx,telemetry,read,1,1.032059629006506,1.0416182122994901,0.870834778350441,1.2458947749527902,5
baseline,influx,telemetry,read,16,0.6067987071497821,0.6526676826244411,0.3664050297033776,1.1625798485550414,5
baseline,influx,telemetry,read,64,0.9725461579710162,0.9697543882518608,0.8564259652028391,1.0980792406393323,5
