dataset,deployment,workload,phase,clients,geometric_ratio,log_t95_low,log_t95_high,n_blocks
read1024,sqlite-native,metadata,write,16,0.8425365114784199,0.8216182767120167,0.8639873202614253,5
read1024,sqlite-native,metadata,write,64,0.4897924630718112,0.40505536545054743,0.5922564600893804,5
read1024,sqlite-native,metadata,read,16,1.0594837658590353,0.8141933337689686,1.3786723663318026,5
read1024,sqlite-native,metadata,read,64,0.7146569994384213,0.6431393585705519,0.7941274624857226,5
read1024,sqlite-native,telemetry,write,16,0.9939659852255015,0.8816204364800594,1.120627810909018,5
read1024,sqlite-native,telemetry,write,64,0.7281139004300939,0.6035325005663551,0.8784114384925947,5
read1024,sqlite-native,telemetry,read,16,0.8927116239395235,0.6248556972698014,1.2753889369958638,5
read1024,sqlite-native,telemetry,read,64,0.9643142696959565,0.8474245136956917,1.0973272494606778,5
read1024,sqlite-shifter,metadata,write,16,0.8485815428033595,0.8036966232566571,0.895973199275931,5
read1024,sqlite-shifter,metadata,write,64,0.5790526140384736,0.43900813275698986,0.7637715677818518,5
read1024,sqlite-shifter,metadata,read,16,1.256028296067845,1.1416405035234272,1.3818772859355903,5
read1024,sqlite-shifter,metadata,read,64,0.6616335031191402,0.6076737561027301,0.7203847262670005,5
read1024,sqlite-shifter,telemetry,write,16,0.9843623347153698,0.926681328817887,1.0456336778063187,5
read1024,sqlite-shifter,telemetry,write,64,0.7618124854209011,0.697518277598336,0.832033054304232,5
read1024,sqlite-shifter,telemetry,read,16,1.1153148107001285,0.8408250496009971,1.4794125455198477,5
read1024,sqlite-shifter,telemetry,read,64,1.0274889060891306,0.9704279152059075,1.087905073209101,5
read1024,postgres,metadata,write,16,1.0437676768853992,0.9920474165334061,1.0981843661442137,5
read1024,postgres,metadata,write,64,0.9405407636430547,0.8996865844523319,0.9832501043824671,5
read1024,postgres,metadata,read,16,0.9987123161797653,0.8925339197251474,1.11752199938385,5
read1024,postgres,metadata,read,64,0.9395634429849049,0.7580722844752857,1.164505656613843,5
read1024,postgres,telemetry,write,16,0.9505501159496336,0.9023821368554861,1.0012892388145334,5
read1024,postgres,telemetry,write,64,0.9760347444264088,0.9400625926617615,1.0133833957057479,5
read1024,postgres,telemetry,read,16,1.055938411087139,1.0121152808725793,1.1016590195614349,5
read1024,postgres,telemetry,read,64,0.9591340574362984,0.7713967964740234,1.1925615251958017,5
baseline,sqlite-native,metadata,write,16,0.8539659692934002,0.8237986134754572,0.8852380482101195,5
baseline,sqlite-native,metadata,write,64,0.5251552491488127,0.4319109178333038,0.6385299012399406,5
baseline,sqlite-native,metadata,read,16,1.2849530543438112,1.245329366928605,1.3258374818058456,5
baseline,sqlite-native,metadata,read,64,0.6587184962328839,0.6037257423441696,0.7187204832354991,5
baseline,sqlite-native,telemetry,write,16,0.9235230789714404,0.8900918126004869,0.9582100018436039,5
baseline,sqlite-native,telemetry,write,64,0.7915345109506625,0.6946627300090966,0.9019152100152258,5
baseline,sqlite-native,telemetry,read,16,1.1840901254186744,1.1431449711267134,1.2265018528070817,5
baseline,sqlite-native,telemetry,read,64,0.9153585318573263,0.8915199152928089,0.9398345762907696,5
baseline,sqlite-shifter,metadata,write,16,0.877429495582895,0.8523167654565791,0.9032821492211686,5
baseline,sqlite-shifter,metadata,write,64,0.6012702673683089,0.5222960806466269,0.6921858076621438,5
baseline,sqlite-shifter,metadata,read,16,1.3179745778026033,1.220771837345924,1.422916989558409,5
baseline,sqlite-shifter,metadata,read,64,0.658072189572561,0.5624210482997489,0.7699907533652984,5
baseline,sqlite-shifter,telemetry,write,16,0.9631400681351721,0.9198193059994784,1.0085011097255117,5
baseline,sqlite-shifter,telemetry,write,64,0.7689941734044974,0.6996675711327479,0.8451900061234495,5
baseline,sqlite-shifter,telemetry,read,16,1.2575194333504034,1.2093896769750858,1.3075645967221998,5
baseline,sqlite-shifter,telemetry,read,64,1.024294516831619,0.9260479713267118,1.1329642628644856,5
baseline,postgres,metadata,write,16,1.0734285483345765,1.0350799240506905,1.1131979488795956,5
baseline,postgres,metadata,write,64,0.9515320767110473,0.9393975196401573,0.9638233804969628,5
baseline,postgres,metadata,read,16,0.9378619732549498,0.837440994372752,1.0503248429299576,5
baseline,postgres,metadata,read,64,0.9828136681295907,0.9356550299366565,1.0323491835743501,5
baseline,postgres,telemetry,write,16,1.013147252027986,0.9000022848325283,1.1405163871143544,5
baseline,postgres,telemetry,write,64,0.9214766122384854,0.8871633581799839,0.9571170169206316,5
baseline,postgres,telemetry,read,16,1.0572801445997249,0.9179865529543432,1.217709889722548,5
baseline,postgres,telemetry,read,64,0.9591151863290256,0.7917949016216262,1.1617932102909063,5
baseline,influx,metadata,write,16,0.9933187236921823,0.9634659605572469,1.0240964675771125,5
baseline,influx,metadata,write,64,0.9777967846836143,0.9294832410622286,1.0286216145704608,5
baseline,influx,metadata,read,16,0.994731925168688,0.9396182521461661,1.0530783120588851,5
baseline,influx,metadata,read,64,1.0102894758840963,0.9090341089528404,1.1228234617707993,5
baseline,influx,telemetry,write,16,0.9832064880202619,0.9548240437673621,1.0124326093328537,5
baseline,influx,telemetry,write,64,0.9381355493837573,0.908314439705338,0.9689357237379962,5
baseline,influx,telemetry,read,16,0.6265901219061861,0.3895444417312232,1.0078828980989663,5
baseline,influx,telemetry,read,64,0.9310075196467794,0.8178733351639159,1.0597912468501394,5
