deployment,workload,phase,storage,clients,ratio_of_arithmetic_means,geometric_ratio,log_t95_low,log_t95_high,n_blocks
sqlite-native,metadata,write,lustre,16,0.9763278392854039,0.9762684530087867,0.9544698830828465,0.9985648675071311,5
sqlite-native,metadata,write,lustre,64,0.8261953575309483,0.823745544655936,0.7348967409342425,0.9233361430857413,5
sqlite-native,metadata,write,tmpfs,16,0.8336745622415064,0.8337000357642168,0.8138781636137404,0.8540046664320189,5
sqlite-native,metadata,write,tmpfs,64,0.43438392332336523,0.43259429673901256,0.381738921985262,0.4902246399133117,5
sqlite-native,metadata,read,lustre,16,9.689757235639867,9.687461516840672,9.282709096562222,10.109862289557736,5
sqlite-native,metadata,read,lustre,64,10.101833117807965,10.102343386914507,9.927124273635663,10.280655212323468,5
sqlite-native,metadata,read,tmpfs,16,12.450204342834864,12.447933264902554,12.069805239196482,12.837907447277338,5
sqlite-native,metadata,read,tmpfs,64,6.667140836003491,6.654600444256541,6.099990616787175,7.259635277279047,5
sqlite-native,telemetry,write,lustre,16,1.543937737496474,1.5441056273182538,1.5021100914473922,1.5872752615745283,5
sqlite-native,telemetry,write,lustre,64,1.3257265740110924,1.3214299679992056,1.1648228370550706,1.4990924840906306,5
sqlite-native,telemetry,write,tmpfs,16,1.427061473173848,1.4260171831980812,1.346728666169499,1.5099738038250465,5
sqlite-native,telemetry,write,tmpfs,64,1.0500293446406754,1.045957423475801,0.9218290364757339,1.1868002508434055,5
sqlite-native,telemetry,read,lustre,16,11.106358441403774,11.106339730446788,10.90588418185802,11.310479751224145,5
sqlite-native,telemetry,read,lustre,64,13.495596158442876,13.495117763947224,13.244064134383702,13.750930349997025,5
sqlite-native,telemetry,read,tmpfs,16,13.15104221083811,13.150907204367142,12.773252558232691,13.539727607312296,5
sqlite-native,telemetry,read,tmpfs,64,12.355932137961027,12.352871183648457,12.007018440780888,12.708685943343013,5
sqlite-shifter,metadata,write,lustre,16,0.972402242526626,0.9722399743167238,0.9447672575343595,1.0005115652782948,5
sqlite-shifter,metadata,write,lustre,64,0.7603136712859414,0.7576258007266437,0.6711310868631468,0.8552678681739178,5
sqlite-shifter,metadata,write,tmpfs,16,0.8530149273513085,0.8530720302502497,0.837818868263861,0.8686028882391945,5
sqlite-shifter,metadata,write,tmpfs,64,0.45552012982604045,0.45553786776803806,0.4437800268529055,0.4676072297400464,5
sqlite-shifter,metadata,read,lustre,16,9.772667626795855,9.765551010532457,9.225427878535957,10.337296848983199,5
sqlite-shifter,metadata,read,lustre,64,10.740343963970684,10.740310080971987,10.687299924395118,10.793583173624404,5
sqlite-shifter,metadata,read,tmpfs,16,12.88204870122543,12.870747970116303,12.260921684669686,13.510905425436277,5
sqlite-shifter,metadata,read,tmpfs,64,7.114917524623875,7.067899371673485,6.028576587706987,8.286400745072607,5
sqlite-shifter,telemetry,write,lustre,16,1.5247439179894222,1.5246648097243714,1.5019379827913368,1.5477355314575654,5
sqlite-shifter,telemetry,write,lustre,64,1.4164522106753434,1.4138879373242765,1.3010640739842698,1.5364955033992174,5
sqlite-shifter,telemetry,write,tmpfs,16,1.4687758913175228,1.4684657687212301,1.422837284680968,1.515557497067941,5
sqlite-shifter,telemetry,write,tmpfs,64,1.0884799622990196,1.0872715856492718,1.013095002081893,1.1668792152078178,5
sqlite-shifter,telemetry,read,lustre,16,10.638114612169483,10.62772234924753,9.987740835257512,11.308711769330099,5
sqlite-shifter,telemetry,read,lustre,64,14.869635091330679,14.862218438872942,14.19447660583418,15.561372430878293,5
sqlite-shifter,telemetry,read,tmpfs,16,13.365642270227386,13.364567386431172,13.000360601818585,13.738977471246008,5
sqlite-shifter,telemetry,read,tmpfs,64,15.252699997854984,15.223288854891337,13.879702206350807,16.69693773785865,5
postgres,metadata,write,lustre,16,4.950011719143902,4.949212978077143,4.845643020072898,5.054996622924715,5
postgres,metadata,write,lustre,64,5.392260327786047,5.391995744266093,5.309272333958592,5.476008062390421,5
postgres,metadata,write,tmpfs,16,5.313669905820598,5.312626502455995,5.187184548140917,5.441102026091066,5
postgres,metadata,write,tmpfs,64,5.131405934169702,5.130656908158646,4.99852698011021,5.2662795287454145,5
postgres,metadata,read,lustre,16,11.62832332619497,11.618535707345686,10.994350365485078,12.278158098967486,5
postgres,metadata,read,lustre,64,32.936866860967406,32.936245674688024,32.16604613849139,33.72488724516527,5
postgres,metadata,read,tmpfs,16,10.927529811490563,10.896582824824318,9.750405021733538,12.177495908487519,5
postgres,metadata,read,tmpfs,64,32.37641119768973,32.37019242595751,31.53707491745467,33.22531846837767,5
postgres,telemetry,write,lustre,16,3.438526061747633,3.436468497750785,3.2361166090180933,3.6492244139548284,5
postgres,telemetry,write,lustre,64,3.474515902169951,3.4718519821713767,3.250471401844546,3.708310179030392,5
postgres,telemetry,write,tmpfs,16,3.505710520064062,3.4816486151769506,2.9503431212983258,4.108632989856866,5
postgres,telemetry,write,tmpfs,64,3.2014127642261228,3.1992304027247505,3.0439646005311842,3.3624159649991685,5
postgres,telemetry,read,lustre,16,9.98357654315116,9.958792028258872,8.977509199752369,11.04733355938506,5
postgres,telemetry,read,lustre,64,31.259287190997753,31.16256021309371,27.683783922541608,35.078483553831155,5
postgres,telemetry,read,tmpfs,16,10.544054442772484,10.529233075676128,9.755148748137524,11.364742047944551,5
postgres,telemetry,read,tmpfs,64,30.018624458385677,29.888484745270855,26.62131330840324,33.55662848107138,5
influx,metadata,write,lustre,16,7.962833477468209,7.962402020681869,7.816163408121749,8.111376723915487,5
influx,metadata,write,lustre,64,9.604382734104314,9.602165112068521,9.3455643272752,9.86581137431518,5
influx,metadata,write,tmpfs,16,7.909313271692448,7.90920301270777,7.79721218933662,8.02280235258646,5
influx,metadata,write,tmpfs,64,9.392670374898268,9.388966172581776,9.013913046927103,9.779624601541576,5
influx,metadata,read,lustre,16,7.124316954864511,7.120818854894316,6.799583665265746,7.457230274735751,5
influx,metadata,read,lustre,64,9.70192963335963,9.700087676951012,9.312787935287194,10.103494420184628,5
influx,metadata,read,tmpfs,16,7.084326993636608,7.083305848306516,6.899884746734568,7.271602871975248,5
influx,metadata,read,tmpfs,64,9.817062974367987,9.79989649517662,9.119801489181253,10.530708528042423,5
influx,telemetry,write,lustre,16,8.88030952678407,8.876304618133082,8.532934942812322,9.233491665169444,5
influx,telemetry,write,lustre,64,12.57448628478757,12.572124165024348,12.208027085495969,12.947080221387617,5
influx,telemetry,write,tmpfs,16,8.72793210154749,8.727240290192656,8.553208991773271,8.904812586249145,5
influx,telemetry,write,tmpfs,64,11.799884029216265,11.79435661047593,11.288943328462087,12.322397571467658,5
influx,telemetry,read,lustre,16,5.33545277483747,5.004587165752093,3.211843434574308,7.797980570908527,5
influx,telemetry,read,lustre,64,5.653823010316071,5.7053262211297735,4.731456422172802,6.879646431270063,5
influx,telemetry,read,tmpfs,16,3.1369755727647837,3.135824882278737,3.0079940451835334,3.2690881513093113,5
influx,telemetry,read,tmpfs,64,5.327796662121309,5.311701613909764,4.690171966460723,6.015594787775436,5
