kind,deployment,workload,phase,storage,clients,repetition,ratio
storage_gain,sqlite-native,metadata,write,tmpfs/lustre,1,1,1.7821136902091606
storage_gain,sqlite-native,metadata,write,tmpfs/lustre,1,2,1.8627949836348012
storage_gain,sqlite-native,metadata,write,tmpfs/lustre,1,3,1.8497657029864916
storage_gain,sqlite-native,metadata,write,tmpfs/lustre,1,4,1.8835368872096268
storage_gain,sqlite-native,metadata,write,tmpfs/lustre,1,5,1.8788039258798253
storage_gain,sqlite-native,metadata,write,tmpfs/lustre,16,1,1.5690247485863664
storage_gain,sqlite-native,metadata,write,tmpfs/lustre,16,2,1.5888912785814615
storage_gain,sqlite-native,metadata,write,tmpfs/lustre,16,3,1.6238201397625975
storage_gain,sqlite-native,metadata,write,tmpfs/lustre,16,4,1.5562010886469606
storage_gain,sqlite-native,metadata,write,tmpfs/lustre,16,5,1.566563436992471
storage_gain,sqlite-native,metadata,write,tmpfs/lustre,64,1,0.9041706372846632
storage_gain,sqlite-native,metadata,write,tmpfs/lustre,64,2,1.0452666559488917
storage_gain,sqlite-native,metadata,write,tmpfs/lustre,64,3,1.2232346181964615
storage_gain,sqlite-native,metadata,write,tmpfs/lustre,64,4,0.9165544318530177
storage_gain,sqlite-native,metadata,write,tmpfs/lustre,64,5,0.8191544801844819
concurrency_scaling,sqlite-native,metadata,write,lustre,16,1,0.9773371543160358
concurrency_scaling,sqlite-native,metadata,write,lustre,16,2,0.9654354872750802
concurrency_scaling,sqlite-native,metadata,write,lustre,16,3,0.9527412486013954
concurrency_scaling,sqlite-native,metadata,write,lustre,16,4,0.9911871655236997
concurrency_scaling,sqlite-native,metadata,write,lustre,16,5,0.9952861789001344
concurrency_scaling,sqlite-native,metadata,write,lustre,64,1,0.8236462840017705
concurrency_scaling,sqlite-native,metadata,write,lustre,64,2,0.7554910371775039
concurrency_scaling,sqlite-native,metadata,write,lustre,64,3,0.7789379189444987
concurrency_scaling,sqlite-native,metadata,write,lustre,64,4,0.8160107821042982
concurrency_scaling,sqlite-native,metadata,write,lustre,64,5,0.9589513841800107
concurrency_scaling,sqlite-native,metadata,write,tmpfs,16,1,0.8604760690968348
concurrency_scaling,sqlite-native,metadata,write,tmpfs,16,2,0.8234787183994006
concurrency_scaling,sqlite-native,metadata,write,tmpfs,16,3,0.8363656137443303
concurrency_scaling,sqlite-native,metadata,write,tmpfs,16,4,0.81893089353084
concurrency_scaling,sqlite-native,metadata,write,tmpfs,16,5,0.8298784751999866
concurrency_scaling,sqlite-native,metadata,write,tmpfs,64,1,0.4178839933694806
concurrency_scaling,sqlite-native,metadata,write,tmpfs,64,2,0.423927268952055
concurrency_scaling,sqlite-native,metadata,write,tmpfs,64,3,0.5151051435003162
concurrency_scaling,sqlite-native,metadata,write,tmpfs,64,4,0.397081843130531
concurrency_scaling,sqlite-native,metadata,write,tmpfs,64,5,0.4181007458041745
storage_concurrency_interaction,sqlite-native,metadata,write,tmpfs/lustre,16,1,0.8804290978777091
storage_concurrency_interaction,sqlite-native,metadata,write,tmpfs/lustre,16,2,0.852960896148173
storage_concurrency_interaction,sqlite-native,metadata,write,tmpfs/lustre,16,3,0.8778517934141067
storage_concurrency_interaction,sqlite-native,metadata,write,tmpfs/lustre,16,4,0.8262121645795857
storage_concurrency_interaction,sqlite-native,metadata,write,tmpfs/lustre,16,5,0.8338089011916796
storage_concurrency_interaction,sqlite-native,metadata,write,tmpfs/lustre,64,1,0.5073585609336426
storage_concurrency_interaction,sqlite-native,metadata,write,tmpfs/lustre,64,2,0.5611281247436594
storage_concurrency_interaction,sqlite-native,metadata,write,tmpfs/lustre,64,3,0.6612916523544141
storage_concurrency_interaction,sqlite-native,metadata,write,tmpfs/lustre,64,4,0.4866134759966665
storage_concurrency_interaction,sqlite-native,metadata,write,tmpfs/lustre,64,5,0.43599785422040777
storage_gain,sqlite-native,metadata,read,tmpfs/lustre,1,1,3.1085076704792387
storage_gain,sqlite-native,metadata,read,tmpfs/lustre,1,2,3.129583800365264
storage_gain,sqlite-native,metadata,read,tmpfs/lustre,1,3,3.067650450567856
storage_gain,sqlite-native,metadata,read,tmpfs/lustre,1,4,3.043731718726133
storage_gain,sqlite-native,metadata,read,tmpfs/lustre,1,5,3.061753238807484
storage_gain,sqlite-native,metadata,read,tmpfs/lustre,16,1,3.884624692537887
storage_gain,sqlite-native,metadata,read,tmpfs/lustre,16,2,3.978164460766163
storage_gain,sqlite-native,metadata,read,tmpfs/lustre,16,3,3.9720627497564784
storage_gain,sqlite-native,metadata,read,tmpfs/lustre,16,4,3.8794335206286577
storage_gain,sqlite-native,metadata,read,tmpfs/lustre,16,5,4.091108963504165
storage_gain,sqlite-native,metadata,read,tmpfs/lustre,64,1,2.232040681099507
storage_gain,sqlite-native,metadata,read,tmpfs/lustre,64,2,1.9227820689677289
storage_gain,sqlite-native,metadata,read,tmpfs/lustre,64,3,1.9096278723463032
storage_gain,sqlite-native,metadata,read,tmpfs/lustre,64,4,2.131945613659548
storage_gain,sqlite-native,metadata,read,tmpfs/lustre,64,5,1.9740730131960245
concurrency_scaling,sqlite-native,metadata,read,lustre,16,1,9.874272316570723
concurrency_scaling,sqlite-native,metadata,read,lustre,16,2,10.020059631623125
concurrency_scaling,sqlite-native,metadata,read,lustre,16,3,9.242849340035416
concurrency_scaling,sqlite-native,metadata,read,lustre,16,4,9.877125856766428
concurrency_scaling,sqlite-native,metadata,read,lustre,16,5,9.44578559329505
concurrency_scaling,sqlite-native,metadata,read,lustre,64,1,10.158186305303268
concurrency_scaling,sqlite-native,metadata,read,lustre,64,2,10.319103231382183
concurrency_scaling,sqlite-native,metadata,read,lustre,64,3,9.943757638904023
concurrency_scaling,sqlite-native,metadata,read,lustre,64,4,10.034621724040251
concurrency_scaling,sqlite-native,metadata,read,lustre,64,5,10.060069135501436
concurrency_scaling,sqlite-native,metadata,read,tmpfs,16,1,12.339632430722066
concurrency_scaling,sqlite-native,metadata,read,tmpfs,16,2,12.736979631805497
concurrency_scaling,sqlite-native,metadata,read,tmpfs,16,3,11.967849061280731
concurrency_scaling,sqlite-native,metadata,read,tmpfs,16,4,12.589037627877559
concurrency_scaling,sqlite-native,metadata,read,tmpfs,16,5,12.621441080966783
concurrency_scaling,sqlite-native,metadata,read,tmpfs,64,1,7.294009693123653
concurrency_scaling,sqlite-native,metadata,read,tmpfs,64,2,6.339944199229577
concurrency_scaling,sqlite-native,metadata,read,tmpfs,64,3,6.190039265911973
concurrency_scaling,sqlite-native,metadata,read,tmpfs,64,4,7.0286312153207655
concurrency_scaling,sqlite-native,metadata,read,tmpfs,64,5,6.4862545875887125
storage_concurrency_interaction,sqlite-native,metadata,read,tmpfs/lustre,16,1,1.2496751188453699
storage_concurrency_interaction,sqlite-native,metadata,read,tmpfs/lustre,16,2,1.2711480869442955
storage_concurrency_interaction,sqlite-native,metadata,read,tmpfs/lustre,16,3,1.2948224752990372
storage_concurrency_interaction,sqlite-native,metadata,read,tmpfs/lustre,16,4,1.2745648694203193
storage_concurrency_interaction,sqlite-native,metadata,read,tmpfs/lustre,16,5,1.336198133686829
storage_concurrency_interaction,sqlite-native,metadata,read,tmpfs/lustre,64,1,0.7180425199836786
storage_concurrency_interaction,sqlite-native,metadata,read,tmpfs/lustre,64,2,0.6143890662852085
storage_concurrency_interaction,sqlite-native,metadata,read,tmpfs/lustre,64,3,0.6225050419264065
storage_concurrency_interaction,sqlite-native,metadata,read,tmpfs/lustre,64,4,0.7004380841264858
storage_concurrency_interaction,sqlite-native,metadata,read,tmpfs/lustre,64,5,0.6447524863123528
storage_gain,sqlite-native,telemetry,write,tmpfs/lustre,1,1,1.5157318720762185
storage_gain,sqlite-native,telemetry,write,tmpfs/lustre,1,2,1.5125619023045056
storage_gain,sqlite-native,telemetry,write,tmpfs/lustre,1,3,1.5040486116274863
storage_gain,sqlite-native,telemetry,write,tmpfs/lustre,1,4,1.56795336546029
storage_gain,sqlite-native,telemetry,write,tmpfs/lustre,1,5,1.499761877407053
storage_gain,sqlite-native,telemetry,write,tmpfs/lustre,16,1,1.393385070634256
storage_gain,sqlite-native,telemetry,write,tmpfs/lustre,16,2,1.4636844629365398
storage_gain,sqlite-native,telemetry,write,tmpfs/lustre,16,3,1.339867007302221
storage_gain,sqlite-native,telemetry,write,tmpfs/lustre,16,4,1.4408859453619667
storage_gain,sqlite-native,telemetry,write,tmpfs/lustre,16,5,1.383508130488638
storage_gain,sqlite-native,telemetry,write,tmpfs/lustre,64,1,1.132130498118126
storage_gain,sqlite-native,telemetry,write,tmpfs/lustre,64,2,1.338088514608849
storage_gain,sqlite-native,telemetry,write,tmpfs/lustre,64,3,1.2469530607944854
storage_gain,sqlite-native,telemetry,write,tmpfs/lustre,64,4,1.3094713219993757
storage_gain,sqlite-native,telemetry,write,tmpfs/lustre,64,5,1.0185320731509937
concurrency_scaling,sqlite-native,telemetry,write,lustre,16,1,1.5292004315457355
concurrency_scaling,sqlite-native,telemetry,write,lustre,16,2,1.5764268060270323
concurrency_scaling,sqlite-native,telemetry,write,lustre,16,3,1.5189409799230238
concurrency_scaling,sqlite-native,telemetry,write,lustre,16,4,1.586111107059032
concurrency_scaling,sqlite-native,telemetry,write,lustre,16,5,1.5113752288321827
concurrency_scaling,sqlite-native,telemetry,write,lustre,64,1,1.393934298069575
concurrency_scaling,sqlite-native,telemetry,write,lustre,64,2,1.2434823043334189
concurrency_scaling,sqlite-native,telemetry,write,lustre,64,3,1.1384671338724393
concurrency_scaling,sqlite-native,telemetry,write,lustre,64,4,1.4463037417237707
concurrency_scaling,sqlite-native,telemetry,write,lustre,64,5,1.4117533851013386
concurrency_scaling,sqlite-native,telemetry,write,tmpfs,16,1,1.4057664753097863
concurrency_scaling,sqlite-native,telemetry,write,tmpfs,16,2,1.5254856144551514
concurrency_scaling,sqlite-native,telemetry,write,tmpfs,16,3,1.3531337280621256
concurrency_scaling,sqlite-native,telemetry,write,tmpfs,16,4,1.457572178030284
concurrency_scaling,sqlite-native,telemetry,write,tmpfs,16,5,1.3942212752624388
concurrency_scaling,sqlite-native,telemetry,write,tmpfs,64,1,1.0411574502657768
concurrency_scaling,sqlite-native,telemetry,write,tmpfs,64,2,1.100047136591784
concurrency_scaling,sqlite-native,telemetry,write,tmpfs,64,3,0.9438624963458062
concurrency_scaling,sqlite-native,telemetry,write,tmpfs,64,4,1.2078760213201216
concurrency_scaling,sqlite-native,telemetry,write,tmpfs,64,5,0.9587629368144903
storage_concurrency_interaction,sqlite-native,telemetry,write,tmpfs/lustre,16,1,0.919282028902398
storage_concurrency_interaction,sqlite-native,telemetry,write,tmpfs/lustre,16,2,0.9676856601415801
storage_concurrency_interaction,sqlite-native,telemetry,write,tmpfs/lustre,16,3,0.8908402274660463
storage_concurrency_interaction,sqlite-native,telemetry,write,tmpfs/lustre,16,4,0.9189596942757151
storage_concurrency_interaction,sqlite-native,telemetry,write,tmpfs/lustre,16,5,0.9224851967037551
storage_concurrency_interaction,sqlite-native,telemetry,write,tmpfs/lustre,64,1,0.7469200318176042
storage_concurrency_interaction,sqlite-native,telemetry,write,tmpfs/lustre,64,2,0.8846504150145308
storage_concurrency_interaction,sqlite-native,telemetry,write,tmpfs/lustre,64,3,0.8290643341940888
storage_concurrency_interaction,sqlite-native,telemetry,write,tmpfs/lustre,64,4,0.8351468550309632
storage_concurrency_interaction,sqlite-native,telemetry,write,tmpfs/lustre,64,5,0.6791291927702148
storage_gain,sqlite-native,telemetry,read,tmpfs/lustre,1,1,2.2141230378975143
storage_gain,sqlite-native,telemetry,read,tmpfs/lustre,1,2,2.238336423070421
storage_gain,sqlite-native,telemetry,read,tmpfs/lustre,1,3,2.2573084607658958
storage_gain,sqlite-native,telemetry,read,tmpfs/lustre,1,4,2.1732377045038285
storage_gain,sqlite-native,telemetry,read,tmpfs/lustre,1,5,2.2434374228608847
storage_gain,sqlite-native,telemetry,read,tmpfs/lustre,16,1,2.61770788851164
storage_gain,sqlite-native,telemetry,read,tmpfs/lustre,16,2,2.651902504791082
storage_gain,sqlite-native,telemetry,read,tmpfs/lustre,16,3,2.588329831576189
storage_gain,sqlite-native,telemetry,read,tmpfs/lustre,16,4,2.69201550434327
storage_gain,sqlite-native,telemetry,read,tmpfs/lustre,16,5,2.624744898256597
storage_gain,sqlite-native,telemetry,read,tmpfs/lustre,64,1,2.010098854732177
storage_gain,sqlite-native,telemetry,read,tmpfs/lustre,64,2,2.123795531052427
storage_gain,sqlite-native,telemetry,read,tmpfs/lustre,64,3,2.06936430131641
storage_gain,sqlite-native,telemetry,read,tmpfs/lustre,64,4,1.9541268741164999
storage_gain,sqlite-native,telemetry,read,tmpfs/lustre,64,5,2.030371709936812
concurrency_scaling,sqlite-native,telemetry,read,lustre,16,1,10.969703432542518
concurrency_scaling,sqlite-native,telemetry,read,lustre,16,2,11.32403632099946
concurrency_scaling,sqlite-native,telemetry,read,lustre,16,3,11.156227435822432
concurrency_scaling,sqlite-native,telemetry,read,lustre,16,4,10.921218059724588
concurrency_scaling,sqlite-native,telemetry,read,lustre,16,5,11.16529472510185
concurrency_scaling,sqlite-native,telemetry,read,lustre,64,1,13.198328350549483
concurrency_scaling,sqlite-native,telemetry,read,lustre,64,2,13.39142947288213
concurrency_scaling,sqlite-native,telemetry,read,lustre,64,3,13.647632449950958
concurrency_scaling,sqlite-native,telemetry,read,lustre,64,4,13.547871567221945
concurrency_scaling,sqlite-native,telemetry,read,lustre,64,5,13.696485370246386
concurrency_scaling,sqlite-native,telemetry,read,tmpfs,16,1,12.969233741078543
concurrency_scaling,sqlite-native,telemetry,read,tmpfs,16,2,13.416321145688144
concurrency_scaling,sqlite-native,telemetry,read,tmpfs,16,3,12.792224360063944
concurrency_scaling,sqlite-native,telemetry,read,tmpfs,16,4,13.528243266791952
concurrency_scaling,sqlite-native,telemetry,read,tmpfs,16,5,13.063012174358136
concurrency_scaling,sqlite-native,telemetry,read,tmpfs,64,1,11.982145638577986
concurrency_scaling,sqlite-native,telemetry,read,tmpfs,64,2,12.706158813203588
concurrency_scaling,sqlite-native,telemetry,read,tmpfs,64,3,12.511326599924919
concurrency_scaling,sqlite-native,telemetry,read,tmpfs,64,4,12.181943954737138
concurrency_scaling,sqlite-native,telemetry,read,tmpfs,64,5,12.395690710128678
storage_concurrency_interaction,sqlite-native,telemetry,read,tmpfs/lustre,16,1,1.1822775174216884
storage_concurrency_interaction,sqlite-native,telemetry,read,tmpfs/lustre,16,2,1.1847649341082318
storage_concurrency_interaction,sqlite-native,telemetry,read,tmpfs/lustre,16,3,1.1466442786015958
storage_concurrency_interaction,sqlite-native,telemetry,read,tmpfs/lustre,16,4,1.2387119452070632
storage_concurrency_interaction,sqlite-native,telemetry,read,tmpfs/lustre,16,5,1.1699657282659837
storage_concurrency_interaction,sqlite-native,telemetry,read,tmpfs/lustre,64,1,0.9078532765915871
storage_concurrency_interaction,sqlite-native,telemetry,read,tmpfs/lustre,64,2,0.9488276691397116
storage_concurrency_interaction,sqlite-native,telemetry,read,tmpfs/lustre,64,3,0.9167397089426949
storage_concurrency_interaction,sqlite-native,telemetry,read,tmpfs/lustre,64,4,0.8991776969756957
storage_concurrency_interaction,sqlite-native,telemetry,read,tmpfs/lustre,64,5,0.9050271201002049
storage_gain,sqlite-shifter,metadata,write,tmpfs/lustre,1,1,1.757049041863319
storage_gain,sqlite-shifter,metadata,write,tmpfs/lustre,1,2,1.714998483036021
storage_gain,sqlite-shifter,metadata,write,tmpfs/lustre,1,3,1.7791914491692131
storage_gain,sqlite-shifter,metadata,write,tmpfs/lustre,1,4,1.7703173878264524
storage_gain,sqlite-shifter,metadata,write,tmpfs/lustre,1,5,1.7546715993796138
storage_gain,sqlite-shifter,metadata,write,tmpfs/lustre,16,1,1.5241823612518148
storage_gain,sqlite-shifter,metadata,write,tmpfs/lustre,16,2,1.5597180781624578
storage_gain,sqlite-shifter,metadata,write,tmpfs/lustre,16,3,1.5449562377562418
storage_gain,sqlite-shifter,metadata,write,tmpfs/lustre,16,4,1.5167548413362129
storage_gain,sqlite-shifter,metadata,write,tmpfs/lustre,16,5,1.5547616737148087
storage_gain,sqlite-shifter,metadata,write,tmpfs/lustre,64,1,0.9825435105855387
storage_gain,sqlite-shifter,metadata,write,tmpfs/lustre,64,2,1.1326253561622794
storage_gain,sqlite-shifter,metadata,write,tmpfs/lustre,64,3,1.0055431603274878
storage_gain,sqlite-shifter,metadata,write,tmpfs/lustre,64,4,0.9558626619961894
storage_gain,sqlite-shifter,metadata,write,tmpfs/lustre,64,5,1.2235779612427427
concurrency_scaling,sqlite-shifter,metadata,write,lustre,16,1,0.9993134772404063
concurrency_scaling,sqlite-shifter,metadata,write,lustre,16,2,0.9521089652631634
concurrency_scaling,sqlite-shifter,metadata,write,lustre,16,3,0.9715410077590132
concurrency_scaling,sqlite-shifter,metadata,write,lustre,16,4,0.9904533109708393
concurrency_scaling,sqlite-shifter,metadata,write,lustre,16,5,0.9488199843919163
concurrency_scaling,sqlite-shifter,metadata,write,lustre,64,1,0.8186732995553067
concurrency_scaling,sqlite-shifter,metadata,write,lustre,64,2,0.7073898280911228
concurrency_scaling,sqlite-shifter,metadata,write,lustre,64,3,0.7959410004086747
concurrency_scaling,sqlite-shifter,metadata,write,lustre,64,4,0.819734378679267
concurrency_scaling,sqlite-shifter,metadata,write,lustre,64,5,0.660617869796803
concurrency_scaling,sqlite-shifter,metadata,write,tmpfs,16,1,0.8668716348154892
concurrency_scaling,sqlite-shifter,metadata,write,tmpfs,16,2,0.8659025533787115
concurrency_scaling,sqlite-shifter,metadata,write,tmpfs,16,3,0.8436350910264062
concurrency_scaling,sqlite-shifter,metadata,write,tmpfs,16,4,0.8485906904958745
concurrency_scaling,sqlite-shifter,metadata,write,tmpfs,16,5,0.8407208206417691
concurrency_scaling,sqlite-shifter,metadata,write,tmpfs,64,1,0.45780289485527653
concurrency_scaling,sqlite-shifter,metadata,write,tmpfs,64,2,0.4671768890249528
concurrency_scaling,sqlite-shifter,metadata,write,tmpfs,64,3,0.4498408697719871
concurrency_scaling,sqlite-shifter,metadata,write,tmpfs,64,4,0.4426062189312744
concurrency_scaling,sqlite-shifter,metadata,write,tmpfs,64,5,0.46066595400090066
storage_concurrency_interaction,sqlite-shifter,metadata,write,tmpfs/lustre,16,1,0.8674671707714241
storage_concurrency_interaction,sqlite-shifter,metadata,write,tmpfs/lustre,16,2,0.9094574097822675
storage_concurrency_interaction,sqlite-shifter,metadata,write,tmpfs/lustre,16,3,0.8683473824459157
storage_concurrency_interaction,sqlite-shifter,metadata,write,tmpfs/lustre,16,4,0.856770007325321
storage_concurrency_interaction,sqlite-shifter,metadata,write,tmpfs/lustre,16,5,0.8860698915195949
storage_concurrency_interaction,sqlite-shifter,metadata,write,tmpfs/lustre,64,1,0.5592009597771779
storage_concurrency_interaction,sqlite-shifter,metadata,write,tmpfs/lustre,64,2,0.6604235323620926
storage_concurrency_interaction,sqlite-shifter,metadata,write,tmpfs/lustre,64,3,0.5651686111671808
storage_concurrency_interaction,sqlite-shifter,metadata,write,tmpfs/lustre,64,4,0.5399385830863761
storage_concurrency_interaction,sqlite-shifter,metadata,write,tmpfs/lustre,64,5,0.6973259051296858
storage_gain,sqlite-shifter,metadata,read,tmpfs/lustre,1,1,2.947438641810034
storage_gain,sqlite-shifter,metadata,read,tmpfs/lustre,1,2,2.937298251600507
storage_gain,sqlite-shifter,metadata,read,tmpfs/lustre,1,3,2.9419005679668606
storage_gain,sqlite-shifter,metadata,read,tmpfs/lustre,1,4,2.8894190627299365
storage_gain,sqlite-shifter,metadata,read,tmpfs/lustre,1,5,2.86966482150756
storage_gain,sqlite-shifter,metadata,read,tmpfs/lustre,16,1,3.8202417324060494
storage_gain,sqlite-shifter,metadata,read,tmpfs/lustre,16,2,4.101191311855187
storage_gain,sqlite-shifter,metadata,read,tmpfs/lustre,16,3,3.8969002930309258
storage_gain,sqlite-shifter,metadata,read,tmpfs/lustre,16,4,4.001767398419539
storage_gain,sqlite-shifter,metadata,read,tmpfs/lustre,16,5,3.4373651927773876
storage_gain,sqlite-shifter,metadata,read,tmpfs/lustre,64,1,2.249000575940095
storage_gain,sqlite-shifter,metadata,read,tmpfs/lustre,64,2,1.6899956737534718
storage_gain,sqlite-shifter,metadata,read,tmpfs/lustre,64,3,1.9887684603143265
storage_gain,sqlite-shifter,metadata,read,tmpfs/lustre,64,4,2.0718225042732765
storage_gain,sqlite-shifter,metadata,read,tmpfs/lustre,64,5,1.6642488916300444
concurrency_scaling,sqlite-shifter,metadata,read,lustre,16,1,10.24328399142094
concurrency_scaling,sqlite-shifter,metadata,read,lustre,16,2,9.345374292071478
concurrency_scaling,sqlite-shifter,metadata,read,lustre,16,3,9.963387125512876
concurrency_scaling,sqlite-shifter,metadata,read,lustre,16,4,9.254631578331717
concurrency_scaling,sqlite-shifter,metadata,read,lustre,16,5,10.061939726875327
concurrency_scaling,sqlite-shifter,metadata,read,lustre,64,1,10.766989741678302
concurrency_scaling,sqlite-shifter,metadata,read,lustre,64,2,10.71414629551955
concurrency_scaling,sqlite-shifter,metadata,read,lustre,64,3,10.680865732612265
concurrency_scaling,sqlite-shifter,metadata,read,lustre,64,4,10.787705904332421
concurrency_scaling,sqlite-shifter,metadata,read,lustre,64,5,10.752183673575454
concurrency_scaling,sqlite-shifter,metadata,read,tmpfs,16,1,13.276551520299696
concurrency_scaling,sqlite-shifter,metadata,read,tmpfs,16,2,13.048442674077867
concurrency_scaling,sqlite-shifter,metadata,read,tmpfs,16,3,13.197701727840668
concurrency_scaling,sqlite-shifter,metadata,read,tmpfs,16,4,12.817414895699175
concurrency_scaling,sqlite-shifter,metadata,read,tmpfs,16,5,12.052474257539052
concurrency_scaling,sqlite-shifter,metadata,read,tmpfs,64,1,8.215596344121039
concurrency_scaling,sqlite-shifter,metadata,read,tmpfs,64,2,6.164461125976418
concurrency_scaling,sqlite-shifter,metadata,read,tmpfs,64,3,7.220423806692921
concurrency_scaling,sqlite-shifter,metadata,read,tmpfs,64,4,7.73519222267504
concurrency_scaling,sqlite-shifter,metadata,read,tmpfs,64,5,6.235679382217867
storage_concurrency_interaction,sqlite-shifter,metadata,read,tmpfs/lustre,16,1,1.2961225649332002
storage_concurrency_interaction,sqlite-shifter,metadata,read,tmpfs/lustre,16,2,1.3962461284346885
storage_concurrency_interaction,sqlite-shifter,metadata,read,tmpfs/lustre,16,3,1.3246199873179478
storage_concurrency_interaction,sqlite-shifter,metadata,read,tmpfs/lustre,16,4,1.384973003756212
storage_concurrency_interaction,sqlite-shifter,metadata,read,tmpfs/lustre,16,5,1.197828111149089
storage_concurrency_interaction,sqlite-shifter,metadata,read,tmpfs/lustre,64,1,0.7630355875903745
storage_concurrency_interaction,sqlite-shifter,metadata,read,tmpfs/lustre,64,2,0.5753571918795133
storage_concurrency_interaction,sqlite-shifter,metadata,read,tmpfs/lustre,64,3,0.6760148463103085
storage_concurrency_interaction,sqlite-shifter,metadata,read,tmpfs/lustre,64,4,0.7170377364077501
storage_concurrency_interaction,sqlite-shifter,metadata,read,tmpfs/lustre,64,5,0.5799453926315137
storage_gain,sqlite-shifter,telemetry,write,tmpfs/lustre,1,1,1.4780390224877544
storage_gain,sqlite-shifter,telemetry,write,tmpfs/lustre,1,2,1.4901723722813585
storage_gain,sqlite-shifter,telemetry,write,tmpfs/lustre,1,3,1.4936611423716628
storage_gain,sqlite-shifter,telemetry,write,tmpfs/lustre,1,4,1.473890164627611
storage_gain,sqlite-shifter,telemetry,write,tmpfs/lustre,1,5,1.4749005044120773
storage_gain,sqlite-shifter,telemetry,write,tmpfs/lustre,16,1,1.3720359901158046
storage_gain,sqlite-shifter,telemetry,write,tmpfs/lustre,16,2,1.436111692113919
storage_gain,sqlite-shifter,telemetry,write,tmpfs/lustre,16,3,1.3932019717907411
storage_gain,sqlite-shifter,telemetry,write,tmpfs/lustre,16,4,1.4403054252773613
storage_gain,sqlite-shifter,telemetry,write,tmpfs/lustre,16,5,1.4990882139928432
storage_gain,sqlite-shifter,telemetry,write,tmpfs/lustre,64,1,1.1023781307436076
storage_gain,sqlite-shifter,telemetry,write,tmpfs/lustre,64,2,1.2039732444141023
storage_gain,sqlite-shifter,telemetry,write,tmpfs/lustre,64,3,1.0182202143478762
storage_gain,sqlite-shifter,telemetry,write,tmpfs/lustre,64,4,1.1843849349545679
storage_gain,sqlite-shifter,telemetry,write,tmpfs/lustre,64,5,1.2015326243150517
concurrency_scaling,sqlite-shifter,telemetry,write,lustre,16,1,1.5426061131024718
concurrency_scaling,sqlite-shifter,telemetry,write,lustre,16,2,1.518027420060359
concurrency_scaling,sqlite-shifter,telemetry,write,lustre,16,3,1.5447037447068517
concurrency_scaling,sqlite-shifter,telemetry,write,lustre,16,4,1.5168262706360678
concurrency_scaling,sqlite-shifter,telemetry,write,lustre,16,5,1.5016066312838614
concurrency_scaling,sqlite-shifter,telemetry,write,lustre,64,1,1.5126305867943957
concurrency_scaling,sqlite-shifter,telemetry,write,lustre,64,2,1.2841219037555944
concurrency_scaling,sqlite-shifter,telemetry,write,lustre,64,3,1.4843575035242114
concurrency_scaling,sqlite-shifter,telemetry,write,lustre,64,4,1.4394859443314696
concurrency_scaling,sqlite-shifter,telemetry,write,lustre,64,5,1.3614129383050646
concurrency_scaling,sqlite-shifter,telemetry,write,tmpfs,16,1,1.4319724131416007
concurrency_scaling,sqlite-shifter,telemetry,write,tmpfs,16,2,1.4629562106031273
concurrency_scaling,sqlite-shifter,telemetry,write,tmpfs,16,3,1.4408116017137649
concurrency_scaling,sqlite-shifter,telemetry,write,tmpfs,16,4,1.482263169421674
concurrency_scaling,sqlite-shifter,telemetry,write,tmpfs,16,5,1.5262323094183499
concurrency_scaling,sqlite-shifter,telemetry,write,tmpfs,64,1,1.1281778447022208
concurrency_scaling,sqlite-shifter,telemetry,write,tmpfs,64,2,1.0374963617939954
concurrency_scaling,sqlite-shifter,telemetry,write,tmpfs,64,3,1.0118779772281332
concurrency_scaling,sqlite-shifter,telemetry,write,tmpfs,64,4,1.1567384785255004
concurrency_scaling,sqlite-shifter,telemetry,write,tmpfs,64,5,1.1090795993660623
storage_concurrency_interaction,sqlite-shifter,telemetry,write,tmpfs/lustre,16,1,0.9282813032950028
storage_concurrency_interaction,sqlite-shifter,telemetry,write,tmpfs/lustre,16,2,0.9637218611933625
storage_concurrency_interaction,sqlite-shifter,telemetry,write,tmpfs/lustre,16,3,0.9327429979055285
storage_concurrency_interaction,sqlite-shifter,telemetry,write,tmpfs/lustre,16,4,0.9772135399527989
storage_concurrency_interaction,sqlite-shifter,telemetry,write,tmpfs/lustre,16,5,1.0163995533993038
storage_concurrency_interaction,sqlite-shifter,telemetry,write,tmpfs/lustre,64,1,0.7458383127721114
storage_concurrency_interaction,sqlite-shifter,telemetry,write,tmpfs/lustre,64,2,0.8079422668203788
storage_concurrency_interaction,sqlite-shifter,telemetry,write,tmpfs/lustre,64,3,0.681694251435856
storage_concurrency_interaction,sqlite-shifter,telemetry,write,tmpfs/lustre,64,4,0.8035774736673212
storage_concurrency_interaction,sqlite-shifter,telemetry,write,tmpfs/lustre,64,5,0.8146533415106566
storage_gain,sqlite-shifter,telemetry,read,tmpfs/lustre,1,1,2.102294992487268
storage_gain,sqlite-shifter,telemetry,read,tmpfs/lustre,1,2,2.1469387897913577
storage_gain,sqlite-shifter,telemetry,read,tmpfs/lustre,1,3,2.1574679660387646
storage_gain,sqlite-shifter,telemetry,read,tmpfs/lustre,1,4,2.1380005532502393
storage_gain,sqlite-shifter,telemetry,read,tmpfs/lustre,1,5,2.141360977701694
storage_gain,sqlite-shifter,telemetry,read,tmpfs/lustre,16,1,2.547929422063189
storage_gain,sqlite-shifter,telemetry,read,tmpfs/lustre,16,2,2.6246247293587035
storage_gain,sqlite-shifter,telemetry,read,tmpfs/lustre,16,3,2.734863447417481
storage_gain,sqlite-shifter,telemetry,read,tmpfs/lustre,16,4,2.785778112692843
storage_gain,sqlite-shifter,telemetry,read,tmpfs/lustre,16,5,2.751643201313258
storage_gain,sqlite-shifter,telemetry,read,tmpfs/lustre,64,1,2.381581983708567
storage_gain,sqlite-shifter,telemetry,read,tmpfs/lustre,64,2,2.3455220350844037
storage_gain,sqlite-shifter,telemetry,read,tmpfs/lustre,64,3,2.083133960641843
storage_gain,sqlite-shifter,telemetry,read,tmpfs/lustre,64,4,1.9984285628219225
storage_gain,sqlite-shifter,telemetry,read,tmpfs/lustre,64,5,2.161567144487194
concurrency_scaling,sqlite-shifter,telemetry,read,lustre,16,1,11.340516161356264
concurrency_scaling,sqlite-shifter,telemetry,read,lustre,16,2,11.091749512508203
concurrency_scaling,sqlite-shifter,telemetry,read,lustre,16,3,10.31373367103822
concurrency_scaling,sqlite-shifter,telemetry,read,lustre,16,4,10.275380823543221
concurrency_scaling,sqlite-shifter,telemetry,read,lustre,16,5,10.170780582318388
concurrency_scaling,sqlite-shifter,telemetry,read,lustre,64,1,14.016302838380378
concurrency_scaling,sqlite-shifter,telemetry,read,lustre,64,2,15.193927288422445
concurrency_scaling,sqlite-shifter,telemetry,read,lustre,64,3,15.19294356852017
concurrency_scaling,sqlite-shifter,telemetry,read,lustre,64,4,14.64416366912107
concurrency_scaling,sqlite-shifter,telemetry,read,lustre,64,5,15.304113771545756
concurrency_scaling,sqlite-shifter,telemetry,read,tmpfs,16,1,13.74442449426027
concurrency_scaling,sqlite-shifter,telemetry,read,tmpfs,16,2,13.559622752547355
concurrency_scaling,sqlite-shifter,telemetry,read,tmpfs,16,3,13.073961545352805
concurrency_scaling,sqlite-shifter,telemetry,read,tmpfs,16,4,13.388645271533802
concurrency_scaling,sqlite-shifter,telemetry,read,tmpfs,16,5,13.0694261886769
concurrency_scaling,sqlite-shifter,telemetry,read,tmpfs,64,1,15.87834934553892
concurrency_scaling,sqlite-shifter,telemetry,read,tmpfs,64,2,16.599304751454227
concurrency_scaling,sqlite-shifter,telemetry,read,tmpfs,64,3,14.669481636758068
concurrency_scaling,sqlite-shifter,telemetry,read,tmpfs,64,4,13.688169963530086
concurrency_scaling,sqlite-shifter,telemetry,read,tmpfs,64,5,15.448525423103927
storage_concurrency_interaction,sqlite-shifter,telemetry,read,tmpfs/lustre,16,1,1.2119752133589405
storage_concurrency_interaction,sqlite-shifter,telemetry,read,tmpfs/lustre,16,2,1.2224963011701735
storage_concurrency_interaction,sqlite-shifter,telemetry,read,tmpfs/lustre,16,3,1.2676264447341241
storage_concurrency_interaction,sqlite-shifter,telemetry,read,tmpfs/lustre,16,4,1.302982877370091
storage_concurrency_interaction,sqlite-shifter,telemetry,read,tmpfs/lustre,16,5,1.284997359140529
storage_concurrency_interaction,sqlite-shifter,telemetry,read,tmpfs/lustre,64,1,1.1328486212540843
storage_concurrency_interaction,sqlite-shifter,telemetry,read,tmpfs/lustre,64,2,1.0924959976676114
storage_concurrency_interaction,sqlite-shifter,telemetry,read,tmpfs/lustre,64,3,0.96554571999815
storage_concurrency_interaction,sqlite-shifter,telemetry,read,tmpfs/lustre,64,4,0.9347184498076316
storage_concurrency_interaction,sqlite-shifter,telemetry,read,tmpfs/lustre,64,5,1.0094361329060864
storage_gain,postgres,metadata,write,tmpfs/lustre,1,1,1.4215395380337181
storage_gain,postgres,metadata,write,tmpfs/lustre,1,2,1.426775814634666
storage_gain,postgres,metadata,write,tmpfs/lustre,1,3,1.4117546393605476
storage_gain,postgres,metadata,write,tmpfs/lustre,1,4,1.4294857917032389
storage_gain,postgres,metadata,write,tmpfs/lustre,1,5,1.4322447198508634
storage_gain,postgres,metadata,write,tmpfs/lustre,16,1,1.4928923602926922
storage_gain,postgres,metadata,write,tmpfs/lustre,16,2,1.5674980447487645
storage_gain,postgres,metadata,write,tmpfs/lustre,16,3,1.4616583770395586
storage_gain,postgres,metadata,write,tmpfs/lustre,16,4,1.5367358246984082
storage_gain,postgres,metadata,write,tmpfs/lustre,16,5,1.589483729703652
storage_gain,postgres,metadata,write,tmpfs/lustre,64,1,1.3574713748681093
storage_gain,postgres,metadata,write,tmpfs/lustre,64,2,1.3334829216818491
storage_gain,postgres,metadata,write,tmpfs/lustre,64,3,1.3459059046898687
storage_gain,postgres,metadata,write,tmpfs/lustre,64,4,1.365424639182262
storage_gain,postgres,metadata,write,tmpfs/lustre,64,5,1.3746355549683256
concurrency_scaling,postgres,metadata,write,lustre,16,1,4.960756022370733
concurrency_scaling,postgres,metadata,write,lustre,16,2,4.960445491915391
concurrency_scaling,postgres,metadata,write,lustre,16,3,5.078856936296662
concurrency_scaling,postgres,metadata,write,lustre,16,4,4.8888646004773015
concurrency_scaling,postgres,metadata,write,lustre,16,5,4.860021341868703
concurrency_scaling,postgres,metadata,write,lustre,64,1,5.46720071810314
concurrency_scaling,postgres,metadata,write,lustre,64,2,5.298487482164216
concurrency_scaling,postgres,metadata,write,lustre,64,3,5.382138237220243
concurrency_scaling,postgres,metadata,write,lustre,64,4,5.445891334394293
concurrency_scaling,postgres,metadata,write,lustre,64,5,5.36793135104446
concurrency_scaling,postgres,metadata,write,tmpfs,16,1,5.2097564428753635
concurrency_scaling,postgres,metadata,write,tmpfs,16,2,5.449691906679226
concurrency_scaling,postgres,metadata,write,tmpfs,16,3,5.258388093618005
concurrency_scaling,postgres,metadata,write,tmpfs,16,4,5.255661453410944
concurrency_scaling,postgres,metadata,write,tmpfs,16,5,5.393578863894986
concurrency_scaling,postgres,metadata,write,tmpfs,64,1,5.22079638090752
concurrency_scaling,postgres,metadata,write,tmpfs,64,2,4.952034156830861
concurrency_scaling,postgres,metadata,write,tmpfs,64,3,5.1310981606640516
concurrency_scaling,postgres,metadata,write,tmpfs,64,4,5.201838488671624
concurrency_scaling,postgres,metadata,write,tmpfs,64,5,5.152017102596286
storage_concurrency_interaction,postgres,metadata,write,tmpfs/lustre,16,1,1.0501940469117514
storage_concurrency_interaction,postgres,metadata,write,tmpfs/lustre,16,2,1.0986295314727712
storage_concurrency_interaction,postgres,metadata,write,tmpfs/lustre,16,3,1.0353487329084428
storage_concurrency_interaction,postgres,metadata,write,tmpfs/lustre,16,4,1.0750270017496155
storage_concurrency_interaction,postgres,metadata,write,tmpfs/lustre,16,5,1.1097850162569713
storage_concurrency_interaction,postgres,metadata,write,tmpfs/lustre,64,1,0.9549304388295605
storage_concurrency_interaction,postgres,metadata,write,tmpfs/lustre,64,2,0.9346127878003699
storage_concurrency_interaction,postgres,metadata,write,tmpfs/lustre,64,3,0.9533568136878906
storage_concurrency_interaction,postgres,metadata,write,tmpfs/lustre,64,4,0.9551858767028053
storage_concurrency_interaction,postgres,metadata,write,tmpfs/lustre,64,5,0.9597770101128132
storage_gain,postgres,metadata,read,tmpfs/lustre,1,1,1.063398722862658
storage_gain,postgres,metadata,read,tmpfs/lustre,1,2,1.0750925254876647
storage_gain,postgres,metadata,read,tmpfs/lustre,1,3,1.0634904074380944
storage_gain,postgres,metadata,read,tmpfs/lustre,1,4,1.0672380822103478
storage_gain,postgres,metadata,read,tmpfs/lustre,1,5,1.0889703395960793
storage_gain,postgres,metadata,read,tmpfs/lustre,16,1,0.8575223916352708
storage_gain,postgres,metadata,read,tmpfs/lustre,16,2,1.0316233707978641
storage_gain,postgres,metadata,read,tmpfs/lustre,16,3,1.03551712266877
storage_gain,postgres,metadata,read,tmpfs/lustre,16,4,1.0978023701882031
storage_gain,postgres,metadata,read,tmpfs/lustre,16,5,1.0195287208203896
storage_gain,postgres,metadata,read,tmpfs/lustre,64,1,1.1014187285672898
storage_gain,postgres,metadata,read,tmpfs/lustre,64,2,1.012242215980471
storage_gain,postgres,metadata,read,tmpfs/lustre,64,3,1.0764134740212694
storage_gain,postgres,metadata,read,tmpfs/lustre,64,4,1.0340812570007707
storage_gain,postgres,metadata,read,tmpfs/lustre,64,5,1.0440905431213374
concurrency_scaling,postgres,metadata,read,lustre,16,1,12.117822583428012
concurrency_scaling,postgres,metadata,read,lustre,16,2,11.018262633292334
concurrency_scaling,postgres,metadata,read,lustre,16,3,11.226672863512698
concurrency_scaling,postgres,metadata,read,lustre,16,4,12.169768976863399
concurrency_scaling,postgres,metadata,read,lustre,16,5,11.60608838784878
concurrency_scaling,postgres,metadata,read,lustre,64,1,32.061639772140296
concurrency_scaling,postgres,metadata,read,lustre,64,2,33.67493254550087
concurrency_scaling,postgres,metadata,read,lustre,64,3,32.58328422781342
concurrency_scaling,postgres,metadata,read,lustre,64,4,33.197870034959685
concurrency_scaling,postgres,metadata,read,lustre,64,5,33.18737672558215
concurrency_scaling,postgres,metadata,read,tmpfs,16,1,9.77178548341661
concurrency_scaling,postgres,metadata,read,tmpfs,16,2,10.57276184943917
concurrency_scaling,postgres,metadata,read,tmpfs,16,3,10.931374556328516
concurrency_scaling,postgres,metadata,read,tmpfs,16,4,12.518295074116654
concurrency_scaling,postgres,metadata,read,tmpfs,16,5,10.86598965788255
concurrency_scaling,postgres,metadata,read,tmpfs,64,1,33.207948960621486
concurrency_scaling,postgres,metadata,read,tmpfs,64,2,31.706283445128268
concurrency_scaling,postgres,metadata,read,tmpfs,64,3,32.97922193315568
concurrency_scaling,postgres,metadata,read,tmpfs,64,4,32.166482575659415
concurrency_scaling,postgres,metadata,read,tmpfs,64,5,31.819623483076782
storage_concurrency_interaction,postgres,metadata,read,tmpfs/lustre,16,1,0.8063978009366324
storage_concurrency_interaction,postgres,metadata,read,tmpfs/lustre,16,2,0.9595670571050777
storage_concurrency_interaction,postgres,metadata,read,tmpfs/lustre,16,3,0.9736967211235023
storage_concurrency_interaction,postgres,metadata,read,tmpfs/lustre,16,4,1.0286386781799932
storage_concurrency_interaction,postgres,metadata,read,tmpfs/lustre,16,5,0.9362318547615843
storage_concurrency_interaction,postgres,metadata,read,tmpfs/lustre,64,1,1.0357532926147235
storage_concurrency_interaction,postgres,metadata,read,tmpfs/lustre,64,2,0.941539627504447
storage_concurrency_interaction,postgres,metadata,read,tmpfs/lustre,64,3,1.012151559142227
storage_concurrency_interaction,postgres,metadata,read,tmpfs/lustre,64,4,0.9689321194939875
storage_concurrency_interaction,postgres,metadata,read,tmpfs/lustre,64,5,0.9587869431858093
storage_gain,postgres,telemetry,write,tmpfs/lustre,1,1,1.3715626056568146
storage_gain,postgres,telemetry,write,tmpfs/lustre,1,2,1.3830713173261486
storage_gain,postgres,telemetry,write,tmpfs/lustre,1,3,1.3475142066038959
storage_gain,postgres,telemetry,write,tmpfs/lustre,1,4,1.3592739061521162
storage_gain,postgres,telemetry,write,tmpfs/lustre,1,5,1.3642182272877086
storage_gain,postgres,telemetry,write,tmpfs/lustre,16,1,1.3175959425690735
storage_gain,postgres,telemetry,write,tmpfs/lustre,16,2,1.4851397835904616
storage_gain,postgres,telemetry,write,tmpfs/lustre,16,3,1.260165374125982
storage_gain,postgres,telemetry,write,tmpfs/lustre,16,4,1.2908106742261551
storage_gain,postgres,telemetry,write,tmpfs/lustre,16,5,1.589672180508996
storage_gain,postgres,telemetry,write,tmpfs/lustre,64,1,1.298802182055104
storage_gain,postgres,telemetry,write,tmpfs/lustre,64,2,1.268919802115133
storage_gain,postgres,telemetry,write,tmpfs/lustre,64,3,1.2325905472263738
storage_gain,postgres,telemetry,write,tmpfs/lustre,64,4,1.2902152878300621
storage_gain,postgres,telemetry,write,tmpfs/lustre,64,5,1.2015663994302679
concurrency_scaling,postgres,telemetry,write,lustre,16,1,3.3616902610216455
concurrency_scaling,postgres,telemetry,write,lustre,16,2,3.7072954418540345
concurrency_scaling,postgres,telemetry,write,lustre,16,3,3.3660365364213347
concurrency_scaling,postgres,telemetry,write,lustre,16,4,3.271074088600653
concurrency_scaling,postgres,telemetry,write,lustre,16,5,3.492510621857948
concurrency_scaling,postgres,telemetry,write,lustre,64,1,3.3170453462201106
concurrency_scaling,postgres,telemetry,write,lustre,64,2,3.7458663709631033
concurrency_scaling,postgres,telemetry,write,lustre,64,3,3.4421133342478054
concurrency_scaling,postgres,telemetry,write,lustre,64,4,3.301688533794418
concurrency_scaling,postgres,telemetry,write,lustre,64,5,3.57224346454118
concurrency_scaling,postgres,telemetry,write,tmpfs,16,1,3.229418350885237
concurrency_scaling,postgres,telemetry,write,tmpfs,16,2,3.980887956569954
concurrency_scaling,postgres,telemetry,write,tmpfs,16,3,3.147842650157669
concurrency_scaling,postgres,telemetry,write,tmpfs,16,4,3.1063182561218046
concurrency_scaling,postgres,telemetry,write,tmpfs,16,5,4.069691244880918
concurrency_scaling,postgres,telemetry,write,tmpfs,64,1,3.141078442848987
concurrency_scaling,postgres,telemetry,write,tmpfs,64,2,3.436702037449134
concurrency_scaling,postgres,telemetry,write,tmpfs,64,3,3.1485503733341007
concurrency_scaling,postgres,telemetry,write,tmpfs,64,4,3.1339445292625645
concurrency_scaling,postgres,telemetry,write,tmpfs,64,5,3.146335118326948
storage_concurrency_interaction,postgres,telemetry,write,tmpfs/lustre,16,1,0.9606531536619887
storage_concurrency_interaction,postgres,telemetry,write,tmpfs/lustre,16,2,1.073798411539355
storage_concurrency_interaction,postgres,telemetry,write,tmpfs/lustre,16,3,0.9351778021709642
storage_concurrency_interaction,postgres,telemetry,write,tmpfs/lustre,16,4,0.9496324974561092
storage_concurrency_interaction,postgres,telemetry,write,tmpfs/lustre,16,5,1.165262381568913
storage_concurrency_interaction,postgres,telemetry,write,tmpfs/lustre,64,1,0.9469507091388896
storage_concurrency_interaction,postgres,telemetry,write,tmpfs/lustre,64,2,0.9174651995302011
storage_concurrency_interaction,postgres,telemetry,write,tmpfs/lustre,64,3,0.9147143244840727
storage_concurrency_interaction,postgres,telemetry,write,tmpfs/lustre,64,4,0.9491944794868108
storage_concurrency_interaction,postgres,telemetry,write,tmpfs/lustre,64,5,0.8807728671234517
storage_gain,postgres,telemetry,read,tmpfs/lustre,1,1,1.076839563578664
storage_gain,postgres,telemetry,read,tmpfs/lustre,1,2,1.0619762392431396
storage_gain,postgres,telemetry,read,tmpfs/lustre,1,3,1.043213604480452
storage_gain,postgres,telemetry,read,tmpfs/lustre,1,4,1.048356299021994
storage_gain,postgres,telemetry,read,tmpfs/lustre,1,5,1.071276247070668
storage_gain,postgres,telemetry,read,tmpfs/lustre,16,1,1.008353416740835
storage_gain,postgres,telemetry,read,tmpfs/lustre,16,2,1.3468589494739678
storage_gain,postgres,telemetry,read,tmpfs/lustre,16,3,1.0359275061550972
storage_gain,postgres,telemetry,read,tmpfs/lustre,16,4,1.1086948710011726
storage_gain,postgres,telemetry,read,tmpfs/lustre,16,5,1.13481095068233
storage_gain,postgres,telemetry,read,tmpfs/lustre,64,1,1.1047129525632648
storage_gain,postgres,telemetry,read,tmpfs/lustre,64,2,1.27293163340091
storage_gain,postgres,telemetry,read,tmpfs/lustre,64,3,0.8607929656503891
storage_gain,postgres,telemetry,read,tmpfs/lustre,64,4,0.8777225101265066
storage_gain,postgres,telemetry,read,tmpfs/lustre,64,5,1.0235116645535591
concurrency_scaling,postgres,telemetry,read,lustre,16,1,10.846252369969777
concurrency_scaling,postgres,telemetry,read,lustre,16,2,8.874847434682485
concurrency_scaling,postgres,telemetry,read,lustre,16,3,10.098571668068281
concurrency_scaling,postgres,telemetry,read,lustre,16,4,10.651640850883911
concurrency_scaling,postgres,telemetry,read,lustre,16,5,9.460546989248119
concurrency_scaling,postgres,telemetry,read,lustre,64,1,32.34997443163595
concurrency_scaling,postgres,telemetry,read,lustre,64,2,26.282777449504778
concurrency_scaling,postgres,telemetry,read,lustre,64,3,32.76621643333597
concurrency_scaling,postgres,telemetry,read,lustre,64,4,32.401810095990854
concurrency_scaling,postgres,telemetry,read,lustre,64,5,32.55553869434431
concurrency_scaling,postgres,telemetry,read,tmpfs,16,1,10.156439274710452
concurrency_scaling,postgres,telemetry,read,tmpfs,16,2,11.255588638345712
concurrency_scaling,postgres,telemetry,read,tmpfs,16,3,10.028040392591066
concurrency_scaling,postgres,telemetry,read,tmpfs,16,4,11.264700360114691
concurrency_scaling,postgres,telemetry,read,tmpfs,16,5,10.021628270205925
concurrency_scaling,postgres,telemetry,read,tmpfs,64,1,33.18733540115517
concurrency_scaling,postgres,telemetry,read,tmpfs,64,2,31.50369809870193
concurrency_scaling,postgres,telemetry,read,tmpfs,64,3,27.036580519711094
concurrency_scaling,postgres,telemetry,read,tmpfs,64,4,27.127988944814675
concurrency_scaling,postgres,telemetry,read,tmpfs,64,5,31.103997396189897
storage_concurrency_interaction,postgres,telemetry,read,tmpfs/lustre,16,1,0.9364007887951026
storage_concurrency_interaction,postgres,telemetry,read,tmpfs/lustre,16,2,1.2682571414534298
storage_concurrency_interaction,postgres,telemetry,read,tmpfs/lustre,16,3,0.9930157176880534
storage_concurrency_interaction,postgres,telemetry,read,tmpfs/lustre,16,4,1.057555405576776
storage_concurrency_interaction,postgres,telemetry,read,tmpfs/lustre,16,5,1.0593074884143034
storage_concurrency_interaction,postgres,telemetry,read,tmpfs/lustre,64,1,1.0258844399178362
storage_concurrency_interaction,postgres,telemetry,read,tmpfs/lustre,64,2,1.1986441752294914
storage_concurrency_interaction,postgres,telemetry,read,tmpfs/lustre,64,3,0.8251358704999698
storage_concurrency_interaction,postgres,telemetry,read,tmpfs/lustre,64,4,0.8372368353634441
storage_concurrency_interaction,postgres,telemetry,read,tmpfs/lustre,64,5,0.955413384131574
storage_gain,influx,metadata,write,tmpfs/lustre,1,1,1.132774054519061
storage_gain,influx,metadata,write,tmpfs/lustre,1,2,1.122544622932674
storage_gain,influx,metadata,write,tmpfs/lustre,1,3,1.1190060074089874
storage_gain,influx,metadata,write,tmpfs/lustre,1,4,1.1413767517927815
storage_gain,influx,metadata,write,tmpfs/lustre,1,5,1.1450812666586538
storage_gain,influx,metadata,write,tmpfs/lustre,16,1,1.1273732593804087
storage_gain,influx,metadata,write,tmpfs/lustre,16,2,1.137986625711763
storage_gain,influx,metadata,write,tmpfs/lustre,16,3,1.1422227036968853
storage_gain,influx,metadata,write,tmpfs/lustre,16,4,1.101832234670546
storage_gain,influx,metadata,write,tmpfs/lustre,16,5,1.1138241166459675
storage_gain,influx,metadata,write,tmpfs/lustre,64,1,1.1122848170369282
storage_gain,influx,metadata,write,tmpfs/lustre,64,2,1.104858718154854
storage_gain,influx,metadata,write,tmpfs/lustre,64,3,1.076045940412699
storage_gain,influx,metadata,write,tmpfs/lustre,64,4,1.1839891398783735
storage_gain,influx,metadata,write,tmpfs/lustre,64,5,1.0616622939732898
concurrency_scaling,influx,metadata,write,lustre,16,1,7.954273485310456
concurrency_scaling,influx,metadata,write,lustre,16,2,7.920942810723091
concurrency_scaling,influx,metadata,write,lustre,16,3,7.797930512814185
concurrency_scaling,influx,metadata,write,lustre,16,4,8.115400789927975
concurrency_scaling,influx,metadata,write,lustre,16,5,8.027009482143209
concurrency_scaling,influx,metadata,write,lustre,64,1,9.509626336227655
concurrency_scaling,influx,metadata,write,lustre,64,2,9.687071550860392
concurrency_scaling,influx,metadata,write,lustre,64,3,9.897537218299567
concurrency_scaling,influx,metadata,write,lustre,64,4,9.332153933246166
concurrency_scaling,influx,metadata,write,lustre,64,5,9.593583286748
concurrency_scaling,influx,metadata,write,tmpfs,16,1,7.916349416163928
concurrency_scaling,influx,metadata,write,tmpfs,16,2,8.029905268337147
concurrency_scaling,influx,metadata,write,tmpfs,16,3,7.959718906434461
concurrency_scaling,influx,metadata,write,tmpfs,16,4,7.834231925232739
concurrency_scaling,influx,metadata,write,tmpfs,16,5,7.807897138904256
concurrency_scaling,influx,metadata,write,tmpfs,64,1,9.337619401930384
concurrency_scaling,influx,metadata,write,tmpfs,64,2,9.534449889748284
concurrency_scaling,influx,metadata,write,tmpfs,64,3,9.517558148320363
concurrency_scaling,influx,metadata,write,tmpfs,64,4,9.68056243591923
concurrency_scaling,influx,metadata,write,tmpfs,64,5,8.894692399739402
storage_concurrency_interaction,influx,metadata,write,tmpfs/lustre,16,1,0.9952322397241475
storage_concurrency_interaction,influx,metadata,write,tmpfs/lustre,16,2,1.0137562484943772
storage_concurrency_interaction,influx,metadata,write,tmpfs/lustre,16,3,1.0207476064776946
storage_concurrency_interaction,influx,metadata,write,tmpfs/lustre,16,4,0.9653536686636361
storage_concurrency_interaction,influx,metadata,write,tmpfs/lustre,16,5,0.9727031164312951
storage_concurrency_interaction,influx,metadata,write,tmpfs/lustre,64,1,0.9819123351206769
storage_concurrency_interaction,influx,metadata,write,tmpfs/lustre,64,2,0.9842448091447668
storage_concurrency_interaction,influx,metadata,write,tmpfs/lustre,64,3,0.9616087253224308
storage_concurrency_interaction,influx,metadata,write,tmpfs/lustre,64,4,1.0373342001391388
storage_concurrency_interaction,influx,metadata,write,tmpfs/lustre,64,5,0.9271501725560662
storage_gain,influx,metadata,read,tmpfs/lustre,1,1,1.1087988882195157
storage_gain,influx,metadata,read,tmpfs/lustre,1,2,1.068903258475515
storage_gain,influx,metadata,read,tmpfs/lustre,1,3,1.0848313927838975
storage_gain,influx,metadata,read,tmpfs/lustre,1,4,1.1054858259785187
storage_gain,influx,metadata,read,tmpfs/lustre,1,5,1.0963405609817458
storage_gain,influx,metadata,read,tmpfs/lustre,16,1,1.0517305895629505
storage_gain,influx,metadata,read,tmpfs/lustre,16,2,1.0484244348378995
storage_gain,influx,metadata,read,tmpfs/lustre,16,3,1.151514234901089
storage_gain,influx,metadata,read,tmpfs/lustre,16,4,1.06586261937101
storage_gain,influx,metadata,read,tmpfs/lustre,16,5,1.1214248821632689
storage_gain,influx,metadata,read,tmpfs/lustre,64,1,1.0682231570372573
storage_gain,influx,metadata,read,tmpfs/lustre,64,2,1.1737116074302578
storage_gain,influx,metadata,read,tmpfs/lustre,64,3,1.022294060102784
storage_gain,influx,metadata,read,tmpfs/lustre,64,4,1.2362217200421954
storage_gain,influx,metadata,read,tmpfs/lustre,64,5,1.0351079340817158
concurrency_scaling,influx,metadata,read,lustre,16,1,7.331366010128828
concurrency_scaling,influx,metadata,read,lustre,16,2,7.194710366985243
concurrency_scaling,influx,metadata,read,lustre,16,3,6.674047118257643
concurrency_scaling,influx,metadata,read,lustre,16,4,7.248950444274556
concurrency_scaling,influx,metadata,read,lustre,16,5,7.174424562835282
concurrency_scaling,influx,metadata,read,lustre,64,1,9.76211840217455
concurrency_scaling,influx,metadata,read,lustre,64,2,9.37618820039128
concurrency_scaling,influx,metadata,read,lustre,64,3,10.168250674432482
concurrency_scaling,influx,metadata,read,lustre,64,4,9.427611760170574
concurrency_scaling,influx,metadata,read,lustre,64,5,9.78723414793119
concurrency_scaling,influx,metadata,read,tmpfs,16,1,6.954031049324114
concurrency_scaling,influx,metadata,read,tmpfs,16,2,7.056868889226673
concurrency_scaling,influx,metadata,read,tmpfs,16,3,7.084290067742537
concurrency_scaling,influx,metadata,read,tmpfs,16,4,6.989131046873558
concurrency_scaling,influx,metadata,read,tmpfs,16,5,7.338575718444824
concurrency_scaling,influx,metadata,read,tmpfs,64,1,9.404880406840638
concurrency_scaling,influx,metadata,read,tmpfs,64,2,10.29554436941774
concurrency_scaling,influx,metadata,read,tmpfs,64,3,9.58208098996188
concurrency_scaling,influx,metadata,read,tmpfs,64,4,10.542530851295206
concurrency_scaling,influx,metadata,read,tmpfs,64,5,9.24059920775635
storage_concurrency_interaction,influx,metadata,read,tmpfs/lustre,16,1,0.9485314250736632
storage_concurrency_interaction,influx,metadata,read,tmpfs/lustre,16,2,0.9808412749467874
storage_concurrency_interaction,influx,metadata,read,tmpfs/lustre,16,3,1.061468392748176
storage_concurrency_interaction,influx,metadata,read,tmpfs/lustre,16,4,0.9641576529735816
storage_concurrency_interaction,influx,metadata,read,tmpfs/lustre,16,5,1.0228800448275495
storage_concurrency_interaction,influx,metadata,read,tmpfs/lustre,64,1,0.9634056891530492
storage_concurrency_interaction,influx,metadata,read,tmpfs/lustre,64,2,1.0980522307549347
storage_concurrency_interaction,influx,metadata,read,tmpfs/lustre,64,3,0.9423529471057893
storage_concurrency_interaction,influx,metadata,read,tmpfs/lustre,64,4,1.1182610314772294
storage_concurrency_interaction,influx,metadata,read,tmpfs/lustre,64,5,0.9441481697573993
storage_gain,influx,telemetry,write,tmpfs/lustre,1,1,1.0861044821766854
storage_gain,influx,telemetry,write,tmpfs/lustre,1,2,1.1008279375295056
storage_gain,influx,telemetry,write,tmpfs/lustre,1,3,1.119292675253409
storage_gain,influx,telemetry,write,tmpfs/lustre,1,4,1.1026455270563467
storage_gain,influx,telemetry,write,tmpfs/lustre,1,5,1.101137847285933
storage_gain,influx,telemetry,write,tmpfs/lustre,16,1,1.0890778118411164
storage_gain,influx,telemetry,write,tmpfs/lustre,16,2,1.0926884858481185
storage_gain,influx,telemetry,write,tmpfs/lustre,16,3,1.1023161999893392
storage_gain,influx,telemetry,write,tmpfs/lustre,16,4,1.0409703938374175
storage_gain,influx,telemetry,write,tmpfs/lustre,16,5,1.0932919603732334
storage_gain,influx,telemetry,write,tmpfs/lustre,64,1,1.059963471754945
storage_gain,influx,telemetry,write,tmpfs/lustre,64,2,1.01591715347453
storage_gain,influx,telemetry,write,tmpfs/lustre,64,3,1.0436029644701352
storage_gain,influx,telemetry,write,tmpfs/lustre,64,4,1.0450367784952657
storage_gain,influx,telemetry,write,tmpfs/lustre,64,5,1.005366050161017
concurrency_scaling,influx,telemetry,write,lustre,16,1,8.81576110313436
concurrency_scaling,influx,telemetry,write,lustre,16,2,8.880508374724318
concurrency_scaling,influx,telemetry,write,lustre,16,3,8.73205126327457
concurrency_scaling,influx,telemetry,write,lustre,16,4,9.359379998324885
concurrency_scaling,influx,telemetry,write,lustre,16,5,8.611920102535167
concurrency_scaling,influx,telemetry,write,lustre,64,1,12.3726672982723
concurrency_scaling,influx,telemetry,write,lustre,64,2,12.219519216684622
concurrency_scaling,influx,telemetry,write,lustre,64,3,12.656396434441799
concurrency_scaling,influx,telemetry,write,lustre,64,4,12.998360036467187
concurrency_scaling,influx,telemetry,write,lustre,64,5,12.627786259544457
concurrency_scaling,influx,telemetry,write,tmpfs,16,1,8.839895212175099
concurrency_scaling,influx,telemetry,write,tmpfs,16,2,8.814846461215438
concurrency_scaling,influx,telemetry,write,tmpfs,16,3,8.599610968119412
concurrency_scaling,influx,telemetry,write,tmpfs,16,4,8.835874489002876
concurrency_scaling,influx,telemetry,write,tmpfs,16,5,8.550557983893766
concurrency_scaling,influx,telemetry,write,tmpfs,64,1,12.074874562769855
concurrency_scaling,influx,telemetry,write,tmpfs,64,2,11.276984128238322
concurrency_scaling,influx,telemetry,write,tmpfs,64,3,11.800535401075818
concurrency_scaling,influx,telemetry,write,tmpfs,64,4,12.31924853900679
concurrency_scaling,influx,telemetry,write,tmpfs,64,5,11.529480732432873
storage_concurrency_interaction,influx,telemetry,write,tmpfs/lustre,16,1,1.002737609238544
storage_concurrency_interaction,influx,telemetry,write,tmpfs/lustre,16,2,0.9926060636690837
storage_concurrency_interaction,influx,telemetry,write,tmpfs/lustre,16,3,0.9848328541413655
storage_concurrency_interaction,influx,telemetry,write,tmpfs/lustre,16,4,0.9440662191923285
storage_concurrency_interaction,influx,telemetry,write,tmpfs/lustre,16,5,0.9928747459438997
storage_concurrency_interaction,influx,telemetry,write,tmpfs/lustre,64,1,0.975931403607367
storage_concurrency_interaction,influx,telemetry,write,tmpfs/lustre,64,2,0.922866434289873
storage_concurrency_interaction,influx,telemetry,write,tmpfs/lustre,64,3,0.9323771945830545
storage_concurrency_interaction,influx,telemetry,write,tmpfs/lustre,64,4,0.9477540631621887
storage_concurrency_interaction,influx,telemetry,write,tmpfs/lustre,64,5,0.913024697715211
storage_gain,influx,telemetry,read,tmpfs/lustre,1,1,1.0389022393800067
storage_gain,influx,telemetry,read,tmpfs/lustre,1,2,1.0301477758911686
storage_gain,influx,telemetry,read,tmpfs/lustre,1,3,0.8628110493594272
storage_gain,influx,telemetry,read,tmpfs/lustre,1,4,1.294855150498735
storage_gain,influx,telemetry,read,tmpfs/lustre,1,5,1.0254906982863286
storage_gain,influx,telemetry,read,tmpfs/lustre,16,1,1.0828522657471777
storage_gain,influx,telemetry,read,tmpfs/lustre,16,2,0.4738829111556734
storage_gain,influx,telemetry,read,tmpfs/lustre,16,3,0.47063440273451007
storage_gain,influx,telemetry,read,tmpfs/lustre,16,4,1.0885171751051261
storage_gain,influx,telemetry,read,tmpfs/lustre,16,5,0.4505067789026957
storage_gain,influx,telemetry,read,tmpfs/lustre,64,1,0.9396129821737185
storage_gain,influx,telemetry,read,tmpfs/lustre,64,2,0.8783592215082532
storage_gain,influx,telemetry,read,tmpfs/lustre,64,3,0.8938206939372104
storage_gain,influx,telemetry,read,tmpfs/lustre,64,4,1.0870779429456296
storage_gain,influx,telemetry,read,tmpfs/lustre,64,5,1.0694894494999974
concurrency_scaling,influx,telemetry,read,lustre,16,1,3.0913579039439854
concurrency_scaling,influx,telemetry,read,lustre,16,2,6.8623006230523425
concurrency_scaling,influx,telemetry,read,lustre,16,3,5.571844441979647
concurrency_scaling,influx,telemetry,read,lustre,16,4,3.8657811334486856
concurrency_scaling,influx,telemetry,read,lustre,16,5,6.870463165181284
concurrency_scaling,influx,telemetry,read,lustre,64,1,5.786085206095345
concurrency_scaling,influx,telemetry,read,lustre,64,2,5.588971604533988
concurrency_scaling,influx,telemetry,read,lustre,64,3,4.740255117929235
concurrency_scaling,influx,telemetry,read,lustre,64,4,7.201583692866381
concurrency_scaling,influx,telemetry,read,lustre,64,5,5.475905599509762
concurrency_scaling,influx,telemetry,read,tmpfs,16,1,3.222135619342676
concurrency_scaling,influx,telemetry,read,tmpfs,16,2,3.1567577706647296
concurrency_scaling,influx,telemetry,read,tmpfs,16,3,3.0392537080135376
concurrency_scaling,influx,telemetry,read,tmpfs,16,4,3.249760529071909
concurrency_scaling,influx,telemetry,read,tmpfs,16,5,3.0182528571811846
concurrency_scaling,influx,telemetry,read,tmpfs,64,1,5.233101411789208
concurrency_scaling,influx,telemetry,read,tmpfs,64,2,4.7654568232634205
concurrency_scaling,influx,telemetry,read,tmpfs,64,3,4.91062107061857
concurrency_scaling,influx,telemetry,read,tmpfs,64,4,6.0459911548999345
concurrency_scaling,influx,telemetry,read,tmpfs,64,5,5.710849718013209
storage_concurrency_interaction,influx,telemetry,read,tmpfs/lustre,16,1,1.042304294572894
storage_concurrency_interaction,influx,telemetry,read,tmpfs/lustre,16,2,0.46001449718776793
storage_concurrency_interaction,influx,telemetry,read,tmpfs/lustre,16,3,0.5454663603159938
storage_concurrency_interaction,influx,telemetry,read,tmpfs/lustre,16,4,0.8406478320651277
storage_concurrency_interaction,influx,telemetry,read,tmpfs/lustre,16,5,0.4393084985124937
storage_concurrency_interaction,influx,telemetry,read,tmpfs/lustre,64,1,0.9044286811186952
storage_concurrency_interaction,influx,telemetry,read,tmpfs/lustre,64,2,0.8526536115154887
storage_concurrency_interaction,influx,telemetry,read,tmpfs/lustre,64,3,1.0359402497230483
storage_concurrency_interaction,influx,telemetry,read,tmpfs/lustre,64,4,0.8395363315556367
storage_concurrency_interaction,influx,telemetry,read,tmpfs/lustre,64,5,1.042905070994007
