workload,storage,clients,phase,native_mean,shifter_mean,native_over_shifter,shifter_over_native,runtime_sensitivity,inference_scope
metadata,lustre,1,write,239042.8222621489,219152.2749978649,1.0907613086128254,0.9167908616705052,0.08320913832949481,descriptive_only_different_allocations_Python_and_SQLite_versions
metadata,lustre,1,read,3967.0142162617476,3799.305914108741,1.044141826413667,0.9577243001889104,0.04227569981108961,descriptive_only_different_allocations_Python_and_SQLite_versions
metadata,lustre,16,write,233384.16215588868,213104.16366273566,1.095164722005379,0.9131046498364913,0.0868953501635086,descriptive_only_different_allocations_Python_and_SQLite_versions
metadata,lustre,16,read,38439.404705908484,37129.353911104525,1.035283425559747,0.9659190665197115,0.034080933480288594,descriptive_only_different_allocations_Python_and_SQLite_versions
metadata,lustre,64,write,197496.07000408304,166624.4707742929,1.185276502822976,0.8436849946981126,0.15631500530188733,descriptive_only_different_allocations_Python_and_SQLite_versions
metadata,lustre,64,read,40074.11558864793,40805.852341875936,0.9820678478396326,1.0182595858318901,-0.018259585831890152,descriptive_only_different_allocations_Python_and_SQLite_versions
metadata,tmpfs,1,write,442474.7265063422,384670.43286616064,1.150269656052025,0.8693613664748986,0.13063863352510147,descriptive_only_different_allocations_Python_and_SQLite_versions
metadata,tmpfs,1,read,12226.027212139232,11082.858896500307,1.1031474212849457,0.9064971559605337,0.09350284403946621,descriptive_only_different_allocations_Python_and_SQLite_versions
metadata,tmpfs,16,write,368879.92392310506,328129.6213455244,1.1241896492321555,0.8895296275704196,0.11047037242958033,descriptive_only_different_allocations_Python_and_SQLite_versions
metadata,tmpfs,16,read,152216.5370921931,142769.9280535265,1.066166658255406,0.9379396666149024,0.06206033338509767,descriptive_only_different_allocations_Python_and_SQLite_versions
metadata,tmpfs,64,write,192203.90767125794,175225.12551943268,1.0968969609894346,0.9116626589045971,0.08833734109540302,descriptive_only_different_allocations_Python_and_SQLite_versions
metadata,tmpfs,64,read,81512.6452881434,78853.62698564366,1.033720938454535,0.9673790699209891,0.032620930079010846,descriptive_only_different_allocations_Python_and_SQLite_versions
telemetry,lustre,1,write,103835.10903829127,98443.69142554833,1.0547665120503977,0.9480771228279373,0.05192287717206273,descriptive_only_different_allocations_Python_and_SQLite_versions
telemetry,lustre,1,read,2926.790987726413,2653.394170880897,1.1030366388250379,0.9065881991600994,0.09341180083990065,descriptive_only_different_allocations_Python_and_SQLite_versions
telemetry,lustre,16,write,160314.9433212791,150101.41976553225,1.068044150226567,0.9362908825331494,0.06370911746685053,descriptive_only_different_allocations_Python_and_SQLite_versions
telemetry,lustre,16,read,32505.989792759734,28227.111301093402,1.151587544542703,0.8683664604909402,0.13163353950905976,descriptive_only_different_allocations_Python_and_SQLite_versions
telemetry,lustre,64,write,137656.9633674021,139440.7843467593,0.9872073225368467,1.0129584507439426,-0.012958450743942683,descriptive_only_different_allocations_Python_and_SQLite_versions
telemetry,lustre,64,read,39498.78921052581,39455.00307446286,1.0011097739868455,0.9988914562461757,0.0011085437538241915,descriptive_only_different_allocations_Python_and_SQLite_versions
telemetry,tmpfs,1,write,157783.92303055525,145904.98995555675,1.0814155367723672,0.9247139198541913,0.0752860801458087,descriptive_only_different_allocations_Python_and_SQLite_versions
telemetry,tmpfs,1,read,6512.581146584004,5670.83208372573,1.1484348417358263,0.8707503148272031,0.1292496851727968,descriptive_only_different_allocations_Python_and_SQLite_versions
telemetry,tmpfs,16,write,225167.3576431332,214301.7316696471,1.0507024646456697,0.9517442222211135,0.04825577777888655,descriptive_only_different_allocations_Python_and_SQLite_versions
telemetry,tmpfs,16,read,85647.2295602347,75794.31300560627,1.1299954596052562,0.8849593080217616,0.1150406919782384,descriptive_only_different_allocations_Python_and_SQLite_versions
telemetry,tmpfs,64,write,165677.74929460871,158814.65796606324,1.0432144703545692,0.9585756605351905,0.041424339464809494,descriptive_only_different_allocations_Python_and_SQLite_versions
telemetry,tmpfs,64,read,80469.01069015637,86495.50051127942,0.9303259731951355,1.0748920580660284,-0.07489205806602835,descriptive_only_different_allocations_Python_and_SQLite_versions
