deployment,workload,phase,clients,ratio_of_arithmetic_means,storage_sensitivity,best_observed_mean_storage,geometric_ratio,log_t95_low,log_t95_high,n_blocks
sqlite-native,metadata,write,1,1.8510270349012927,0.8510270349012927,tmpfs,1.851034680145486,1.800284984439231,1.9032150002454,5
sqlite-native,metadata,write,16,1.5805696518374377,0.5805696518374377,tmpfs,1.5807206248261387,1.5480633351538513,1.614066838875434,5
sqlite-native,metadata,write,64,0.9732037081410496,0.027534103738810156,lustre,0.9720805786348956,0.8019085928958201,1.1783645414582997,5
sqlite-native,metadata,read,1,3.0819217037392503,2.0819217037392503,tmpfs,3.0820820148669994,3.038368356435678,3.1264245910954016,5
sqlite-native,metadata,read,16,3.9599088033950753,2.9599088033950753,tmpfs,3.9603306987414784,3.8550655145640027,4.068470220322055,5
sqlite-native,metadata,read,64,2.03404726694041,1.03404726694041,tmpfs,2.0302244300996066,1.8642819318744226,2.2109377160722907,5
sqlite-native,telemetry,write,1,1.5195623570094128,0.5195623570094128,tmpfs,1.5198144627595225,1.4863308056352154,1.5540524306268806,5
sqlite-native,telemetry,write,16,1.404531311793478,0.4045313117934779,tmpfs,1.4035837321129998,1.344101512116354,1.4656982938366914,5
sqlite-native,telemetry,write,64,1.2035551652582952,0.2035551652582952,tmpfs,1.2029855975161023,1.045325723144489,1.3844243146316797,5
sqlite-native,telemetry,read,1,2.2251609950607034,1.2251609950607034,tmpfs,2.225091335764215,2.1842655270623923,2.266680214081663,5
sqlite-native,telemetry,read,16,2.6348137714394855,1.6348137714394855,tmpfs,2.634708678833056,2.586711290445591,2.6835966765825034,5
sqlite-native,telemetry,read,64,2.0372525917506517,1.0372525917506517,tmpfs,2.036756338353589,1.9592809668727638,2.1172952996347445,5
sqlite-shifter,metadata,write,1,1.7552655242566306,0.7552655242566306,tmpfs,1.7551064312951226,1.724633401198765,1.7861178978862202,5
sqlite-shifter,metadata,write,16,1.5397616625868984,0.5397616625868984,tmpfs,1.539982150705574,1.5167190731323836,1.5636020318475747,5
sqlite-shifter,metadata,write,64,1.0516169966222435,0.051616996622243505,tmpfs,1.0552933132046567,0.9262726067378055,1.2022853410472214,5
sqlite-shifter,metadata,read,1,2.9170746307487523,1.9170746307487523,tmpfs,2.916973632961821,2.8734622011362707,2.961143937104801,5
sqlite-shifter,metadata,read,16,3.8452036734963855,2.8452036734963855,tmpfs,3.8444970923641812,3.5328776245546987,4.183603131472635,5
sqlite-shifter,metadata,read,64,1.9324097515473826,0.9324097515473826,tmpfs,1.9195792255686133,1.631188832819117,2.258956369181571,5
sqlite-shifter,telemetry,write,1,1.4821162010762547,0.48211620107625475,tmpfs,1.482110100902452,1.470810031418393,1.493496987560461,5
sqlite-shifter,telemetry,write,16,1.427712889087923,0.42771288908792293,tmpfs,1.4274796235670144,1.3681702459270841,1.4893600279388208,5
sqlite-shifter,telemetry,write,64,1.1389397923288016,0.1389397923288016,tmpfs,1.1397340319379374,1.0414675422136699,1.2472723449416945,5
sqlite-shifter,telemetry,read,1,2.1371992695088635,1.1371992695088635,tmpfs,2.1371306576177944,2.111260287397131,2.163318030938146,5
sqlite-shifter,telemetry,read,16,2.685160100058496,1.685160100058496,tmpfs,2.687483333563304,2.5659506635532994,2.814772228776527,5
sqlite-shifter,telemetry,read,64,2.1922568437781567,1.1922568437781567,tmpfs,2.189051214350659,1.993198559947029,2.404148445289588,5
postgres,metadata,write,1,1.424339771371611,0.42433977137161105,tmpfs,1.424341721692107,1.4143259991381838,1.4344283718103532,5
postgres,metadata,write,16,1.5289804970622733,0.5289804970622733,tmpfs,1.52892906664833,1.4648969103372087,1.5957601346186394,5
postgres,metadata,write,64,1.3554363311110897,0.35543633111108974,tmpfs,1.3553068363878793,1.335359956586285,1.3755516718169856,5
postgres,metadata,read,1,1.0715795834217523,0.0715795834217523,tmpfs,1.071594766006939,1.0583301942167533,1.0850255891860943,5
postgres,metadata,read,16,1.0069996778338208,0.006999677833820828,tmpfs,1.0050079817769442,0.8951458017371674,1.1283536620238035,5
postgres,metadata,read,64,1.0533455222186454,0.053345522218645414,tmpfs,1.05317798272775,1.0103874381159206,1.0977807338646244,5
postgres,telemetry,write,1,1.3650639492268022,0.3650639492268022,tmpfs,1.365076147788285,1.3486510574461723,1.3817012777116198,5
postgres,telemetry,write,16,1.391735575484442,0.39173557548444204,tmpfs,1.3830231479406496,1.2210939117307704,1.566425816527527,5
postgres,telemetry,write,64,1.2577674916699362,0.2577674916699362,tmpfs,1.2578857441115108,1.2079581821044556,1.3098769218007127,5
postgres,telemetry,read,1,1.0602949809826359,0.06029498098263586,tmpfs,1.0602539179373003,1.0424934774566637,1.0783169341681813,5
postgres,telemetry,read,16,1.1198199319209703,0.11981993192097029,tmpfs,1.1209854156691736,0.9737940966709989,1.290425056424984,5
postgres,telemetry,read,64,1.0182124964895274,0.018212496489527386,tmpfs,1.0169056340585132,0.8301934646546716,1.245609743519351,5
influx,metadata,write,1,1.1321147048048181,0.13211470480481813,tmpfs,1.1321107947865465,1.1180692289802983,1.146328705281639,5
influx,metadata,write,16,1.1245054772435024,0.12450547724350236,tmpfs,1.1245468497555147,1.1038090115884078,1.1456743005524603,5
influx,metadata,write,64,1.1071591525656312,0.10715915256563124,tmpfs,1.1069742950478962,1.0505541438696615,1.1664244980112293,5
influx,metadata,read,1,1.092695329807845,0.092695329807845,tmpfs,1.0927741612315294,1.072639306441911,1.11328697380711,5
influx,metadata,read,16,1.0865618514477768,0.08656185144777684,tmpfs,1.0870173451764376,1.031707837972118,1.1452919762991693,5
influx,metadata,read,64,1.105662406335841,0.1056624063358409,tmpfs,1.104018234610285,0.9956490821826564,1.2241825801516737,5
influx,telemetry,write,1,1.1019500630894894,0.1019500630894894,tmpfs,1.1019514586904637,1.087445078501629,1.1166513521613421,5
influx,telemetry,write,16,1.0830416778753906,0.08304167787539063,tmpfs,1.0834458236678557,1.053209868310805,1.1145498045000375,5
influx,telemetry,write,64,1.0340687210557635,0.03406872105576353,tmpfs,1.033779837092811,1.0060870221265594,1.0622349042140842,5
influx,telemetry,read,1,1.032059629006506,0.03205962900650605,tmpfs,1.0416182122994901,0.870834778350441,1.2458947749527902,5
influx,telemetry,read,16,0.6067987071497821,0.6479929640871172,lustre,0.6526676826244411,0.3664050297033776,1.1625798485550414,5
influx,telemetry,read,64,0.9725461579710162,0.028228831921211395,lustre,0.9697543882518608,0.8564259652028391,1.0980792406393323,5
