deployment,workload,phase,clients,baseline_clients,ratio_of_mean_ratios,geometric_ratio,log_t95_low,log_t95_high,n_blocks
sqlite-native,metadata,write,16,1,0.8538879346631059,0.8539659692934002,0.8237986134754572,0.8852380482101195,5
sqlite-native,metadata,write,64,1,0.5257641783675766,0.5251552491488127,0.4319109178333038,0.6385299012399406,5
sqlite-native,metadata,read,16,1,1.284882999652644,1.2849530543438112,1.245329366928605,1.3258374818058456,5
sqlite-native,metadata,read,64,1,0.6599931674034841,0.6587184962328839,0.6037257423441696,0.7187204832354991,5
sqlite-native,telemetry,write,16,1,0.924299884973248,0.9235230789714404,0.890091812600487,0.9582100018436039,5
sqlite-native,telemetry,write,64,1,0.792040655460143,0.7915345109506625,0.6946627300090966,0.9019152100152258,5
sqlite-native,telemetry,read,16,1,1.184100286355957,1.1840901254186744,1.1431449711267134,1.226501852807082,5
sqlite-native,telemetry,read,64,1,0.9155528953962607,0.9153585318573264,0.8915199152928089,0.9398345762907696,5
sqlite-shifter,metadata,write,16,1,0.8772243522751352,0.8774294955828948,0.8523167654565791,0.9032821492211686,5
sqlite-shifter,metadata,write,64,1,0.5991213193044466,0.6012702673683089,0.5222960806466269,0.6921858076621438,5
sqlite-shifter,metadata,read,16,1,1.3181711681162582,1.3179745778026033,1.2207718373459242,1.422916989558409,5
sqlite-shifter,metadata,read,64,1,0.6624478274151571,0.6580721895725611,0.562421048299749,0.7699907533652985,5
sqlite-shifter,telemetry,write,16,1,0.9632934907878166,0.9631400681351721,0.9198193059994784,1.0085011097255117,5
sqlite-shifter,telemetry,write,64,1,0.7684551261916901,0.7689941734044975,0.6996675711327479,0.8451900061234495,5
sqlite-shifter,telemetry,read,16,1,1.256392016583253,1.2575194333504034,1.2093896769750858,1.3075645967221998,5
sqlite-shifter,telemetry,read,64,1,1.0257615539434213,1.0242945168316193,0.9260479713267118,1.1329642628644856,5
postgres,metadata,write,16,1,1.0734661264073917,1.0734285483345765,1.0350799240506905,1.1131979488795956,5
postgres,metadata,write,64,1,0.9516242952380887,0.9515320767110473,0.9393975196401573,0.9638233804969628,5
postgres,metadata,read,16,1,0.9397339156260183,0.9378619732549498,0.837440994372752,1.0503248429299576,5
postgres,metadata,read,64,1,0.982983941197459,0.9828136681295907,0.9356550299366564,1.03234918357435,5
postgres,telemetry,write,16,1,1.0195387375607914,1.013147252027986,0.9000022848325283,1.1405163871143544,5
postgres,telemetry,write,64,1,0.9213982190228958,0.9214766122384853,0.8871633581799838,0.9571170169206316,5
postgres,telemetry,read,16,1,1.0561399912344858,1.0572801445997249,0.9179865529543432,1.217709889722548,5
postgres,telemetry,read,64,1,0.9603105878572507,0.9591151863290256,0.7917949016216264,1.161793210290906,5
influx,metadata,write,16,1,0.9932787485852614,0.9933187236921823,0.9634659605572469,1.0240964675771125,5
influx,metadata,write,64,1,0.9779566927862762,0.9777967846836143,0.9294832410622286,1.0286216145704608,5
influx,metadata,read,16,1,0.9943868357512365,0.994731925168688,0.939618252146166,1.053078312058885,5
influx,metadata,read,64,1,1.0118670558702545,1.0102894758840963,0.9090341089528404,1.1228234617707993,5
influx,telemetry,write,16,1,0.9828409781464269,0.9832064880202619,0.9548240437673621,1.0124326093328537,5
influx,telemetry,write,64,1,0.9383988945529801,0.9381355493837573,0.9083144397053379,0.9689357237379963,5
influx,telemetry,read,16,1,0.587949271626782,0.6265901219061861,0.3895444417312232,1.0078828980989665,5
influx,telemetry,read,64,1,0.942335239783791,0.9310075196467794,0.8178733351639159,1.0597912468501394,5
