study,deployment,workload,storage,clients,records,read_queries,n_trials,n_allocations,completion_throughput_records_s_mean,completion_throughput_records_s_sd,completion_throughput_records_s_median,read_queries_per_s_mean,read_queries_per_s_sd,read_queries_per_s_median,completion_wall_s_mean,completion_wall_s_sd,completion_wall_s_median,read_wall_s_mean,read_wall_s_sd,read_wall_s_median,transaction_latency_p99_ms_mean,transaction_latency_p99_ms_sd,transaction_latency_p99_ms_median,read_latency_p99_ms_mean,read_latency_p99_ms_sd,read_latency_p99_ms_median
baseline,sqlite-native,metadata,lustre,16,1000000,64000,5,1,233384.162156,4092.43591263,234181.182595,38439.4047059,1038.59114324,38845.1557348,4.28583856479,0.0754008032673,4.27019792504,1.66593992279,0.0454262080204,1.64756708499,1080.12358031,89.310588478,1138.52472695,0.561431189533,0.0185600424259,0.554490229115
baseline,sqlite-native,metadata,lustre,64,1000000,64000,5,1,197496.070004,17518.3318473,194406.532374,40074.1155886,160.073942453,40121.0896611,5.093616813,0.42693356585,5.14386007399,1.59706126538,0.00638574952283,1.59517103201,3699.50165912,375.541446079,3959.48966325,1.72403228958,0.00728724476482,1.72336657415
baseline,sqlite-native,metadata,tmpfs,64,1000000,64000,5,1,192203.907671,20442.1828246,184827.429172,81512.6452881,5643.4750127,79201.96036,5.24486757182,0.494807869819,5.41045235808,0.788099012757,0.0531986617449,0.808060806943,4158.83100462,527.563532133,4339.14173892,0.841394944116,0.0435790592458,0.857370289741
baseline,sqlite-native,metadata,lustre,1,1000000,64000,5,1,239042.822262,2991.25925203,238664.090152,3967.01421626,47.2250964417,3988.15247895,4.18387255056,0.0521153730061,4.18998936692,16.134879606,0.193141536987,16.0475308649,21.5002557314,0.623613586829,21.6385829297,0.262795175659,0.00482195113414,0.261699376861
baseline,sqlite-native,metadata,tmpfs,1,1000000,64000,5,1,442474.726506,5330.48569735,442867.551531,12226.0272121,42.7589838062,12210.7387693,2.26028026862,0.0274133623887,2.25801144505,5.23478503723,0.0182510469207,5.24128811609,2.9259710107,0.0417009535344,2.90959253674,0.0766912228428,0.00043218168505,0.0765090808272
baseline,sqlite-native,metadata,tmpfs,16,1000000,64000,5,1,368879.923923,3078.15568992,367482.228452,152216.537092,3278.8261967,153391.881567,2.71105949399,0.0225056065209,2.721220028,0.420611923817,0.00918522110853,0.417231990024,573.152625367,113.09487234,531.821884792,0.114252863917,0.0179686746974,0.106257137377
baseline,sqlite-native,telemetry,lustre,16,1000000,64000,5,1,160314.943321,2029.27644313,159715.249049,32505.9897928,278.130728242,32460.7180869,6.2385094844,0.0777964627226,6.261142915,1.96898326841,0.0168542237879,1.97161380807,1310.93449149,166.617203426,1355.67110244,0.562831345713,0.00452270393927,0.562544995919
baseline,sqlite-native,telemetry,lustre,64,1000000,64000,5,1,137656.963367,12503.9319075,144908.766955,39498.7892105,495.14272177,39770.1965207,7.3151093364,0.69816930545,6.90089372103,1.62050750337,0.0204091539951,1.60924525396,5719.02972608,629.940371555,5474.41850333,1.67619862081,0.0259052266782,1.65982717299
baseline,sqlite-native,telemetry,tmpfs,64,1000000,64000,5,1,165677.749295,16522.1632286,164055.634514,80469.0106902,2225.16621695,80748.2819143,6.0824329216,0.58580126774,6.09549317195,0.795825793804,0.0220869449167,0.792586522992,4622.25200331,492.646010931,4841.97532171,0.761116564972,0.0248336058521,0.755515560741
baseline,sqlite-native,telemetry,lustre,1,1000000,64000,5,1,103835.109038,2140.55904972,103956.669375,2926.79098773,24.3275412574,2926.61676684,9.63399256358,0.202461139265,9.61939244508,21.8681594538,0.181484501537,21.8682544039,33.6761971116,1.06289962992,32.9537942773,0.287965019234,0.00483294624396,0.284889114555
baseline,sqlite-native,telemetry,tmpfs,1,1000000,64000,5,1,157783.923031,626.384377626,157570.437086,6512.58114658,78.8953830596,6514.22206334,6.33786115136,0.0251365176604,6.34636812902,9.82829287623,0.119705425985,9.82465740002,7.29104481381,0.036882704294,7.31087693828,0.0873384391889,0.00118582207277,0.0872891128529
baseline,sqlite-native,telemetry,tmpfs,16,1000000,64000,5,1,225167.357643,9736.53795353,221507.237956,85647.2295602,1128.18947157,85095.3621199,4.44766166443,0.188608278804,4.51452516508,0.747354481765,0.00979564389906,0.75209739292,997.143239099,113.805554787,1034.9357934,0.119099678239,0.00323280090624,0.119620935293
baseline,sqlite-shifter,metadata,lustre,16,1000000,64000,5,1,213104.163663,4483.53753714,212668.764023,37129.3539111,1585.55041367,37890.2248461,4.69420180316,0.0986853473321,4.70214798395,1.72625622798,0.0747267913381,1.68909000303,1116.07570608,145.686691832,1044.16716251,0.601691629505,0.03625371618,0.578945836751
baseline,sqlite-shifter,metadata,lustre,64,1000000,64000,5,1,166624.470774,15458.5204637,174230.20484,40805.8523419,216.258801644,40794.3434002,6.0449209356,0.585272104244,5.73953294102,1.56843767939,0.00830232870206,1.56884495902,4438.87318092,510.900427304,4367.68903416,1.71031175763,0.0119152483436,1.70989404432
baseline,sqlite-shifter,metadata,tmpfs,64,1000000,64000,5,1,175225.125519,2178.70866918,175195.990799,78853.6269856,10133.2832134,80781.3035397,5.70764940141,0.0709102413884,5.70789317403,0.822568330029,0.106660062748,0.792262531002,4640.24839814,70.7815175964,4640.85706784,0.87053120858,0.0804391956697,0.853033147287
baseline,sqlite-shifter,metadata,lustre,1,1000000,64000,5,1,219152.274998,1101.69462229,218898.391653,3799.30591411,17.0336909189,3807.27827047,4.56312943578,0.0229159771251,4.56832959095,16.8454545478,0.075959035266,16.8099086679,22.5599827433,0.472583539272,22.5650135393,0.27067161724,0.00224203311531,0.269698920893
baseline,sqlite-shifter,metadata,tmpfs,1,1000000,64000,5,1,384670.432866,6078.30788682,387197.201707,11082.8588965,114.358471574,11109.3296145,2.60015404257,0.0416215465461,2.582663293,5.77517700917,0.0598118859532,5.76092367596,3.27348352992,0.0398954391839,3.25980956201,0.0854762298986,0.00244437392771,0.0845119368751
baseline,sqlite-shifter,metadata,tmpfs,16,1000000,64000,5,1,328129.621346,3016.01805872,328563.933554,142769.928054,6744.67890928,145931.519303,3.04778219499,0.0280247794061,3.043547687,0.449112157617,0.0221947845217,0.438561870018,733.434510523,157.586796234,735.545472822,0.110897814855,0.00692976172109,0.107518022414
baseline,sqlite-shifter,telemetry,lustre,16,1000000,64000,5,1,150101.419766,1763.64984987,149243.788499,28227.1113011,1406.93566555,27415.196619,6.66289557859,0.0780255209244,6.700446364,2.27174961423,0.111014767351,2.33447167603,1365.58784677,191.496270055,1342.82943884,0.651125482516,0.0293996550883,0.661012002965
baseline,sqlite-shifter,telemetry,lustre,64,1000000,64000,5,1,139440.784347,9296.23715625,141634.107994,39455.0030745,1384.07249708,40228.8041406,7.19785195619,0.494596022813,7.06044620299,1.6237514328,0.0588227938908,1.59089988796,5091.0538025,634.897754409,4963.93580067,1.66427476262,0.0604862532355,1.63622008869
baseline,sqlite-shifter,telemetry,tmpfs,64,1000000,64000,5,1,158814.657966,8355.23033416,161503.925094,86495.5005113,6033.10461617,87654.6541456,6.31080901041,0.336585068189,6.19179997896,0.742853926215,0.0526367231638,0.73013806995,4883.71525641,297.496040317,4742.64603812,0.69877348817,0.0514280096269,0.688256187132
baseline,sqlite-shifter,telemetry,lustre,1,1000000,64000,5,1,98443.6914255,279.218010751,98392.1437731,2653.39417088,8.52462760089,2649.7082894,10.1581565966,0.0288012136481,10.1634130699,24.1202484344,0.0772169652239,24.153602212,34.2024966655,0.691902696859,33.8643502665,0.303747126833,0.00141718934491,0.304105504183
baseline,sqlite-shifter,telemetry,tmpfs,1,1000000,64000,5,1,145904.989956,624.457396485,145935.927369,5670.83208373,53.7789990949,5684.57981822,6.85387574704,0.0293697254589,6.852322235,11.2866422018,0.108145931847,11.258527815,7.81659989641,0.128571746639,7.80524075963,0.0960709964857,0.000744871622196,0.0958549790084
baseline,sqlite-shifter,telemetry,tmpfs,16,1000000,64000,5,1,214301.73167,5032.36506273,214071.958358,75794.3130056,1291.88715922,76372.6546965,4.66834787861,0.108080106052,4.67132644402,0.844587907824,0.0144755856166,0.837996273069,957.590205606,178.396724136,937.289369387,0.12347587687,0.00274755886604,0.122655997984
baseline,postgres,metadata,lustre,16,1000000,64000,5,1,364586.33407,7654.05641317,366210.131306,70653.253712,3307.75351651,69929.7000373,2.7437984548,0.0573978524954,2.7306726781,0.907420175965,0.042414674029,0.915204840945,71.6639245767,20.2301932301,62.8644049959,0.27000581054,0.0203595060106,0.280273024691
baseline,postgres,metadata,lustre,64,1000000,64000,5,1,397159.549674,5017.14205656,397102.833512,200123.160109,2306.51123001,199962.573254,2.51819935737,0.0316246054893,2.51823939697,0.319836893026,0.00366906464221,0.320059894002,400.949589859,60.6544435972,412.181294868,0.471869151341,0.0145484857434,0.477437336231
baseline,postgres,metadata,tmpfs,64,1000000,64000,5,1,538324.482876,10690.6431094,542213.993167,210798.834593,4866.63561897,208779.031713,1.85820951541,0.0373827136238,1.84429028502,0.30373540963,0.00695347494112,0.306544193998,140.378767346,6.55265227937,143.987783177,0.438493566355,0.0279845488131,0.429263579426
baseline,postgres,metadata,lustre,1,1000000,64000,5,1,73653.6304874,442.845229366,73826.0569344,6075.962263,56.1830369379,6047.72585459,13.5774580814,0.0820849346192,13.545352976,10.5340285632,0.097005863388,10.582490268,40.9060045672,1.33466664386,41.1936331599,0.162447197828,0.00401054208878,0.162635198794
baseline,postgres,metadata,tmpfs,1,1000000,64000,5,1,104907.795209,600.966363099,105286.516629,6510.87711068,45.9236276726,6505.52424825,9.53243087577,0.0547163917751,9.49789234193,9.83009721038,0.0695439309314,9.83779285999,13.5915137937,0.1734934533,13.5293116851,0.149189330172,0.0021027203812,0.148337200517
baseline,postgres,metadata,tmpfs,16,1000000,64000,5,1,557445.394288,12798.2485826,548517.108357,71147.8037259,6081.53699245,71114.3222429,1.79464715619,0.0408062822631,1.82309719198,0.90463140842,0.0747742859939,0.899959360948,34.7125144743,0.946054505954,34.5602083742,0.26888570236,0.0145257005045,0.274392161518
baseline,postgres,telemetry,lustre,16,1000000,64000,5,1,207918.816119,8385.43867835,204231.371929,40816.5876012,3208.22661437,41614.618187,4.81562317258,0.187693057778,4.89640739595,1.57595475635,0.126789942408,1.53792111494,100.218345143,10.2761672744,96.4013131033,0.439605076332,0.0310386919433,0.43114308035
baseline,postgres,telemetry,lustre,64,1000000,64000,5,1,210095.029089,9479.49541668,208847.266209,127799.634577,10857.9224033,131754.464418,4.767368651,0.211149609682,4.78818812501,0.504053228581,0.048115039561,0.485752040986,501.76574336,81.5427344489,464.269802308,0.689526465954,0.0135588257123,0.695220956113
baseline,postgres,telemetry,tmpfs,64,1000000,64000,5,1,264250.69775,11331.0782937,260851.537494,130127.184973,13555.5429454,135187.537718,3.78957408762,0.154193669994,3.83359825902,0.4962137928,0.0527065401148,0.473416419001,294.601727287,10.5891146436,297.297992442,0.585451429943,0.0842183970452,0.60786737944
baseline,postgres,telemetry,lustre,1,1000000,64000,5,1,60467.4248167,586.199877782,60547.8857276,4088.37328234,34.290070573,4072.78419018,16.5390708156,0.159978018108,16.515853328,15.6550265838,0.130957479876,15.714066106,42.5674010767,0.712405768544,42.9838163103,0.221805115463,0.0121496099966,0.225937094074
baseline,postgres,telemetry,tmpfs,1,1000000,64000,5,1,82541.9017199,697.685318689,82718.8724638,4334.88167165,55.9411789703,4346.30751784,12.1157521854,0.102529451302,12.0891396391,14.7659315966,0.191417687287,14.7251430639,15.0423370574,0.0694462771437,15.0168307743,0.18666859786,0.0162009425837,0.179716969142
baseline,postgres,telemetry,tmpfs,16,1000000,64000,5,1,289368.013206,38474.3079761,268187.744231,45707.2283488,2791.77039918,44543.452725,3.50325553822,0.446253497314,3.72873116506,1.4043202942,0.0840216352753,1.43679926195,64.2212461701,7.72358729799,68.889903184,0.365661696764,0.0299143204751,0.362571279984
baseline,influx,metadata,lustre,16,1000000,1024,5,1,627811.79019,8036.35981717,628420.514893,96.6723286972,3.71197123679,97.2820468776,1.59304315897,0.0204211916886,1.59129114391,10.6054765208,0.423139305979,10.5260943089,142.825415989,4.38148134101,144.376401289,293.832451822,14.7008278549,295.79879498
baseline,influx,metadata,lustre,64,1000000,1024,5,1,757236.068672,18664.4155283,751064.834562,131.648849491,3.65999770757,130.329302358,1.32123145801,0.0324279410989,1.331442978,7.78295557322,0.21080701984,7.85702049709,301.836773905,5.59009897899,299.459682128,607.391703431,11.1363159641,613.592100664
baseline,influx,metadata,tmpfs,64,1000000,1024,5,1,838380.844083,26670.3915094,841721.552217,145.559183719,9.82453767921,140.856085693,1.1937576798,0.0386160634265,1.18804133905,7.05997205202,0.463814112627,7.26983143797,166.202380022,20.3988025993,162.088802464,568.446258008,27.5951988839,582.256525947
baseline,influx,metadata,lustre,1,1000000,1024,5,1,78842.7626882,421.310413806,78746.1301695,13.5693469717,0.229283338272,13.5504442533,12.6837619254,0.0677403244892,12.699036738,75.4813980316,1.2719671885,75.569478082,21.6042668652,0.606821367505,21.5559811331,99.4143511828,1.78680595653,100.018825097
baseline,influx,metadata,tmpfs,1,1000000,1024,5,1,89259.0510068,543.743289698,89201.5731498,14.8271620646,0.15208866305,14.790859521,11.2036791768,0.0684410595912,11.21056462,69.0682061402,0.70261713574,69.2319468351,20.1541267294,0.205897829574,20.1336529106,90.9200586369,1.28650276534,91.0981580894
baseline,influx,metadata,tmpfs,16,1000000,1024,5,1,705977.796747,6006.2934867,703948.097687,105.040464453,2.2723140487,104.849461475,1.41655656858,0.0119638079079,1.42055927601,9.75223995119,0.208980787712,9.766383018,73.2450734284,1.30453975847,73.0453185237,267.472240309,8.74587580358,269.631986605
baseline,influx,telemetry,lustre,16,1000000,1024,5,1,576163.606715,19796.7939543,575354.57904,340.484074602,133.539804688,431.615918448,1.73721775739,0.0582136631213,1.73805864493,3.51135399882,1.60644297326,2.37247968907,108.427289512,10.3793773732,102.385344742,115.61653387,74.6568953267,63.9874045155
baseline,influx,telemetry,lustre,64,1000000,1024,5,1,815845.590582,18373.4203678,813433.815198,360.800999816,10.2523906329,363.335688638,1.22621357082,0.0272824985415,1.22935631801,2.84000872581,0.0826816083092,2.81833035406,154.451547064,9.17321047414,154.012254187,300.40987106,22.8581318818,298.482693224
baseline,influx,telemetry,tmpfs,64,1000000,1024,5,1,843640.406432,29251.5563229,848901.940941,350.895626163,31.8133739251,337.946562652,1.18647879481,0.0411009987494,1.17799235904,2.93674511102,0.25548153981,3.03006484802,114.569961472,5.44107302613,115.568410219,306.837304394,30.2148763888,307.823377884
baseline,influx,telemetry,lustre,1,1000000,1024,5,1,64881.0275112,374.522938626,64979.8500354,63.8154040475,9.77873853395,62.82195364,15.4132389414,0.0893806165003,15.3893860859,16.351393849,2.52269905862,16.3000343139,22.9700942922,1.27035919868,22.5870499725,33.3916986168,5.36245545351,33.1860823464
baseline,influx,telemetry,tmpfs,1,1000000,1024,5,1,71495.6523592,392.855354277,71612.8259299,65.8613022261,1.38777855656,65.8124176166,13.9872033968,0.0771015752129,13.9639790361,15.5533407808,0.327231730649,15.5593737031,21.1496898474,0.2627721926,21.2189393432,31.4431586522,0.983203645608,31.4464149147
baseline,influx,telemetry,tmpfs,16,1000000,1024,5,1,624009.199347,9409.14516369,626605.905974,206.605296274,7.54716126396,208.081130341,1.60283403038,0.0243364975926,1.59589941695,4.96176223122,0.186623311744,4.92115742702,57.8962208547,2.49440141625,57.7993652876,175.571303812,12.4586335879,174.046029069
read1024,sqlite-native,metadata,lustre,16,1000000,1024,5,1,229856.61284,2904.62823735,228718.506854,35898.4261223,646.803134307,35990.7676973,4.35108762521,0.0543392890565,4.37218664004,0.0285323644057,0.00051601627507,0.0284517409746,1121.30085317,229.165895603,1142.4099064,0.565241543809,0.0261682571317,0.557878337568
read1024,sqlite-native,metadata,lustre,64,1000000,1024,5,1,204288.057109,21063.0585367,209707.808773,36151.0448201,243.719072824,36274.0769927,4.94171208022,0.567442609012,4.76853964501,0.028326632781,0.000191673093585,0.0282295260113,3342.84483099,574.800786483,3271.3352451,1.75639969623,0.00963030647215,1.75676056766
read1024,sqlite-native,metadata,tmpfs,64,1000000,1024,5,1,183068.592841,7320.74489865,181473.849807,76106.6161902,5685.15371097,73721.0991033,5.46911904642,0.209021512649,5.51043580694,0.0135099662002,0.000923274574024,0.0138901890023,4398.89331687,208.375191843,4439.79524597,0.837743691634,0.0790185693099,0.854196394794
read1024,sqlite-native,metadata,lustre,1,1000000,1024,5,1,236708.627607,2242.3578199,237391.345173,3993.05278803,114.819574457,4015.23638013,4.22490846161,0.0402955783176,4.21245348803,0.256620893977,0.00762996887879,0.255028571934,21.5823479968,0.538625425542,21.7315556982,0.260129143484,0.0110449086398,0.258531139698
read1024,sqlite-native,metadata,tmpfs,1,1000000,1024,5,1,434789.601667,2431.90989151,435341.897741,11735.9805364,224.972423767,11770.0357931,2.30002074421,0.0129031293544,2.29704516195,0.0872788658133,0.00168405848718,0.0870005850447,2.98135965969,0.0609077771791,3.01659493707,0.0889823504258,0.00418314603837,0.0912889104802
read1024,sqlite-native,metadata,tmpfs,16,1000000,1024,5,1,355766.956218,7247.00279745,354105.587162,114105.596053,24878.4043383,130705.407099,2.81176274801,0.0573175246615,2.82401644101,0.00936019399669,0.00221391236845,0.0078344119247,551.950717178,130.267709402,532.269019848,0.17570094578,0.0195526778277,0.17980949604
read1024,sqlite-shifter,metadata,lustre,16,1000000,1024,5,1,213649.756806,3526.9676433,214788.90221,34253.8277215,955.511922244,34014.421174,4.68159561884,0.0786002354674,4.65573402401,0.0299129607854,0.000828759294419,0.0301048780093,1123.04689717,226.598550119,1146.41318448,0.660478768172,0.0566351644929,0.661431303015
read1024,sqlite-shifter,metadata,lustre,64,1000000,1024,5,1,178158.856793,30401.8647736,167873.345675,35691.1211534,566.450102646,35832.1673665,5.74246293879,0.95100436092,5.95687180699,0.0286964340135,0.00045881096058,0.0285776740639,4390.90909446,800.89109364,4572.78025082,1.84507767437,0.0383371694108,1.8587258656
read1024,sqlite-shifter,metadata,tmpfs,64,1000000,1024,5,1,183143.183395,19495.4576774,175254.042791,69598.539583,4207.84538788,68676.3806975,5.5046643862,0.522682157139,5.70600246405,0.0147532778094,0.000834106290337,0.0149105120217,4441.23212045,524.960026617,4641.60597439,0.978651385754,0.0266709508941,0.990554400487
read1024,sqlite-shifter,metadata,lustre,1,1000000,1024,5,1,218521.438737,2568.82740504,218754.996271,3831.21120088,50.3195232213,3856.91964034,4.57672177716,0.0544172945101,4.57132416195,0.267315665795,0.0035467830417,0.265496846056,22.1988009582,0.549529498379,22.3505460517,0.268324289005,0.00323554309367,0.267432713881
read1024,sqlite-shifter,metadata,tmpfs,1,1000000,1024,5,1,390764.150311,2085.99294449,390334.117528,11276.3248391,45.8168653954,11273.0131589,2.55914663859,0.0136397864092,2.56190774799,0.090810929006,0.000369254391541,0.0908364059869,3.22096216795,0.0301986802634,3.22475820663,0.0857827682048,0.00153241006626,0.0855535920709
read1024,sqlite-shifter,metadata,tmpfs,16,1000000,1024,5,1,324261.550371,8117.32387128,321574.15002,126683.643449,5144.36813274,128474.939753,3.08544651978,0.0757247175682,3.10970269202,0.00809387180489,0.000330894093502,0.00797042599879,793.707323494,114.963172664,833.664011044,0.216512561077,0.0275791554788,0.217698595952
read1024,postgres,metadata,lustre,16,1000000,1024,5,1,362728.364002,6692.67244897,365994.721683,45148.6229784,1607.81101678,45609.4492353,2.75763938262,0.0511799562112,2.73227984109,0.0227035961812,0.000805772872924,0.0224514879519,63.2088900148,1.81112015705,62.9799924081,1.51166086807,0.0956977880283,1.50653890683
read1024,postgres,metadata,lustre,64,1000000,1024,5,1,412534.942954,6331.2983659,414581.198341,65633.6247946,4513.48930572,64787.4919613,2.42449627239,0.0374014718529,2.41207272303,0.0156613809755,0.00108566565859,0.0158055200009,396.239382298,66.3451344782,431.676833101,2.07840059139,0.0685188610506,2.09469157504
read1024,postgres,metadata,tmpfs,64,1000000,1024,5,1,542339.121988,12797.1059121,542126.702165,68037.1257612,11507.2016671,65637.2430779,1.844681014,0.0432467845562,1.84458724502,0.0153942450183,0.00254980544215,0.0156008990016,140.286012511,5.61926818857,142.929274131,2.19247344928,0.292361616057,2.07247222424
read1024,postgres,metadata,lustre,1,1000000,1024,5,1,74360.1003211,881.317414047,74806.6535488,5792.01324534,145.182975333,5718.28289361,13.4495958278,0.160693470344,13.367794876,0.176883353991,0.0043973912562,0.179074736079,38.5335907179,1.07873309282,37.9975945887,0.241559473798,0.00935674834922,0.244305903325
read1024,postgres,metadata,tmpfs,1,1000000,1024,5,1,103920.147466,661.236552963,103606.975053,6329.89579495,146.084572567,6310.89960238,9.62308285481,0.0608510703011,9.65185982396,0.161841014633,0.00373814943515,0.162258959026,13.4803560518,0.0745115818342,13.4705251735,0.205162512604,0.00271609053501,0.204631499946
read1024,postgres,metadata,tmpfs,16,1000000,1024,5,1,529401.183718,21175.5217798,535148.03631,49478.7350362,5261.27876651,49464.0947173,1.89139371663,0.0771223109792,1.86864181899,0.0208844329696,0.00222121644761,0.0207018849906,34.797631755,1.96484459641,35.4528488149,1.41899644863,0.0806054160905,1.38828512863
read1024,sqlite-native,telemetry,lustre,16,1000000,1024,5,1,158111.771547,10112.2856693,161930.961293,26600.689475,1786.02816655,25812.8326084,6.34712847201,0.43971881134,6.175471275,0.0386322429869,0.00255132132736,0.0396701910067,1246.03769671,124.421096866,1242.45422449,0.636878996855,0.0297282686894,0.625974237919
read1024,sqlite-native,telemetry,lustre,64,1000000,1024,5,1,164180.06283,4264.31468111,166687.955969,34813.3568805,925.934282745,35095.9797753,6.09422554136,0.161335603351,5.99923368299,0.0294312316226,0.000809985526233,0.0291771310149,4261.45388832,205.09341022,4153.99110285,1.70766526298,0.0566109997254,1.68937276932
read1024,sqlite-native,telemetry,tmpfs,64,1000000,1024,5,1,180384.478875,25807.4632198,182610.12628,72900.8694042,5986.39358198,72788.289218,5.63191264581,0.775917857631,5.47614757391,0.0141231226036,0.00116885711794,0.0140681971097,4341.78552398,725.704152245,4241.53152126,0.715945523698,0.108398022263,0.697925635614
read1024,sqlite-native,telemetry,lustre,1,1000000,1024,5,1,105482.005478,844.68589367,105471.882776,2775.58561687,40.4723554728,2802.97595764,9.48077366243,0.0755020076966,9.48119985801,0.368994246563,0.00540874295507,0.365326001891,32.8671284385,0.491671556228,32.638664426,0.30956513295,0.00589796764935,0.308018017095
read1024,sqlite-native,telemetry,tmpfs,1,1000000,1024,5,1,157949.58203,1845.02328343,158612.602899,6012.49754904,67.4098376016,6042.82671583,6.33182753478,0.0741954163384,6.30466924899,0.170329304994,0.00193831191483,0.169457118027,7.29935221304,0.137827057201,7.219592646,0.109772944823,0.00595907458889,0.112866748823
read1024,sqlite-native,telemetry,tmpfs,16,1000000,1024,5,1,235062.120133,9249.74500813,236191.048992,53311.2091842,16599.5212493,42339.3202351,4.25948688579,0.16814668559,4.23386069993,0.0206508091884,0.00579758689206,0.0241855559871,1116.91416901,83.6105080225,1136.78048786,0.245651108911,0.0222013275338,0.252647654852
read1024,sqlite-shifter,telemetry,lustre,16,1000000,1024,5,1,148992.421168,2566.27703405,150103.608116,25967.2794357,952.665555578,25698.4340298,6.71337253619,0.117700603884,6.66206503997,0.0394758982351,0.00142001098389,0.0398467859486,1252.16435263,244.428014627,1344.45857599,0.724532872438,0.0234895321774,0.724500280339
read1024,sqlite-shifter,telemetry,lustre,64,1000000,1024,5,1,132603.820707,8554.17332599,134433.386139,33581.6338757,647.198974524,33599.3324507,7.56720188376,0.503114590785,7.43862836994,0.0305019054096,0.000586845035355,0.0304767959751,5833.90704223,546.301254985,5569.0008524,1.93830533535,0.263500460447,1.83273686795
read1024,sqlite-shifter,telemetry,tmpfs,64,1000000,1024,5,1,147117.592685,12071.7475258,149394.24178,72406.9734212,2392.5963682,73769.7522458,6.83606032478,0.591913003448,6.69369841891,0.0141549048247,0.000477488454721,0.0138810280478,5324.98828799,476.460525501,5144.40314758,0.786289166193,0.0220624393491,0.788780120201
read1024,sqlite-shifter,telemetry,lustre,1,1000000,1024,5,1,99046.0640387,788.405757433,99080.6201659,2601.12534593,28.6655022727,2594.79817656,10.0968238898,0.0803307267928,10.0927910859,0.393714058399,0.00434407557482,0.394635702018,33.7624402889,0.570185153035,33.8018445077,0.314380664378,0.0119249712345,0.313604982803
read1024,sqlite-shifter,telemetry,tmpfs,1,1000000,1024,5,1,144083.687123,602.089097128,143706.066654,5456.52386563,20.1555815524,5454.08829839,6.94050776123,0.0289590634652,6.95864846406,0.187667314382,0.000693341541908,0.187749068951,7.81495882082,0.0904334077275,7.82469855156,0.10257693124,0.00357537765387,0.10413061711
read1024,sqlite-shifter,telemetry,tmpfs,16,1000000,1024,5,1,213470.917416,8715.04603165,209602.223711,62157.5876278,13291.6407569,68360.4938859,4.69061862561,0.188056305255,4.77094175003,0.0173628176097,0.00519574781997,0.0149794119643,1198.69355311,229.934789903,1239.23503498,0.227942149388,0.0314628963044,0.234638524707
read1024,postgres,telemetry,lustre,16,1000000,1024,5,1,211065.82627,3541.42817352,211364.326663,29716.6028537,1333.04964133,28959.88538,4.73892817702,0.0797008232505,4.73116734403,0.0345116777811,0.00147231033402,0.0353592559695,97.5117733832,1.44803075443,96.8543839117,2.71609756723,0.0707497877549,2.75485586026
read1024,postgres,telemetry,lustre,64,1000000,1024,5,1,205743.499249,5708.84799803,207623.999911,60422.6789816,4924.82114737,60812.9852562,4.86345063301,0.136507785878,4.81639887695,0.0170430048136,0.00147207325572,0.0168385090074,451.442018248,61.1692553771,429.35222036,3.30981885665,0.951125513094,3.82591897738
read1024,postgres,telemetry,tmpfs,64,1000000,1024,5,1,269334.754414,8126.99800341,271802.989151,60594.1426284,7166.74625078,60821.8531839,3.71555970898,0.112206437532,3.6791354029,0.0170829423703,0.00194920314349,0.0168360539246,294.444322904,7.90545455708,291.797771766,2.88373846211,0.308548545521,2.6909690036
read1024,postgres,telemetry,lustre,1,1000000,1024,5,1,60962.7181136,1021.057293,60925.000009,4029.42137238,42.5638784092,4038.0625561,16.40714656,0.274546827983,16.4136233049,0.254153506621,0.00268931747687,0.253586958046,40.636926125,1.09950695368,40.3492361575,0.247497019358,0.0198678615938,0.236701155081
read1024,postgres,telemetry,tmpfs,1,1000000,1024,5,1,81751.4788084,309.056733506,81701.1937264,4203.28052875,137.892065955,4259.30704637,12.2323343792,0.0462086147864,12.239723245,0.243832714995,0.00813549310036,0.240414693952,15.335343451,0.113065094549,15.3637896792,0.213096001185,0.00830112138801,0.213572905632
read1024,postgres,telemetry,tmpfs,16,1000000,1024,5,1,269299.393171,13372.7739964,264071.287787,32715.2412803,1311.39379469,32411.2921406,3.72030260644,0.175345003898,3.78685622499,0.031339683407,0.00122581289119,0.0315939270658,69.2480146999,1.77925327928,69.6608597506,2.29360300535,0.0671274211515,2.25427042227
sql-repeats,sqlite-native,metadata,lustre,16,1000000,1024,15,3,229947.092667,4449.39469078,229002.022724,34159.8538111,2242.47573967,34746.8280768,4.35034498514,0.0841021484207,4.36677365599,0.0301013859998,0.00203624367226,0.0294703159016,905.889093111,184.181492517,941.171442895,0.606219045275,0.0370225988855,0.60240256018
sql-repeats,sqlite-native,metadata,lustre,64,1000000,1024,15,3,191843.954853,27326.5882584,191793.355343,35605.2063003,848.106546233,35785.987502,5.32330471893,0.842284939676,5.21394496807,0.0287753047422,0.000695906990391,0.0286145519931,3871.77884625,837.040769447,3561.40737108,1.79952968447,0.114245074384,1.77941078553
sql-repeats,sqlite-native,metadata,tmpfs,64,1000000,1024,15,3,196640.484139,15730.2971601,191959.637077,79214.9450346,8351.81007675,75777.7692259,5.1145666344,0.391608626583,5.20942847792,0.0130550403924,0.0013088872355,0.013513198006,4038.44464663,398.872973505,4137.51741685,0.80028484102,0.108876600087,0.835581901483
sql-repeats,sqlite-native,metadata,lustre,1,1000000,1024,15,3,237467.560784,1989.72690618,236863.040915,3880.49773049,74.6493832084,3877.83299308,4.21137774999,0.0353272857004,4.22184903198,0.263973955989,0.00502945388275,0.264065007912,21.9414653593,0.620731841091,21.7465920048,0.275951549023,0.0144231722454,0.278215528233
sql-repeats,sqlite-native,metadata,tmpfs,1,1000000,1024,15,3,443243.115928,6316.27118492,445552.467696,12004.1773702,98.6367247782,12041.6943257,2.25653388812,0.0327604821039,2.24440458196,0.0853090299449,0.000703106176817,0.0850378669566,2.95413784116,0.0482274332728,2.9486680706,0.0845816955746,0.00328813331644,0.0843761162832
sql-repeats,sqlite-native,metadata,tmpfs,16,1000000,1024,15,3,367466.389929,6171.0756066,367377.809793,101623.014032,19816.4695591,88798.9570595,2.72205457726,0.0457756053647,2.72199347196,0.0104027182873,0.00179435052609,0.0115316669689,579.934739057,83.2181185848,631.386064902,0.179160516864,0.0177223047198,0.180137932766
sql-repeats,sqlite-shifter,metadata,lustre,16,1000000,1024,15,3,211655.342549,4996.51213157,212793.663408,33010.2497776,1711.18573764,32601.249631,4.72715175734,0.113072242657,4.69938805501,0.0310974998632,0.0015886602203,0.0314098389354,1111.27067229,160.124119417,1043.29408482,0.705184156618,0.0498892155099,0.719597286079
sql-repeats,sqlite-shifter,metadata,lustre,64,1000000,1024,15,3,181596.034364,20408.0118515,186283.541024,35413.5211813,804.072231263,35641.2430698,5.57828179428,0.686591954059,5.36816078599,0.0289294917292,0.000659922365064,0.0287307599792,4080.66740672,606.362576793,3958.47690129,1.87907716849,0.0758908275388,1.85427547316
sql-repeats,sqlite-shifter,metadata,tmpfs,64,1000000,1024,15,3,177676.532445,12778.4464433,175124.749221,72847.2403703,8226.7027793,70833.5710711,5.65262296886,0.364623669168,5.71021517203,0.0142041096619,0.00141057011461,0.0144564220682,4587.09343777,362.854139409,4640.82456742,0.923298356356,0.0837298251501,0.952654086286
sql-repeats,sqlite-shifter,metadata,lustre,1,1000000,1024,15,3,214715.1795,2700.98471754,215103.552094,3768.51037152,103.106819303,3739.92457805,4.65802354973,0.0588572384875,4.64892369404,0.271915247478,0.00743586479749,0.273802313022,22.5985099898,0.751865426262,22.435040368,0.27813563946,0.0146649381128,0.274228996132
sql-repeats,sqlite-shifter,metadata,tmpfs,1,1000000,1024,15,3,381642.696835,3540.40335831,381339.764186,11187.9758042,94.1949693056,11157.1336881,2.62046360661,0.0244541524116,2.62233339902,0.0915328599357,0.000766914904774,0.0917798449518,3.30632256367,0.0553234498556,3.31138892332,0.0871357489377,0.00227497939571,0.0870756595396
sql-repeats,sqlite-shifter,metadata,tmpfs,16,1000000,1024,15,3,317769.005347,6184.11798517,318707.319041,108533.259849,23240.0887455,120671.229803,3.14805388132,0.0613385964178,3.13767503994,0.00992682178815,0.00246526934743,0.00848586694337,793.221910515,188.487456158,832.419719263,0.204838006369,0.0215776285893,0.210172148654
sql-repeats,postgres,metadata,lustre,16,1000000,1024,15,3,350943.283879,7782.82774389,352382.893929,44952.1783745,2067.80706184,45171.816434,2.85083171054,0.0661463090236,2.83782220201,0.0228242394747,0.00103843827439,0.0226690020645,67.1978126846,3.32747347121,66.589651336,1.58383151532,0.105074697153,1.57587256748
sql-repeats,postgres,metadata,lustre,64,1000000,1024,15,3,391677.836126,10927.0712539,391637.883424,69404.0759536,6286.20517658,67283.024635,2.55501421314,0.0728351406624,2.55337913497,0.0148583949466,0.00123639679102,0.0152192920214,361.623560851,78.1301494902,387.670718483,2.11154757836,0.104005255995,2.10659277742
sql-repeats,postgres,metadata,tmpfs,64,1000000,1024,15,3,541602.143992,20265.5452918,537680.843977,72565.5802709,8110.19448282,72584.737636,1.8487883942,0.0692201795404,1.85983936605,0.0142784110503,0.00160827879473,0.0141076489817,141.893169292,4.99962503949,143.236635546,2.0092821493,0.152474850124,1.95259379805
sql-repeats,postgres,metadata,lustre,1,1000000,1024,15,3,73334.7858095,1669.53714848,73957.2812888,5866.89322353,86.0422017624,5872.64048222,13.6427898903,0.31520441062,13.521319099,0.174573797865,0.00256335693111,0.174367901986,44.8664953179,3.78273016031,44.308690615,0.244859260585,0.0139727298667,0.248192311265
sql-repeats,postgres,metadata,tmpfs,1,1000000,1024,15,3,104057.907609,817.041442636,104165.563585,6128.59861775,167.427096069,6108.72911429,9.61058875549,0.0757450137338,9.60010166105,0.16720153968,0.00455159037888,0.167628975003,13.5982943688,0.110701826985,13.5790507926,0.216920006632,0.00895091063423,0.21212071646
sql-repeats,postgres,metadata,tmpfs,16,1000000,1024,15,3,537988.843776,17893.6519425,532941.615277,49972.5680772,3451.56592164,49755.3532764,1.86067001105,0.0610807675329,1.876378146,0.0205833397418,0.00143373420667,0.0205807000166,34.6299629648,1.20099066371,34.6233780647,1.40851072827,0.0723534896406,1.38071909081
sql-repeats,sqlite-native,telemetry,lustre,16,1000000,1024,15,3,164148.008247,2613.14631574,164842.303648,26621.9745895,1571.16443634,26086.4775385,6.09350903159,0.0973405861732,6.06640393799,0.0385865554058,0.00222231421414,0.0392540540779,1278.41091949,196.716378992,1260.06624177,0.653748371173,0.0303072254963,0.655624542851
sql-repeats,sqlite-native,telemetry,lustre,64,1000000,1024,15,3,149480.393157,10753.1401232,150043.451302,34908.5005607,609.893270576,35215.9079344,6.7236254922,0.505379072936,6.66473605693,0.0293422677244,0.000517546374068,0.0290777679766,4908.52447466,568.504450209,4865.11872844,1.69841580892,0.0374061944775,1.69659405365
sql-repeats,sqlite-native,telemetry,tmpfs,64,1000000,1024,15,3,183938.322972,14856.0434555,179140.044025,77430.2167285,5611.65007671,77492.042743,5.46832100067,0.42144973078,5.58222481993,0.0132896651126,0.000961188925059,0.0132142599905,4134.79069578,369.950660515,4341.13842145,0.693498499226,0.069098405442,0.692424118752
sql-repeats,sqlite-native,telemetry,lustre,1,1000000,1024,15,3,105883.50456,843.443752266,106020.249546,2816.99693316,50.9677215427,2838.79192102,9.44490080758,0.0752029474414,9.43216040602,0.36361878259,0.0065800962835,0.360716821975,33.2979993806,0.588271492298,33.1686469261,0.299544359014,0.0175178968965,0.291228512069
sql-repeats,sqlite-native,telemetry,tmpfs,1,1000000,1024,15,3,159681.466886,1436.38428369,159993.435277,6089.64303792,39.0105917596,6096.98357437,6.26294660921,0.0570678001137,6.25025644503,0.168160797935,0.00107754779894,0.167951904004,7.27996344655,0.118044992196,7.25048890919,0.110065084261,0.00533438442227,0.112404633546
sql-repeats,sqlite-native,telemetry,tmpfs,16,1000000,1024,15,3,243051.707246,7339.51928719,243441.701378,56744.5240633,15323.372843,70055.2039858,4.117944201,0.127566954391,4.10775965801,0.0194222895972,0.00546725570116,0.014617044013,1022.75335223,168.390611158,1035.25055967,0.251269956275,0.00731124005722,0.253151770448
sql-repeats,sqlite-shifter,telemetry,lustre,16,1000000,1024,15,3,149473.223694,3154.39491016,150417.816803,24637.2503815,1527.7015796,24483.9780549,6.69296459047,0.142338433026,6.648148612,0.0417121083243,0.00257814297701,0.0418232689844,1366.38315884,177.369612688,1354.58001466,0.725634110703,0.0470365494422,0.737037640065
sql-repeats,sqlite-shifter,telemetry,lustre,64,1000000,1024,15,3,134916.782518,11683.785476,134901.698339,33525.1427592,729.959068384,33803.4934327,7.46522567946,0.66208809119,7.41280511895,0.0305578010234,0.000667381681022,0.0302927270532,5530.16743686,799.942922707,5501.36038248,1.85907522178,0.0524199157114,1.85094067245
sql-repeats,sqlite-shifter,telemetry,tmpfs,64,1000000,1024,15,3,151237.950987,9908.45669197,152226.225029,69188.6499454,4887.24776585,70322.8795956,6.63789148694,0.422824796024,6.56917032402,0.0148692272759,0.00104951198774,0.0145614059875,5184.14604961,414.465208427,5343.16674418,0.828256366464,0.0697277804515,0.846141341608
sql-repeats,sqlite-shifter,telemetry,lustre,1,1000000,1024,15,3,98495.2847345,542.706878512,98554.5515422,2591.15244049,49.1500436391,2565.61626922,10.1530577973,0.0559091407164,10.14666481,0.395323061726,0.00746402035917,0.399124378921,34.0845337364,0.692027630911,34.1885960707,0.316904441454,0.0171504851997,0.313440946629
sql-repeats,sqlite-shifter,telemetry,tmpfs,1,1000000,1024,15,3,145422.602539,689.872631645,145090.813674,5427.51406655,43.2394168324,5425.0271132,6.87665406901,0.0325086111997,6.892235109,0.188679475617,0.0014993817959,0.188754817005,7.84206059164,0.121299582652,7.81265212689,0.105294510955,0.00538630059422,0.105464804219
sql-repeats,sqlite-shifter,telemetry,tmpfs,16,1000000,1024,15,3,209393.741719,8190.49578241,208150.244593,61928.5253634,9889.74598373,66467.7869817,4.78249080199,0.186348421196,4.80422207504,0.0171244547935,0.00396872462846,0.015405958984,1131.77759595,207.753968579,1038.95977068,0.222705664191,0.0209808592048,0.218814917607
sql-repeats,postgres,telemetry,lustre,16,1000000,1024,15,3,203822.445084,5079.73913171,205580.209677,30772.6605705,3175.0073459,30015.2236321,4.90913039174,0.12466894316,4.86428144795,0.0335454022512,0.00280954272827,0.0341160210082,103.64078286,5.67240117624,102.86289501,2.73625244503,0.0952936951421,2.70385526819
sql-repeats,postgres,telemetry,lustre,64,1000000,1024,15,3,208433.324825,4175.521665,209065.545335,60101.5157444,3909.98535646,60639.9767798,4.79954611207,0.0989308448089,4.78318892,0.0171090742496,0.00117621624866,0.0168865500018,524.371124731,78.073928191,560.202524175,3.84271475975,0.225127366149,3.82859730744
sql-repeats,postgres,telemetry,tmpfs,64,1000000,1024,15,3,272002.948211,12770.4988671,268237.118382,61148.4673322,5284.11378529,61208.7763648,3.68372685579,0.166680622341,3.72804482107,0.0168664325494,0.00150235558667,0.0167296270374,288.085669209,11.8182318081,292.770402274,2.63980162865,0.338085630514,2.58145957836
sql-repeats,postgres,telemetry,lustre,1,1000000,1024,15,3,59799.9764089,587.179091333,59721.3185032,3969.32391134,176.601055969,4017.74838764,16.7239225708,0.164549404239,16.744439424,0.258536286303,0.0134380911457,0.25486912101,51.1078776318,5.41715133924,47.9298315709,0.242373936965,0.0152408941791,0.237012931611
sql-repeats,postgres,telemetry,tmpfs,1,1000000,1024,15,3,82172.2894805,802.369796802,82379.0156796,4158.03680748,66.3984144506,4139.36531586,12.1706473862,0.120137497707,12.1390137009,0.246327998675,0.00388742658651,0.247380919987,15.2117742683,0.172699299051,15.2172446402,0.217112249384,0.00952901809931,0.21366658737
sql-repeats,postgres,telemetry,tmpfs,16,1000000,1024,15,3,276513.32918,15632.4959467,273359.569486,34444.4500124,4018.25321672,32766.5488924,3.62693138627,0.198703316742,3.65818545106,0.030072521395,0.00316912232531,0.0312513839453,67.6901842245,3.20176801456,68.2827913016,2.24551843417,0.165399503337,2.31039211387
mixed-pilots,sqlite-native,mixed,tmpfs,64,1000000,1024,5,1,231330.491931,14625.2107524,241165.927365,70822.8426494,3277.43211244,69132.2529964,4.3371420292,0.283269157855,4.14652273199,0.0144826502074,0.000649523972099,0.0148121890379,3062.65577841,405.361207897,2845.06420432,0.815413701814,0.144797824252,0.887963093119
mixed-pilots,sqlite-native,mixed,tmpfs,16,1000000,1024,5,1,247141.318123,4912.83581289,248090.650321,76657.7477885,19264.8572521,89308.4137831,4.04756160639,0.0813537152308,4.03078470996,0.0141449651914,0.00391590725156,0.011465884978,750.405438804,105.40895796,813.735887021,0.204476137413,0.020979018083,0.216762666823
mixed-pilots,sqlite-native,mixed,lustre,16,1000000,1024,5,1,148897.441409,1856.40700685,148297.698116,30860.9251315,1284.15270659,31259.8917434,6.71686312284,0.0833172490772,6.74319300102,0.0332295542117,0.00145531142417,0.0327576310374,1192.41880024,169.463860606,1141.11392071,0.657325273845,0.075784582881,0.624392719474
mixed-pilots,sqlite-native,mixed,lustre,64,1000000,1024,5,1,154291.511304,2044.26321067,155075.17954,35746.8481158,504.287199273,35985.2494365,6.48216286581,0.087260961364,6.44848519901,0.0286504600197,0.000405638214122,0.028456103988,3775.10314299,375.403731181,3580.689841,1.76212861598,0.0391688042668,1.78455606569
mixed-pilots,sqlite-native,mixed,tmpfs,1,1000000,1024,5,1,228359.421169,1503.08359243,228926.178282,7930.4217225,37.9065891138,7911.60817246,4.37921465719,0.0290440170634,4.36822039098,0.129125370458,0.00061476392492,0.129430070054,4.77407618053,0.0321862593557,4.77467652061,0.109411622863,0.00312291804042,0.109785671812
mixed-pilots,sqlite-native,mixed,lustre,1,1000000,1024,5,1,128050.277717,699.063528077,127806.328956,3312.21854292,27.791961736,3300.94920583,7.80961805801,0.0424879275195,7.82433865499,0.309175732196,0.00259040955803,0.310213800985,28.5021089276,0.480301198118,28.363651759,0.284920364851,0.00207934918769,0.285878006835
mixed-pilots,sqlite-shifter,mixed,tmpfs,64,1000000,1024,5,1,209581.428065,9888.37277819,210808.621732,68596.11949,8093.03203994,65385.9114119,4.77976427218,0.221370374908,4.74363900197,0.0150733052054,0.00154037270719,0.0156608660473,3461.85265525,419.882036619,3442.85131837,0.946050502593,0.0814165725131,0.976633840473
mixed-pilots,sqlite-shifter,mixed,tmpfs,16,1000000,1024,5,1,214278.549328,5479.86072883,215177.17741,86903.5274895,844.266742634,86696.0649777,4.66930157037,0.12120131336,4.64733301196,0.0117840648163,0.00011371341733,0.0118113780627,859.434762775,199.944837268,835.602383084,0.245496882824,0.0175433843618,0.236931045074
mixed-pilots,sqlite-shifter,mixed,lustre,16,1000000,1024,5,1,138217.453522,2807.1722504,138045.628863,27390.4320116,2048.71195063,27963.4139355,7.23737359818,0.147560043254,7.24398163299,0.0375527671771,0.00280177068675,0.0366192769725,1206.87311467,112.536137758,1199.83784054,0.74244322395,0.0349719823838,0.751245792489
mixed-pilots,sqlite-shifter,mixed,lustre,64,1000000,1024,5,1,145443.978805,1737.25160115,146070.43661,35325.6702213,865.26472407,35610.6134692,6.87628833838,0.0825569564736,6.846012261,0.0290014369879,0.000715522639434,0.0287554720417,3620.04950132,280.533872457,3561.33890921,1.91096359794,0.0659557240918,1.90209037391
mixed-pilots,sqlite-shifter,mixed,tmpfs,1,1000000,1024,5,1,204861.433353,1502.47503626,205405.634407,7193.5263906,29.1631642712,7190.67598781,4.88156007838,0.0361028830381,4.86841562495,0.142352081439,0.000576699034977,0.142406639061,5.22400153615,0.0553584154623,5.22973744664,0.103280156851,0.00483678839768,0.105127939023
mixed-pilots,sqlite-shifter,mixed,lustre,1,1000000,1024,5,1,119503.692591,657.07365117,119481.049442,3094.26346536,11.3669514841,3091.50701073,8.3681447204,0.046026766128,8.36952809396,0.330938548967,0.00121639901133,0.331230042968,29.1160068437,0.680081419313,29.5258043567,0.293504881905,0.0109325021464,0.29184426181
mixed-pilots,postgres,mixed,tmpfs,64,1000000,1024,5,1,387993.532289,8222.32915525,391384.90667,67943.3445841,6795.66409236,66089.3826321,2.57829375057,0.0549285377324,2.55502954498,0.015189571213,0.00147900878903,0.0154941680375,218.511664401,6.15693605788,219.134386025,2.25938173872,0.124361831721,2.30481383856
mixed-pilots,postgres,mixed,tmpfs,16,1000000,1024,5,1,429869.624495,30322.1384326,425693.559796,36488.0564818,2688.69323382,35359.0928228,2.33590260157,0.170692415142,2.349107655,0.0281783810118,0.00194266895603,0.0289600190008,49.9932991329,3.44170370312,48.8489681354,1.83723726543,0.253888392617,1.92686950788
mixed-pilots,postgres,mixed,lustre,16,1000000,1024,5,1,279662.816103,8287.45133465,274752.960534,35914.9192205,2466.58369353,36933.8871861,3.57820925983,0.104398298709,3.63963321107,0.0286216532113,0.00200031271575,0.0277252160013,77.5512380807,2.61938806867,78.059946734,2.34838690492,0.0618161856275,2.37013945472
mixed-pilots,postgres,mixed,lustre,64,1000000,1024,5,1,302183.854139,4605.21630363,301176.832512,62172.6195175,5996.83348918,63375.3055719,3.30985862578,0.0504456263892,3.32030850998,0.0166071676183,0.00177749428595,0.0161577130202,410.990395226,91.7305268938,396.536051232,2.70174358692,0.289515772664,2.66395500512
mixed-pilots,postgres,mixed,tmpfs,1,1000000,1024,5,1,87627.6830831,760.708648,87939.1502638,4893.44862497,93.4366465689,4876.00869372,11.4126121428,0.0998428635174,11.371499463,0.209320180211,0.00398097041228,0.21000782901,14.8877129047,0.169420920261,14.8987193697,0.259490848752,0.015353196157,0.26462507667
mixed-pilots,postgres,mixed,lustre,1,1000000,1024,5,1,60137.9568299,645.27995464,60323.0580573,4634.63346402,74.1716606083,4653.49158812,16.6299818916,0.180415920025,16.5774089081,0.220990701974,0.00355443132473,0.220049822936,44.5372410987,1.69656484862,44.78182388,0.280315260636,0.0108812753233,0.284435176291
mixed-pilots,influx,mixed,tmpfs,64,1000000,1024,5,1,657030.98088,8998.31962952,653906.044211,189.934981089,4.26765227176,190.042309499,1.52222583282,0.0207725307223,1.52927168796,5.39353914598,0.123549621923,5.38827381493,195.866928735,12.6217444517,196.369662373,631.424472106,19.1087594127,631.05452351
mixed-pilots,influx,mixed,tmpfs,16,1000000,1024,5,1,575150.664244,8053.92318108,577829.144906,166.325982062,4.6884762602,166.808251851,1.73894993344,0.0245558547198,1.73061537102,6.16049249815,0.173339777924,6.13878503395,68.0089321695,3.96020203273,66.6821091995,220.461390466,16.4015873464,226.352602594
mixed-pilots,influx,mixed,lustre,16,1000000,1024,5,1,502310.231507,14388.2352818,500172.855494,130.806257423,5.63153062531,130.901757693,1.99212320996,0.057690109094,1.99930881697,7.83982434324,0.3326902165,7.82266042905,150.602353804,6.77258200636,154.032159449,361.362178369,16.4816875035,363.042798688
mixed-pilots,influx,mixed,lustre,64,1000000,1024,5,1,613338.850972,20027.0986743,612199.410805,186.847384325,2.94236907791,188.106355268,1.63183666319,0.0542476617761,1.63345469197,5.4815035302,0.0869233181055,5.44372888701,321.728090285,12.9650789881,319.633316796,636.062251499,20.8971744124,631.749143909
mixed-pilots,influx,mixed,tmpfs,1,1000000,1024,5,1,67586.3337653,271.873782772,67525.528888,42.6162400977,0.161845355259,42.5633423813,14.7960820322,0.0594884092663,14.809213885,24.0286747414,0.0909205337815,24.058260999,24.2379378991,0.400722269597,24.2726178875,53.5091448743,0.313407735873,53.546597719
mixed-pilots,influx,mixed,lustre,1,1000000,1024,5,1,57237.625075,1996.49584538,58052.8262508,42.2746721613,1.36799736015,42.0041088404,17.488858228,0.639086220247,17.225690196,24.242253264,0.761605556447,24.3785674371,26.7961098794,1.15447529172,26.9880568341,53.5500724469,1.63098354081,54.3126207287
size-calibration,sqlite-native,metadata,lustre,64,10000000,1024,1,1,244575.671481,,244575.671481,36108.2755463,,36108.2755463,40.8871411431,,40.8871411431,0.0283591499319,,0.0283591499319,2858.6552426,,2858.6552426,1.7325703369,,1.7325703369
size-calibration,sqlite-native,metadata,lustre,1,10000000,1024,1,1,234937.758632,,234937.758632,3971.67696266,,3971.67696266,42.564464981,,42.564464981,0.257825601031,,0.257825601031,22.0701181248,,22.0701181248,0.262158833211,,0.262158833211
size-calibration,sqlite-native,metadata,tmpfs,64,10000000,1024,1,1,384472.841871,,384472.841871,101521.322036,,101521.322036,26.009639462,,26.009639462,0.0100865510758,,0.0100865510758,1833.32584195,,1833.32584195,0.628430711804,,0.628430711804
size-calibration,sqlite-native,metadata,tmpfs,1,10000000,1024,1,1,441639.136085,,441639.136085,11899.6154487,,11899.6154487,22.642920844,,22.642920844,0.0860532009974,,0.0860532009974,2.96311629587,,2.96311629587,0.0888289313298,,0.0888289313298
size-calibration,sqlite-native,telemetry,lustre,64,10000000,1024,1,1,178344.530326,,178344.530326,34526.0662084,,34526.0662084,56.071245817,,56.071245817,0.0296587509802,,0.0296587509802,3954.91711322,,3954.91711322,1.69654266676,,1.69654266676
size-calibration,sqlite-native,telemetry,lustre,1,10000000,1024,1,1,104916.671043,,104916.671043,2787.44795513,,2787.44795513,95.3137370889,,95.3137370889,0.367361119017,,0.367361119017,33.1137228454,,33.1137228454,0.290971243521,,0.290971243521
size-calibration,sqlite-native,telemetry,tmpfs,64,10000000,1024,1,1,264028.630916,,264028.630916,83081.5797817,,83081.5797817,37.8746803531,,37.8746803531,0.0123252350604,,0.0123252350604,2939.56183255,,2939.56183255,0.629249737831,,0.629249737831
size-calibration,sqlite-native,telemetry,tmpfs,1,10000000,1024,1,1,157158.192212,,157158.192212,6090.6670866,,6090.6670866,63.630154173,,63.630154173,0.168126082979,,0.168126082979,7.30954719824,,7.30954719824,0.106461524265,,0.106461524265
size-calibration,sqlite-native,mixed,tmpfs,64,10000000,1024,1,1,264637.742748,,264637.742748,84939.5956774,,84939.5956774,37.787504897,,37.787504897,0.0120556260226,,0.0120556260226,2245.18178807,,2245.18178807,0.71331351297,,0.71331351297
size-calibration,sqlite-native,mixed,lustre,1,10000000,1024,1,1,125579.516545,,125579.516545,3156.07701369,,3156.07701369,79.630820974,,79.630820974,0.324453426059,,0.324453426059,28.8913697319,,28.8913697319,0.305187553167,,0.305187553167
size-calibration,sqlite-native,mixed,tmpfs,1,10000000,1024,1,1,221307.142926,,221307.142926,7845.80059954,,7845.80059954,45.1860697661,,45.1860697661,0.13051567995,,0.13051567995,4.86863700673,,4.86863700673,0.103939223336,,0.103939223336
size-calibration,sqlite-native,mixed,lustre,64,10000000,1024,1,1,157361.610845,,157361.610845,34678.1760021,,34678.1760021,63.547900573,,63.547900573,0.0295286580222,,0.0295286580222,3481.38141183,,3481.38141183,1.79659457761,,1.79659457761
size-calibration,sqlite-shifter,metadata,lustre,64,10000000,1024,1,1,223266.186715,,223266.186715,34412.897961,,34412.897961,44.789585683,,44.789585683,0.0297562850174,,0.0297562850174,3352.99774904,,3352.99774904,1.98036348447,,1.98036348447
size-calibration,sqlite-shifter,metadata,lustre,1,10000000,1024,1,1,212824.226836,,212824.226836,3690.60052278,,3690.60052278,46.987131816,,46.987131816,0.277461620048,,0.277461620048,22.1421697165,,22.1421697165,0.293871036265,,0.293871036265
size-calibration,sqlite-shifter,metadata,tmpfs,64,10000000,1024,1,1,332916.971511,,332916.971511,74357.875872,,74357.875872,30.037519429,,30.037519429,0.0137712379219,,0.0137712379219,2434.54839332,,2434.54839332,0.925750610186,,0.925750610186
size-calibration,sqlite-shifter,metadata,tmpfs,1,10000000,1024,1,1,368838.135774,,368838.135774,10957.7314157,,10957.7314157,27.112163928,,27.112163928,0.0934499999275,,0.0934499999275,3.34412464057,,3.34412464057,0.0877878093161,,0.0877878093161
size-calibration,sqlite-shifter,telemetry,lustre,64,10000000,1024,1,1,164829.846879,,164829.846879,33326.2611969,,33326.2611969,60.668623974,,60.668623974,0.030726519064,,0.030726519064,4255.27699549,,4255.27699549,1.88335079467,,1.88335079467
size-calibration,sqlite-shifter,telemetry,lustre,1,10000000,1024,1,1,97513.4815031,,97513.4815031,2616.72507835,,2616.72507835,102.549922799,,102.549922799,0.391328844009,,0.391328844009,33.8830528676,,33.8830528676,0.304921162315,,0.304921162315
size-calibration,sqlite-shifter,telemetry,tmpfs,64,10000000,1024,1,1,237264.526626,,237264.526626,70619.1018878,,70619.1018878,42.1470505609,,42.1470505609,0.0145003260113,,0.0145003260113,3239.31241164,,3239.31241164,0.806726966985,,0.806726966985
size-calibration,sqlite-shifter,telemetry,tmpfs,1,10000000,1024,1,1,143206.498285,,143206.498285,5433.84214883,,5433.84214883,69.829233448,,69.829233448,0.188448610017,,0.188448610017,7.72869960056,,7.72869960056,0.105403485941,,0.105403485941
size-calibration,sqlite-shifter,mixed,tmpfs,64,10000000,1024,1,1,235711.602417,,235711.602417,78609.6110709,,78609.6110709,42.424725374,,42.424725374,0.0130263969768,,0.0130263969768,2369.91694071,,2369.91694071,0.856291929958,,0.856291929958
size-calibration,sqlite-shifter,mixed,lustre,1,10000000,1024,1,1,117034.49816,,117034.49816,2975.67618637,,2975.67618637,85.4448915251,,85.4448915251,0.344123465009,,0.344123465009,29.5518893912,,29.5518893912,0.30515911174,,0.30515911174
size-calibration,sqlite-shifter,mixed,tmpfs,1,10000000,1024,1,1,204302.508615,,204302.508615,7182.08159991,,7182.08159991,48.947025016,,48.947025016,0.142577048973,,0.142577048973,5.19468283979,,5.19468283979,0.104569208343,,0.104569208343
size-calibration,sqlite-shifter,mixed,lustre,64,10000000,1024,1,1,144706.251866,,144706.251866,35114.6327427,,35114.6327427,69.105514593,,69.105514593,0.029161632061,,0.029161632061,3605.34964225,,3605.34964225,1.86732363771,,1.86732363771
size-calibration,postgres,metadata,lustre,64,10000000,1024,1,1,543362.092094,,543362.092094,34792.7298133,,34792.7298133,18.4039338509,,18.4039338509,0.029431435978,,0.029431435978,256.014128343,,256.014128343,3.88526698225,,3.88526698225
size-calibration,postgres,metadata,lustre,1,10000000,1024,1,1,76831.4149299,,76831.4149299,4511.68382791,,4511.68382791,130.155093579,,130.155093579,0.226966258953,,0.226966258953,20.8744575945,,20.8744575945,0.243249222403,,0.243249222403
size-calibration,postgres,metadata,tmpfs,64,10000000,1024,1,1,626202.485752,,626202.485752,72074.9230913,,72074.9230913,15.969275478,,15.969275478,0.0142074379837,,0.0142074379837,116.751866293,,116.751866293,3.05456803762,,3.05456803762
size-calibration,postgres,metadata,tmpfs,1,10000000,1024,1,1,107485.95625,,107485.95625,4807.78867073,,4807.78867073,93.035409917,,93.035409917,0.212987730978,,0.212987730978,9.53745226143,,9.53745226143,0.22324772086,,0.22324772086
size-calibration,postgres,telemetry,lustre,64,10000000,1024,1,1,234960.125223,,234960.125223,10679.6562398,,10679.6562398,42.560413136,,42.560413136,0.0958832360338,,0.0958832360338,396.191953755,,396.191953755,32.2604376008,,32.2604376008
size-calibration,postgres,telemetry,lustre,1,10000000,1024,1,1,62862.1578974,,62862.1578974,2766.38585758,,2766.38585758,159.078217078,,159.078217078,0.370158051956,,0.370158051956,22.3853739735,,22.3853739735,0.399664108409,,0.399664108409
size-calibration,postgres,telemetry,tmpfs,64,10000000,1024,1,1,296090.991837,,296090.991837,10467.3253912,,10467.3253912,33.7734016761,,33.7734016761,0.0978282380383,,0.0978282380383,263.712221436,,263.712221436,36.5879690775,,36.5879690775
size-calibration,postgres,telemetry,tmpfs,1,10000000,1024,1,1,84242.1408426,,84242.1408426,3508.81705289,,3508.81705289,118.705435308,,118.705435308,0.291836246965,,0.291836246965,11.0049279185,,11.0049279185,0.24918275536,,0.24918275536
size-calibration,postgres,mixed,tmpfs,64,10000000,1024,1,1,441112.074336,,441112.074336,52914.4138332,,52914.4138332,22.669975686,,22.669975686,0.0193520049797,,0.0193520049797,177.272535583,,177.272535583,2.7042044641,,2.7042044641
size-calibration,postgres,mixed,lustre,1,10000000,1024,1,1,63129.6855763,,63129.6855763,3041.17111275,,3041.17111275,158.404083732,,158.404083732,0.336712392047,,0.336712392047,22.4364840158,,22.4364840158,0.388128407067,,0.388128407067
size-calibration,postgres,mixed,tmpfs,1,10000000,1024,1,1,89788.319353,,89788.319353,3990.04479211,,3990.04479211,111.373061352,,111.373061352,0.25663872296,,0.25663872296,11.2226041709,,11.2226041709,0.29759856523,,0.29759856523
size-calibration,postgres,mixed,lustre,64,10000000,1024,1,1,359657.666991,,359657.666991,27784.0695935,,27784.0695935,27.804217504,,27.804217504,0.036855651997,,0.036855651997,298.705686309,,298.705686309,4.51978904894,,4.51978904894
size-calibration,influx,metadata,lustre,64,10000000,1024,1,1,986679.482053,,986679.482053,41.606185465,,41.606185465,10.135003496,,10.135003496,24.611725121,,24.611725121,110.746488957,,110.746488957,2861.32301942,,2861.32301942
size-calibration,influx,metadata,lustre,1,10000000,1024,1,1,79514.8014145,,79514.8014145,11.1673088669,,11.1673088669,125.762748848,,125.762748848,91.696219045,,91.696219045,21.9186912046,,21.9186912046,123.465588897,,123.465588897
size-calibration,influx,metadata,tmpfs,64,10000000,1024,1,1,986308.531781,,986308.531781,48.8345692267,,48.8345692267,10.138815267,,10.138815267,20.9687525909,,20.9687525909,112.902023692,,112.902023692,2523.32583549,,2523.32583549
size-calibration,influx,metadata,tmpfs,1,10000000,1024,1,1,90116.0716771,,90116.0716771,15.1646594978,,15.1646594978,110.967997316,,110.967997316,67.5254198849,,67.5254198849,19.6827291558,,19.6827291558,98.38268811,,98.38268811
size-calibration,influx,telemetry,lustre,64,10000000,1024,1,1,903540.181333,,903540.181333,288.523325465,,288.523325465,11.067576414,,11.067576414,3.549106466,,3.549106466,124.219472476,,124.219472476,574.558596911,,574.558596911
size-calibration,influx,telemetry,lustre,1,10000000,1024,1,1,64417.9677606,,64417.9677606,40.2387325557,,40.2387325557,155.236191821,,155.236191821,25.4481176459,,25.4481176459,22.6339366171,,22.6339366171,64.0527938749,,64.0527938749
size-calibration,influx,telemetry,tmpfs,64,10000000,1024,1,1,901262.127565,,901262.127565,314.271528124,,314.271528124,11.0955511101,,11.0955511101,3.25832889194,,3.25832889194,117.789344315,,117.789344315,662.098127734,,662.098127734
size-calibration,influx,telemetry,tmpfs,1,10000000,1024,1,1,69886.4503783,,69886.4503783,51.8696111811,,51.8696111811,143.089253294,,143.089253294,19.741809832,,19.741809832,21.2134301011,,21.2134301011,41.9908949907,,41.9908949907
size-calibration,influx,mixed,tmpfs,64,10000000,1024,1,1,736319.825183,,736319.825183,74.9692797545,,74.9692797545,13.5810549411,,13.5810549411,13.658928075,,13.658928075,140.306685471,,140.306685471,3438.59076216,,3438.59076216
size-calibration,influx,mixed,lustre,1,10000000,1024,1,1,57258.4816724,,57258.4816724,30.3702771644,,30.3702771644,174.646614928,,174.646614928,33.717176648,,33.717176648,26.2829546118,,26.2829546118,69.6147384145,,69.6147384145
size-calibration,influx,mixed,tmpfs,1,10000000,1024,1,1,67150.5905554,,67150.5905554,31.4041537415,,31.4041537415,148.919017946,,148.919017946,32.6071515389,,32.6071515389,23.3617530216,,23.3617530216,68.8956831873,,68.8956831873
size-calibration,influx,mixed,lustre,64,10000000,1024,1,1,743237.413781,,743237.413781,94.787349891,,94.787349891,13.4546509831,,13.4546509831,10.803129333,,10.803129333,135.724270603,,135.724270603,2515.98939009,,2515.98939009
system-measurements,sqlite-native,metadata,lustre,1,1000000,1024,1,1,237072.406971,,237072.406971,4003.89200324,,4003.89200324,4.21812058508,,4.21812058508,0.25575115392,,0.25575115392,21.641836632,,21.641836632,0.256034948397,,0.256034948397
system-measurements,sqlite-native,metadata,lustre,64,1000000,1024,1,1,217936.50202,,217936.50202,35182.7514306,,35182.7514306,4.58849247708,,4.58849247708,0.0291051710956,,0.0291051710956,3367.74630183,,3367.74630183,1.84642329463,,1.84642329463
system-measurements,sqlite-native,metadata,tmpfs,1,1000000,1024,1,1,444051.400925,,444051.400925,11702.1994139,,11702.1994139,2.25199154404,,2.25199154404,0.0875049179886,,0.0875049179886,2.88412417285,,2.88412417285,0.090597870294,,0.090597870294
system-measurements,sqlite-native,metadata,tmpfs,64,1000000,1024,1,1,188227.152818,,188227.152818,74327.4346446,,74327.4346446,5.31272977905,,5.31272977905,0.0137768780114,,0.0137768780114,4237.27921757,,4237.27921757,0.842868649634,,0.842868649634
system-measurements,sqlite-shifter,metadata,lustre,1,1000000,1024,1,1,164498.05722,,164498.05722,3819.89445368,,3819.89445368,6.07909915107,,6.07909915107,0.268070233986,,0.268070233986,20.6994285632,,20.6994285632,0.296195810661,,0.296195810661
system-measurements,sqlite-shifter,metadata,lustre,64,1000000,1024,1,1,178655.045066,,178655.045066,35847.6302492,,35847.6302492,5.59737901401,,5.59737901401,0.0285653470783,,0.0285653470783,3975.31418491,,3975.31418491,1.84323402354,,1.84323402354
system-measurements,sqlite-shifter,metadata,tmpfs,1,1000000,1024,1,1,384644.982151,,384644.982151,11116.1296471,,11116.1296471,2.59979993606,,2.59979993606,0.0921183930477,,0.0921183930477,3.20157511975,,3.20157511975,0.0922785629518,,0.0922785629518
system-measurements,sqlite-shifter,metadata,tmpfs,64,1000000,1024,1,1,169293.054336,,169293.054336,65990.9385722,,65990.9385722,5.90691687807,,5.90691687807,0.0155172819505,,0.0155172819505,4840.7607027,,4840.7607027,1.01289040176,,1.01289040176
system-measurements,postgres,metadata,lustre,1,1000000,1024,1,1,74240.5647657,,74240.5647657,5832.77761653,,5832.77761653,13.469725118,,13.469725118,0.175559581956,,0.175559581956,43.8531997125,,43.8531997125,0.246264610905,,0.246264610905
system-measurements,postgres,metadata,lustre,64,1000000,1024,1,1,395985.887105,,395985.887105,68467.4725749,,68467.4725749,2.52534252498,,2.52534252498,0.0149560070131,,0.0149560070131,282.219398769,,282.219398769,2.15342074051,,2.15342074051
system-measurements,postgres,metadata,tmpfs,1,1000000,1024,1,1,104219.322828,,104219.322828,6294.85897714,,6294.85897714,9.59514966002,,9.59514966002,0.162672428996,,0.162672428996,13.5773695481,,13.5773695481,0.207954237703,,0.207954237703
system-measurements,postgres,metadata,tmpfs,64,1000000,1024,1,1,557824.31288,,557824.31288,66720.2032397,,66720.2032397,1.792679123,,1.792679123,0.0153476750711,,0.0153476750711,135.593551487,,135.593551487,2.13841346675,,2.13841346675
system-measurements,influx,metadata,lustre,1,1000000,1024,1,1,78696.3913554,,78696.3913554,13.4707973107,,13.4707973107,12.7070629641,,12.7070629641,76.016287409,,76.016287409,22.1793248411,,22.1793248411,101.400194577,,101.400194577
system-measurements,influx,metadata,lustre,64,1000000,1024,1,1,754926.726529,,754926.726529,132.654255902,,132.654255902,1.32463186805,,1.32463186805,7.71931509499,,7.71931509499,302.67374664,,302.67374664,608.37657886,,608.37657886
system-measurements,influx,metadata,tmpfs,1,1000000,1024,1,1,89018.1366485,,89018.1366485,14.489030134,,14.489030134,11.2336658309,,11.2336658309,70.674157658,,70.674157658,20.0982474932,,20.0982474932,93.8941509626,,93.8941509626
system-measurements,influx,metadata,tmpfs,64,1000000,1024,1,1,810418.536475,,810418.536475,130.316985554,,130.316985554,1.23393031501,,1.23393031501,7.85776309704,,7.85776309704,187.569118098,,187.569118098,599.526949353,,599.526949353
system-measurements,sqlite-native,telemetry,lustre,1,1000000,1024,1,1,106748.905203,,106748.905203,2826.31106066,,2826.31106066,9.36777757201,,9.36777757201,0.362309730961,,0.362309730961,33.6666442791,,33.6666442791,0.291683233809,,0.291683233809
system-measurements,sqlite-native,telemetry,lustre,64,1000000,1024,1,1,137035.031648,,137035.031648,36415.516765,,36415.516765,7.29740408692,,7.29740408692,0.0281198810553,,0.0281198810553,5567.99951281,,5567.99951281,1.65777099202,,1.65777099202
system-measurements,sqlite-native,telemetry,tmpfs,1,1000000,1024,1,1,159819.313194,,159819.313194,6153.97178554,,6153.97178554,6.25706605799,,6.25706605799,0.166396602988,,0.166396602988,7.17615254107,,7.17615254107,0.10092997225,,0.10092997225
system-measurements,sqlite-native,telemetry,tmpfs,64,1000000,1024,1,1,172871.230735,,172871.230735,71222.5498492,,71222.5498492,5.78465251706,,5.78465251706,0.0143774689641,,0.0143774689641,4541.18044811,,4541.18044811,0.815541440388,,0.815541440388
system-measurements,sqlite-shifter,telemetry,lustre,1,1000000,1024,1,1,99085.1913627,,99085.1913627,2549.4089776,,2549.4089776,10.0923254651,,10.0923254651,0.40166172199,,0.40166172199,33.4159873566,,33.4159873566,0.302892422769,,0.302892422769
system-measurements,sqlite-shifter,telemetry,lustre,64,1000000,1024,1,1,138889.447108,,138889.447108,34201.2867457,,34201.2867457,7.19997106201,,7.19997106201,0.0299403939862,,0.0299403939862,5065.45032903,,5065.45032903,1.81546844309,,1.81546844309
system-measurements,sqlite-shifter,telemetry,tmpfs,1,1000000,1024,1,1,143863.550746,,143863.550746,5411.28088945,,5411.28088945,6.95103099302,,6.95103099302,0.189234309015,,0.189234309015,7.70658546942,,7.70658546942,0.108891928103,,0.108891928103
system-measurements,sqlite-shifter,telemetry,tmpfs,64,1000000,1024,1,1,149450.575642,,149450.575642,61968.3070842,,61968.3070842,6.69117529795,,6.69117529795,0.0165245759999,,0.0165245759999,5344.42416373,,5344.42416373,0.903428373858,,0.903428373858
system-measurements,postgres,telemetry,lustre,1,1000000,1024,1,1,60908.5278407,,60908.5278407,4034.03237458,,4034.03237458,16.418062223,,16.418062223,0.253840302932,,0.253840302932,46.3627479144,,46.3627479144,0.246498883935,,0.246498883935
system-measurements,postgres,telemetry,lustre,64,1000000,1024,1,1,197866.963814,,197866.963814,60652.763863,,60652.763863,5.05390076607,,5.05390076607,0.0168829899048,,0.0168829899048,428.104503623,,428.104503623,3.47270191181,,3.47270191181
system-measurements,postgres,telemetry,tmpfs,1,1000000,1024,1,1,81705.8636091,,81705.8636091,4176.2371769,,4176.2371769,12.239023686,,12.239023686,0.24519680196,,0.24519680196,15.3106681572,,15.3106681572,0.223425512668,,0.223425512668
system-measurements,postgres,telemetry,tmpfs,64,1000000,1024,1,1,260244.579735,,260244.579735,67799.5052493,,67799.5052493,3.842539203,,3.842539203,0.0151033550501,,0.0151033550501,295.936343904,,295.936343904,2.53533842508,,2.53533842508
system-measurements,influx,telemetry,lustre,1,1000000,1024,1,1,65142.2097089,,65142.2097089,64.2024396375,,64.2024396375,15.351029762,,15.351029762,15.949549671,,15.949549671,21.9518674398,,21.9518674398,32.2899204085,,32.2899204085
system-measurements,influx,telemetry,lustre,64,1000000,1024,1,1,827066.327829,,827066.327829,381.425251916,,381.425251916,1.20909287001,,1.20909287001,2.68466755899,,2.68466755899,159.295912486,,159.295912486,263.144094562,,263.144094562
system-measurements,influx,telemetry,tmpfs,1,1000000,1024,1,1,71893.7426047,,71893.7426047,65.1727022563,,65.1727022563,13.909416366,,13.909416366,15.712099768,,15.712099768,20.0796157087,,20.0796157087,33.4225825849,,33.4225825849
system-measurements,influx,telemetry,tmpfs,64,1000000,1024,1,1,822302.354851,,822302.354851,346.251476026,,346.251476026,1.21609769703,,1.21609769703,2.957388115,,2.957388115,112.060898223,,112.060898223,309.967019705,,309.967019705
system-measurements,sqlite-native,mixed,lustre,1,1000000,1024,1,1,126833.421451,,126833.421451,3196.26772836,,3196.26772836,7.88435720303,,7.88435720303,0.32037366298,,0.32037366298,29.5489432418,,29.5489432418,0.343174218433,,0.343174218433
system-measurements,sqlite-native,mixed,lustre,64,1000000,1024,1,1,156653.506487,,156653.506487,35615.8514332,,35615.8514332,6.38351494598,,6.38351494598,0.0287512430223,,0.0287512430223,3974.82717856,,3974.82717856,1.7280229996,,1.7280229996
system-measurements,sqlite-native,mixed,tmpfs,1,1000000,1024,1,1,224546.326704,,224546.326704,7992.10081158,,7992.10081158,4.45342399797,,4.45342399797,0.128126511932,,0.128126511932,4.79197639273,,4.79197639273,0.10320093832,,0.10320093832
system-measurements,sqlite-native,mixed,tmpfs,64,1000000,1024,1,1,242047.59425,,242047.59425,77189.5818141,,77189.5818141,4.13141887693,,4.13141887693,0.0132660389645,,0.0132660389645,3055.75766023,,3055.75766023,0.83237360348,,0.83237360348
system-measurements,sqlite-shifter,mixed,lustre,1,1000000,1024,1,1,121239.390185,,121239.390185,3142.13409588,,3142.13409588,8.24814442301,,8.24814442301,0.325893156929,,0.325893156929,27.7791006619,,27.7791006619,0.282599342754,,0.282599342754
system-measurements,sqlite-shifter,mixed,lustre,64,1000000,1024,1,1,142921.512561,,142921.512561,34266.0732614,,34266.0732614,6.9968473051,,6.9968473051,0.0298837859882,,0.0298837859882,3993.06073848,,3993.06073848,1.8919384398,,1.8919384398
system-measurements,sqlite-shifter,mixed,tmpfs,1,1000000,1024,1,1,205085.60302,,205085.60302,7119.19476029,,7119.19476029,4.87601267605,,4.87601267605,0.143836491974,,0.143836491974,5.1224321546,,5.1224321546,0.109299069736,,0.109299069736
system-measurements,sqlite-shifter,mixed,tmpfs,64,1000000,1024,1,1,223196.180716,,223196.180716,65138.1255949,,65138.1255949,4.48036340403,,4.48036340403,0.0157204400748,,0.0157204400748,3240.92289357,,3240.92289357,0.948759346502,,0.948759346502
system-measurements,postgres,mixed,lustre,1,1000000,1024,1,1,60618.2763131,,60618.2763131,4678.01689423,,4678.01689423,16.4966749439,,16.4966749439,0.218896173988,,0.218896173988,47.7091201267,,47.7091201267,0.25920263608,,0.25920263608
system-measurements,postgres,mixed,lustre,64,1000000,1024,1,1,292805.73339,,292805.73339,59370.8611584,,59370.8611584,3.4152336719,,3.4152336719,0.0172475180589,,0.0172475180589,438.795458382,,438.795458382,3.28920985106,,3.28920985106
system-measurements,postgres,mixed,tmpfs,1,1000000,1024,1,1,87955.1269116,,87955.1269116,4993.39445628,,4993.39445628,11.3694338819,,11.3694338819,0.205070920987,,0.205070920987,14.9295574741,,14.9295574741,0.232338085771,,0.232338085771
system-measurements,postgres,mixed,tmpfs,64,1000000,1024,1,1,392599.084035,,392599.084035,67078.2593395,,67078.2593395,2.54712769506,,2.54712769506,0.0152657509316,,0.0152657509316,213.668317939,,213.668317939,2.44527703384,,2.44527703384
system-measurements,influx,mixed,lustre,1,1000000,1024,1,1,57387.9421848,,57387.9421848,41.3315882683,,41.3315882683,17.4252632509,,17.4252632509,24.775239542,,24.775239542,27.2617013415,,27.2617013415,54.7391463607,,54.7391463607
system-measurements,influx,mixed,lustre,64,1000000,1024,1,1,635596.531914,,635596.531914,184.833275746,,184.833275746,1.57332513598,,1.57332513598,5.54012796597,,5.54012796597,278.930513317,,278.930513317,627.501851232,,627.501851232
system-measurements,influx,mixed,tmpfs,1,1000000,1024,1,1,66982.1285077,,66982.1285077,42.0872561064,,42.0872561064,14.929355371,,14.929355371,24.330405323,,24.330405323,23.389549501,,23.389549501,54.4223162287,,54.4223162287
system-measurements,influx,mixed,tmpfs,64,1000000,1024,1,1,670104.783571,,670104.783571,189.600207398,,189.600207398,1.49230392696,,1.49230392696,5.40083797404,,5.40083797404,223.958235491,,223.958235491,620.310516189,,620.310516189
