deployment,clients,phase,ratio_of_means,n_units,geometric_ratio,ci95_low,ci95_high,unit
influx,1,write,1.18080255211,5,1.18138803425,1.13265511034,1.23221771106,repetition within one allocation
influx,1,read,1.00807972999,5,1.00848806471,0.969856755389,1.04865813534,repetition within one allocation
influx,16,write,1.14501084821,5,1.14529912754,1.10763850707,1.1842402401,repetition within one allocation
influx,16,read,1.27154453723,5,1.27207489195,1.18409961912,1.36658648023,repetition within one allocation
influx,64,write,1.07123652747,5,1.0716187889,1.02639427765,1.11883596171,repetition within one allocation
influx,64,read,1.01652469889,5,1.01641806156,0.973316698835,1.06142808101,repetition within one allocation
postgres,1,write,1.45711107763,5,1.45713452647,1.43256553964,1.48212487979,repetition within one allocation
postgres,1,read,1.0558437173,5,1.05579867503,1.0189872809,1.09393989808,repetition within one allocation
postgres,16,write,1.53709967769,5,1.53450336988,1.37095825921,1.71755819432,repetition within one allocation
postgres,16,read,1.01595819436,5,1.01578731654,0.936921926642,1.10129119951,repetition within one allocation
postgres,64,write,1.2839651324,5,1.28385292903,1.23795919248,1.33144804239,repetition within one allocation
postgres,64,read,1.09281778879,5,1.09287706989,0.95942415656,1.24489286801,repetition within one allocation
sqlite-native,1,write,1.78335748458,5,1.78334763419,1.75848879389,1.80855789096,repetition within one allocation
sqlite-native,1,read,2.39429301531,5,2.39433855464,2.35951143875,2.42967972948,repetition within one allocation
sqlite-native,16,write,1.6598090322,5,1.6596475852,1.63387586449,1.68582581268,repetition within one allocation
sqlite-native,16,read,2.48397439357,5,2.41786729308,1.68409167043,3.47135631012,repetition within one allocation
sqlite-native,64,write,1.49930796565,5,1.49696344726,1.39357799851,1.60801875808,repetition within one allocation
sqlite-native,64,read,1.98123321027,5,1.97972910311,1.87877942135,2.08610296513,repetition within one allocation
sqlite-shifter,1,write,1.71426864652,5,1.71425229125,1.70072079797,1.72789144553,repetition within one allocation
sqlite-shifter,1,read,2.32479440459,5,2.32479168199,2.31311361912,2.33652870312,repetition within one allocation
sqlite-shifter,16,write,1.55030022525,5,1.55014712196,1.48325012138,1.62006128642,repetition within one allocation
sqlite-shifter,16,read,3.17276950772,5,3.17975341694,2.88045135927,3.51015536505,repetition within one allocation
sqlite-shifter,64,write,1.44097699876,5,1.43979258689,1.34133299453,1.54547953544,repetition within one allocation
sqlite-shifter,64,read,1.94182075132,5,1.93245339558,1.69407938014,2.20436903363,repetition within one allocation
