condition,elapsed_s,node_used_MiB
metadata-sqlite-native-lustre-1,0,22511.8007812
metadata-sqlite-native-lustre-1,0.503765870933,22539.1484375
metadata-sqlite-native-lustre-1,1.00475032895,22545.96875
metadata-sqlite-native-lustre-1,1.50571675203,22549.1328125
metadata-sqlite-native-lustre-1,2.00674607593,22550.8671875
metadata-sqlite-native-lustre-1,2.50774138502,22550.4960938
metadata-sqlite-native-lustre-1,3.00873092201,22547.8164062
metadata-sqlite-native-lustre-1,3.50971819495,22546.265625
metadata-sqlite-native-lustre-1,4.01076489303,22548.6484375
metadata-sqlite-native-lustre-1,4.51172951201,22550.7851562
metadata-sqlite-native-lustre-1,5.01272892801,22552.6992188
metadata-sqlite-native-lustre-1,5.51371309592,22566.8320312
metadata-sqlite-native-lustre-1,5.87502407795,22510.5898438
metadata-sqlite-native-lustre-64,0,22499.4453125
metadata-sqlite-native-lustre-64,0.502614151919,22887.7460938
metadata-sqlite-native-lustre-64,1.00345805695,23155.6835938
metadata-sqlite-native-lustre-64,1.50433508691,23149.5039062
metadata-sqlite-native-lustre-64,2.00515794195,23122.4492188
metadata-sqlite-native-lustre-64,2.50583687797,23089.3554688
metadata-sqlite-native-lustre-64,3.00671856699,23045.8515625
metadata-sqlite-native-lustre-64,3.50733838801,23040.53125
metadata-sqlite-native-lustre-64,4.00824781996,23007.0898438
metadata-sqlite-native-lustre-64,4.50923182699,22982.2539062
metadata-sqlite-native-lustre-64,5.0102498699,22896.6445312
metadata-sqlite-native-lustre-64,5.51124474697,22860.8242188
metadata-sqlite-native-lustre-64,6.01203496894,23011.6445312
metadata-sqlite-native-lustre-64,6.51305038691,23443.6445312
metadata-sqlite-native-lustre-64,6.66302379896,23201.8984375
metadata-sqlite-native-tmpfs-1,0,23198.8710938
metadata-sqlite-native-tmpfs-1,0.502588181989,23237.5195312
metadata-sqlite-native-tmpfs-1,1.00325112697,23248.8007812
metadata-sqlite-native-tmpfs-1,1.50391883194,23260.34375
metadata-sqlite-native-tmpfs-1,2.00458403095,23272.8867188
metadata-sqlite-native-tmpfs-1,2.50526828796,23279.2265625
metadata-sqlite-native-tmpfs-1,3.00616385299,23282.4804688
metadata-sqlite-native-tmpfs-1,3.41148503893,23244.3515625
metadata-sqlite-native-tmpfs-64,0,23242.1054688
metadata-sqlite-native-tmpfs-64,0.502582591027,23467.140625
metadata-sqlite-native-tmpfs-64,1.00322111999,23771.0703125
metadata-sqlite-native-tmpfs-64,1.50383296597,23859.1757812
metadata-sqlite-native-tmpfs-64,2.00445464102,23832.1953125
metadata-sqlite-native-tmpfs-64,2.50525127503,23830.8632812
metadata-sqlite-native-tmpfs-64,3.00588140602,23829.1445312
metadata-sqlite-native-tmpfs-64,3.50688366801,23825.4257812
metadata-sqlite-native-tmpfs-64,4.00783809798,23817.7851562
metadata-sqlite-native-tmpfs-64,4.50880263699,23822.0546875
metadata-sqlite-native-tmpfs-64,5.00962426898,23812.84375
metadata-sqlite-native-tmpfs-64,5.51061294507,23809.546875
metadata-sqlite-native-tmpfs-64,6.01158569998,23782.1757812
metadata-sqlite-native-tmpfs-64,6.51259293105,23767.5703125
metadata-sqlite-native-tmpfs-64,7.01341081702,23736.421875
metadata-sqlite-native-tmpfs-64,7.51421715901,23985.8867188
metadata-sqlite-native-tmpfs-64,8.01483154006,23986.9804688
metadata-sqlite-native-tmpfs-64,8.08280297706,23948.5664062
metadata-sqlite-shifter-lustre-1,0,23943.6132812
metadata-sqlite-shifter-lustre-1,0.502780212904,24020.734375
metadata-sqlite-shifter-lustre-1,1.00352093892,24149.40625
metadata-sqlite-shifter-lustre-1,1.50415766297,24332.859375
metadata-sqlite-shifter-lustre-1,2.00508682395,24498.3828125
metadata-sqlite-shifter-lustre-1,2.50601961091,24664.8046875
metadata-sqlite-shifter-lustre-1,3.00703024899,24878.6835938
metadata-sqlite-shifter-lustre-1,3.50767423795,25047.2773438
metadata-sqlite-shifter-lustre-1,4.00856553495,25227.6914062
metadata-sqlite-shifter-lustre-1,4.50952501397,25411.8515625
metadata-sqlite-shifter-lustre-1,5.01053446997,25411.5390625
metadata-sqlite-shifter-lustre-1,5.51116939099,25433.4453125
metadata-sqlite-shifter-lustre-1,6.01179571496,25455.59375
metadata-sqlite-shifter-lustre-1,6.51241311198,25454.3671875
metadata-sqlite-shifter-lustre-1,7.01298458991,25454.7109375
metadata-sqlite-shifter-lustre-1,7.51356223994,25450.21875
metadata-sqlite-shifter-lustre-1,8.0142991239,25449.1484375
metadata-sqlite-shifter-lustre-1,8.51495339989,25444.8203125
metadata-sqlite-shifter-lustre-1,9.01550894394,25443.7304688
metadata-sqlite-shifter-lustre-1,9.51606336597,25442.9804688
metadata-sqlite-shifter-lustre-1,10.016838796,25443.4101562
metadata-sqlite-shifter-lustre-1,10.517857287,25442.1796875
metadata-sqlite-shifter-lustre-1,11.01892351,25439.328125
metadata-sqlite-shifter-lustre-1,11.5196963239,25435.6210938
metadata-sqlite-shifter-lustre-1,12.020344347,25439.3554688
metadata-sqlite-shifter-lustre-1,12.521207206,25431.3320312
metadata-sqlite-shifter-lustre-1,12.6686438669,25407.3945312
metadata-sqlite-shifter-lustre-64,0,25376.6289062
metadata-sqlite-shifter-lustre-64,0.503033570945,24975.9609375
metadata-sqlite-shifter-lustre-64,1.00408976397,25414.0507812
metadata-sqlite-shifter-lustre-64,1.50492860703,26012.3945312
metadata-sqlite-shifter-lustre-64,2.00574198994,26011.9804688
metadata-sqlite-shifter-lustre-64,2.50646575994,26002.6523438
metadata-sqlite-shifter-lustre-64,3.00742399204,25932.0703125
metadata-sqlite-shifter-lustre-64,3.50831721001,25918.0664062
metadata-sqlite-shifter-lustre-64,4.00899773696,25863.0585938
metadata-sqlite-shifter-lustre-64,4.50976122299,25821.125
metadata-sqlite-shifter-lustre-64,5.01035176497,25766.8554688
metadata-sqlite-shifter-lustre-64,5.51126831793,25727.1289062
metadata-sqlite-shifter-lustre-64,6.01230342104,25697.4492188
metadata-sqlite-shifter-lustre-64,6.51323144604,25678.1328125
metadata-sqlite-shifter-lustre-64,7.01421666204,25718.546875
metadata-sqlite-shifter-lustre-64,7.51496978896,25791.9765625
metadata-sqlite-shifter-lustre-64,7.86863497004,26041.5859375
metadata-sqlite-shifter-tmpfs-1,0,25999.8867188
metadata-sqlite-shifter-tmpfs-1,0.502867699019,25687.5351562
metadata-sqlite-shifter-tmpfs-1,1.00351240509,26091.53125
metadata-sqlite-shifter-tmpfs-1,1.50446284399,26115.0273438
metadata-sqlite-shifter-tmpfs-1,2.0055057311,26120.4257812
metadata-sqlite-shifter-tmpfs-1,2.50643331604,26128.4804688
metadata-sqlite-shifter-tmpfs-1,3.00736844505,26136.2304688
metadata-sqlite-shifter-tmpfs-1,3.50833532505,26145.8984375
metadata-sqlite-shifter-tmpfs-1,4.00935176201,26145.8671875
metadata-sqlite-shifter-tmpfs-1,4.38272648002,26077.2148438
metadata-sqlite-shifter-tmpfs-64,0,26040.2851562
metadata-sqlite-shifter-tmpfs-64,0.503318411997,25641.6835938
metadata-sqlite-shifter-tmpfs-64,1.00397083291,26061.8242188
metadata-sqlite-shifter-tmpfs-64,1.50504328799,26787.2578125
metadata-sqlite-shifter-tmpfs-64,2.00607667794,26773.6210938
metadata-sqlite-shifter-tmpfs-64,2.50710019795,26767.3867188
metadata-sqlite-shifter-tmpfs-64,3.00823676598,26765.5429688
metadata-sqlite-shifter-tmpfs-64,3.50927653792,26758.1757812
metadata-sqlite-shifter-tmpfs-64,4.01025773596,26748.3242188
metadata-sqlite-shifter-tmpfs-64,4.51120297494,26732.421875
metadata-sqlite-shifter-tmpfs-64,5.01219782897,26728.3515625
metadata-sqlite-shifter-tmpfs-64,5.51325093699,26711.1445312
metadata-sqlite-shifter-tmpfs-64,6.01420575392,26677.1171875
metadata-sqlite-shifter-tmpfs-64,6.51516611094,26661.4375
metadata-sqlite-shifter-tmpfs-64,7.01619977097,26616.5664062
metadata-sqlite-shifter-tmpfs-64,7.51713450998,26603.4140625
metadata-sqlite-shifter-tmpfs-64,8.01807088091,26899.4609375
metadata-sqlite-shifter-tmpfs-64,8.05982809095,26827.0625
metadata-postgres-lustre-1,0,26793.59375
metadata-postgres-lustre-1,0.502803144976,25833.203125
metadata-postgres-lustre-1,1.00379869097,25890.4960938
metadata-postgres-lustre-1,1.504813454,26609.6875
metadata-postgres-lustre-1,2.00558287196,26785.984375
metadata-postgres-lustre-1,2.506190488,26928.171875
metadata-postgres-lustre-1,3.00710753095,26917.4492188
metadata-postgres-lustre-1,3.50773369195,26899.6054688
metadata-postgres-lustre-1,4.00852570496,26719.6757812
metadata-postgres-lustre-1,4.50912304001,26839.421875
metadata-postgres-lustre-1,5.01000952395,26862.8671875
metadata-postgres-lustre-1,5.51090690098,26857.6796875
metadata-postgres-lustre-1,6.01190753595,26852.0820312
metadata-postgres-lustre-1,6.51295397105,26846.6796875
metadata-postgres-lustre-1,7.01391314599,26842.4570312
metadata-postgres-lustre-1,7.51490553597,26845.8945312
metadata-postgres-lustre-1,8.015818913,26850.0546875
metadata-postgres-lustre-1,8.51681050099,26849.7226562
metadata-postgres-lustre-1,9.01774309599,26849.4453125
metadata-postgres-lustre-1,9.51868562901,26841.1015625
metadata-postgres-lustre-1,10.019305638,26846.578125
metadata-postgres-lustre-1,10.520240997,26843.3164062
metadata-postgres-lustre-1,11.020939588,26849.8164062
metadata-postgres-lustre-1,11.521791987,26858.6289062
metadata-postgres-lustre-1,12.022383171,26843.21875
metadata-postgres-lustre-1,12.523363217,26843.7929688
metadata-postgres-lustre-1,13.024369263,26845.1835938
metadata-postgres-lustre-1,13.52510232,26852.7382812
metadata-postgres-lustre-1,14.026196708,26853.1523438
metadata-postgres-lustre-1,14.527215288,26848.5117188
metadata-postgres-lustre-1,15.028248998,26853.2148438
metadata-postgres-lustre-1,15.529206731,26851.3359375
metadata-postgres-lustre-1,16.030151278,26855.5507812
metadata-postgres-lustre-1,16.53106207,26850.1484375
metadata-postgres-lustre-1,17.031957873,26855.25
metadata-postgres-lustre-1,17.5329280799,26854.8828125
metadata-postgres-lustre-1,18.033900992,26870.4257812
metadata-postgres-lustre-1,18.534608711,26866.8554688
metadata-postgres-lustre-1,19.035618203,26882.0625
metadata-postgres-lustre-1,19.536457537,27387.6835938
metadata-postgres-lustre-1,20.037314796,27811.59375
metadata-postgres-lustre-1,20.5380379939,25617.921875
metadata-postgres-lustre-1,20.805817135,25496.796875
metadata-postgres-lustre-64,0,25494.5664062
metadata-postgres-lustre-64,0.50247996999,25551.15625
metadata-postgres-lustre-64,1.00337413908,26270.96875
metadata-postgres-lustre-64,1.50429159403,26613.9804688
metadata-postgres-lustre-64,2.00501179509,26614.0039062
metadata-postgres-lustre-64,2.50600268401,26612.2578125
metadata-postgres-lustre-64,3.00671897898,26581.25
metadata-postgres-lustre-64,3.50733255607,26577.0117188
metadata-postgres-lustre-64,4.00823382905,26577.6367188
metadata-postgres-lustre-64,4.50928675709,26572.4335938
metadata-postgres-lustre-64,5.01023238606,26571.6757812
metadata-postgres-lustre-64,5.51123292209,26541.6367188
metadata-postgres-lustre-64,6.01223107404,26541.1445312
metadata-postgres-lustre-64,6.5132859241,26536.1953125
metadata-postgres-lustre-64,7.01431241899,26535.0039062
metadata-postgres-lustre-64,7.51530762506,26524.3046875
metadata-postgres-lustre-64,8.01603992109,26384.078125
metadata-postgres-lustre-64,8.51681850699,26517.5898438
metadata-postgres-lustre-64,9.01764796209,26920.8046875
metadata-postgres-lustre-64,9.51846362907,27335.0429688
metadata-postgres-lustre-64,10.0193786391,27489.3867188
metadata-postgres-lustre-64,10.520519968,27410.7421875
metadata-postgres-lustre-64,11.0212704691,27385.40625
metadata-postgres-lustre-64,11.521940335,27297.6210938
metadata-postgres-lustre-64,12.0229539661,26656.7539062
metadata-postgres-lustre-64,12.523829209,26849.5976562
metadata-postgres-lustre-64,13.024617303,27307.1484375
metadata-postgres-lustre-64,13.525431929,27973.3515625
metadata-postgres-lustre-64,14.0266913361,27278.2773438
metadata-postgres-lustre-64,14.5276196711,28055.5546875
metadata-postgres-lustre-64,15.028573617,26226.7382812
metadata-postgres-lustre-64,15.5293084891,25822.7421875
metadata-postgres-lustre-64,15.5496221051,25819.4609375
metadata-postgres-tmpfs-1,0,25815.6992188
metadata-postgres-tmpfs-1,0.502497573034,25970.0703125
metadata-postgres-tmpfs-1,1.00339351699,26641.265625
metadata-postgres-tmpfs-1,1.50430729403,26963.546875
metadata-postgres-tmpfs-1,2.00499319099,27003.8320312
metadata-postgres-tmpfs-1,2.50581705396,27026.609375
metadata-postgres-tmpfs-1,3.00650638796,27044.2578125
metadata-postgres-tmpfs-1,3.507169661,27057.140625
metadata-postgres-tmpfs-1,4.007907819,27064.8632812
metadata-postgres-tmpfs-1,4.50871378893,27045.4804688
metadata-postgres-tmpfs-1,5.00961794797,27066.5429688
metadata-postgres-tmpfs-1,5.51023525302,27087.8046875
metadata-postgres-tmpfs-1,6.01086558204,27108.4023438
metadata-postgres-tmpfs-1,6.511494459,27107.7109375
metadata-postgres-tmpfs-1,7.01244343503,27127.78125
metadata-postgres-tmpfs-1,7.51342968398,27147.90625
metadata-postgres-tmpfs-1,8.01406621502,27169.4765625
metadata-postgres-tmpfs-1,8.51467761793,27185.1132812
metadata-postgres-tmpfs-1,9.01531312801,27191.1523438
metadata-postgres-tmpfs-1,9.51626943797,27211.2617188
metadata-postgres-tmpfs-1,10.017279863,27232.9296875
metadata-postgres-tmpfs-1,10.51820842,27250.3945312
metadata-postgres-tmpfs-1,11.018860201,27270.8710938
metadata-postgres-tmpfs-1,11.5197037529,27274.8164062
metadata-postgres-tmpfs-1,12.020774166,27302.4335938
metadata-postgres-tmpfs-1,12.521484831,27324.0195312
metadata-postgres-tmpfs-1,13.022349183,27851.6171875
metadata-postgres-tmpfs-1,13.5229790009,27222.4570312
metadata-postgres-tmpfs-1,13.7762207449,25845.8398438
metadata-postgres-tmpfs-64,0,25844.796875
metadata-postgres-tmpfs-64,0.502950579976,25943.8945312
metadata-postgres-tmpfs-64,1.00397828897,26639.7148438
metadata-postgres-tmpfs-64,1.50482930592,26976.8320312
metadata-postgres-tmpfs-64,2.00553953997,27013.1054688
metadata-postgres-tmpfs-64,2.50635758298,27623.4726562
metadata-postgres-tmpfs-64,3.00719677692,28198.0078125
metadata-postgres-tmpfs-64,3.50814440998,28369.0898438
metadata-postgres-tmpfs-64,4.00905162597,28501.9765625
metadata-postgres-tmpfs-64,4.50994398294,28568.1914062
metadata-postgres-tmpfs-64,5.01108357694,27974.7695312
metadata-postgres-tmpfs-64,5.51187402697,28529.2617188
metadata-postgres-tmpfs-64,6.01270018599,29343.8671875
metadata-postgres-tmpfs-64,6.51346404396,28951.7695312
metadata-postgres-tmpfs-64,7.01444303792,29732.0234375
metadata-postgres-tmpfs-64,7.515158533,27336.8007812
metadata-postgres-tmpfs-64,7.5252123609,27333.9492188
metadata-influx-lustre-1,0,27324.234375
metadata-influx-lustre-1,0.502632334945,27483.4179688
metadata-influx-lustre-1,1.00353430002,28262.3164062
metadata-influx-lustre-1,1.50451062899,28305.71875
metadata-influx-lustre-1,2.00511863595,28319.7304688
metadata-influx-lustre-1,2.50577476504,28334.6992188
metadata-influx-lustre-1,3.00675351894,28321.0078125
metadata-influx-lustre-1,3.50755683298,28299.546875
metadata-influx-lustre-1,4.00828687602,28281.9257812
metadata-influx-lustre-1,4.50884540705,28270.7734375
metadata-influx-lustre-1,5.00945195998,28249.1796875
metadata-influx-lustre-1,5.51018358604,28231.3789062
metadata-influx-lustre-1,6.01095876505,28227.578125
metadata-influx-lustre-1,6.511908493,28236.7265625
metadata-influx-lustre-1,7.01246841601,28211.59375
metadata-influx-lustre-1,7.51305996103,28195.1640625
metadata-influx-lustre-1,8.01372203196,28190.921875
metadata-influx-lustre-1,8.51436832198,28174.890625
metadata-influx-lustre-1,9.01543819299,28133.6132812
metadata-influx-lustre-1,9.51628513099,28112.8164062
metadata-influx-lustre-1,10.017003912,28085.4765625
metadata-influx-lustre-1,10.518019267,28050.9179688
metadata-influx-lustre-1,11.019122522,28008.9335938
metadata-influx-lustre-1,11.519982877,27973.3398438
metadata-influx-lustre-1,12.020900292,27971.7304688
metadata-influx-lustre-1,12.521854808,27950.9101562
metadata-influx-lustre-1,13.022845285,27926.3203125
metadata-influx-lustre-1,13.523762851,27920.9140625
metadata-influx-lustre-1,14.0247754999,27910.5078125
metadata-influx-lustre-1,14.525810724,27904.7148438
metadata-influx-lustre-1,15.026745673,27890.2226562
metadata-influx-lustre-1,15.527712203,27837.015625
metadata-influx-lustre-1,16.028662221,27833.6601562
metadata-influx-lustre-1,16.529662076,27818.7070312
metadata-influx-lustre-1,17.03063066,27814.3164062
metadata-influx-lustre-1,17.531644662,27808.3476562
metadata-influx-lustre-1,18.0325809841,27797.015625
metadata-influx-lustre-1,18.5335150009,27822.84375
metadata-influx-lustre-1,19.034523804,27887.8476562
metadata-influx-lustre-1,19.535553516,27886.0390625
metadata-influx-lustre-1,20.036534184,27887.7617188
metadata-influx-lustre-1,20.537526333,27886.0351562
metadata-influx-lustre-1,21.038560705,27892.4492188
metadata-influx-lustre-1,21.539468702,27890.3085938
metadata-influx-lustre-1,22.040379825,27886.4492188
metadata-influx-lustre-1,22.541319433,27879.0429688
metadata-influx-lustre-1,23.042291915,27865.1132812
metadata-influx-lustre-1,23.543318852,27935.75
metadata-influx-lustre-1,24.044256887,27903.1914062
metadata-influx-lustre-1,24.545247003,27894.640625
metadata-influx-lustre-1,25.046486582,27887.1523438
metadata-influx-lustre-1,25.54731802,27884.5507812
metadata-influx-lustre-1,26.048233973,27869.859375
metadata-influx-lustre-1,26.548800579,27868.1875
metadata-influx-lustre-1,27.049557303,27861.2851562
metadata-influx-lustre-1,27.550502973,27842.5742188
metadata-influx-lustre-1,28.051544538,27825.9804688
metadata-influx-lustre-1,28.552429421,27820.8867188
metadata-influx-lustre-1,29.053332709,27814.0703125
metadata-influx-lustre-1,29.5540110311,27790.6875
metadata-influx-lustre-1,30.055008441,27783.109375
metadata-influx-lustre-1,30.555936687,27766.125
metadata-influx-lustre-1,31.0566809271,27743.9765625
metadata-influx-lustre-1,31.557770425,27793.0039062
metadata-influx-lustre-1,32.058638064,27786.4921875
metadata-influx-lustre-1,32.559752721,27782.4804688
metadata-influx-lustre-1,33.060734501,27775.375
metadata-influx-lustre-1,33.561694919,27770.7851562
metadata-influx-lustre-1,34.062660408,27755.0195312
metadata-influx-lustre-1,34.5636923451,27745.625
metadata-influx-lustre-1,35.064662051,27737.8554688
metadata-influx-lustre-1,35.5656053961,27729.0507812
metadata-influx-lustre-1,36.066251797,27715.109375
metadata-influx-lustre-1,36.567465616,27710.2539062
metadata-influx-lustre-1,37.068368803,27690.2890625
metadata-influx-lustre-1,37.569365913,27678.3164062
metadata-influx-lustre-1,38.070380316,27658.7382812
metadata-influx-lustre-1,38.571398126,27642.2851562
metadata-influx-lustre-1,39.072114081,27631.1445312
metadata-influx-lustre-1,39.573068458,27616.484375
metadata-influx-lustre-1,40.074058173,27611.953125
metadata-influx-lustre-1,40.575123283,27604.4804688
metadata-influx-lustre-1,41.076120383,27583.8359375
metadata-influx-lustre-1,41.577109036,27575.578125
metadata-influx-lustre-1,42.078088291,27561.3203125
metadata-influx-lustre-1,42.57908508,27549.8359375
metadata-influx-lustre-1,43.080055587,27540.8984375
metadata-influx-lustre-1,43.581013461,27530.984375
metadata-influx-lustre-1,44.0820105009,27518.890625
metadata-influx-lustre-1,44.583092314,27513.75
metadata-influx-lustre-1,45.0840998529,27506.125
metadata-influx-lustre-1,45.584876727,27496.0507812
metadata-influx-lustre-1,46.085829375,27486.5664062
metadata-influx-lustre-1,46.586880183,27481.0742188
metadata-influx-lustre-1,47.087847561,27472.109375
metadata-influx-lustre-1,47.588802835,27467.28125
metadata-influx-lustre-1,48.089807785,27459.5
metadata-influx-lustre-1,48.590758319,27444.9140625
metadata-influx-lustre-1,49.0917146649,27443.1796875
metadata-influx-lustre-1,49.592669639,27430.171875
metadata-influx-lustre-1,50.093646665,27416.8125
metadata-influx-lustre-1,50.594729616,27406.1484375
metadata-influx-lustre-1,51.095730318,27400.0585938
metadata-influx-lustre-1,51.596688788,27392.6289062
metadata-influx-lustre-1,52.097682165,27384.09375
metadata-influx-lustre-1,52.5986467469,27374.7421875
metadata-influx-lustre-1,53.099545512,27369.796875
metadata-influx-lustre-1,53.600745189,27364.078125
metadata-influx-lustre-1,54.101713889,27359.625
metadata-influx-lustre-1,54.60269376,27345.2148438
metadata-influx-lustre-1,55.10366249,27342
metadata-influx-lustre-1,55.604355657,27333.734375
metadata-influx-lustre-1,56.105307774,27327.8125
metadata-influx-lustre-1,56.606309618,27319.5117188
metadata-influx-lustre-1,57.107396067,27316.5039062
metadata-influx-lustre-1,57.608357472,27312.078125
metadata-influx-lustre-1,58.109368524,27306.65625
metadata-influx-lustre-1,58.610396949,27298.1132812
metadata-influx-lustre-1,59.111416267,27293.4101562
metadata-influx-lustre-1,59.612416539,27286.609375
metadata-influx-lustre-1,60.113118702,27282.3789062
metadata-influx-lustre-1,60.614090678,27275.0898438
metadata-influx-lustre-1,61.115124354,27268.9726562
metadata-influx-lustre-1,61.616472318,27259.7460938
metadata-influx-lustre-1,62.11736443,27254.8710938
metadata-influx-lustre-1,62.618201074,27245.2226562
metadata-influx-lustre-1,63.119218478,27240.0195312
metadata-influx-lustre-1,63.620211786,27234.0546875
metadata-influx-lustre-1,64.120885695,27230.1171875
metadata-influx-lustre-1,64.621833224,27222.1914062
metadata-influx-lustre-1,65.122818967,27216.1757812
metadata-influx-lustre-1,65.623764672,27210.5703125
metadata-influx-lustre-1,66.124501143,27203.5546875
metadata-influx-lustre-1,66.625285195,27198.609375
metadata-influx-lustre-1,67.126171676,27191.6875
metadata-influx-lustre-1,67.627102192,27183.7460938
metadata-influx-lustre-1,68.128097594,27179.0585938
metadata-influx-lustre-1,68.629093917,27174.109375
metadata-influx-lustre-1,69.130002841,27166.8203125
metadata-influx-lustre-1,69.630649277,27164.703125
metadata-influx-lustre-1,70.131731426,27154.578125
metadata-influx-lustre-1,70.632684236,27147.6328125
metadata-influx-lustre-1,71.133687533,27141.4023438
metadata-influx-lustre-1,71.634634881,27131.9140625
metadata-influx-lustre-1,72.135660531,27128.5976562
metadata-influx-lustre-1,72.63639087,27122.40625
metadata-influx-lustre-1,73.137379218,27116.4960938
metadata-influx-lustre-1,73.638334131,27113.2695312
metadata-influx-lustre-1,74.139129906,27106.875
metadata-influx-lustre-1,74.6400740891,27103.046875
metadata-influx-lustre-1,75.140861347,27099.0664062
metadata-influx-lustre-1,75.6418416901,27091.3867188
metadata-influx-lustre-1,76.142956352,27084.4453125
metadata-influx-lustre-1,76.643756646,27075.9414062
metadata-influx-lustre-1,77.1446380269,27072.7226562
metadata-influx-lustre-1,77.64555119,27069.8203125
metadata-influx-lustre-1,78.14649968,27063.6601562
metadata-influx-lustre-1,78.647480243,27060.8945312
metadata-influx-lustre-1,79.148193198,27055.8085938
metadata-influx-lustre-1,79.649153522,27052.8242188
metadata-influx-lustre-1,80.150150246,27047.03125
metadata-influx-lustre-1,80.65114716,27039.5429688
metadata-influx-lustre-1,81.1521376719,27035.0585938
metadata-influx-lustre-1,81.65307943,27070.109375
metadata-influx-lustre-1,82.154043952,27065.5703125
metadata-influx-lustre-1,82.655147242,27064.796875
metadata-influx-lustre-1,83.156148686,27061.390625
metadata-influx-lustre-1,83.656854406,27054.1132812
metadata-influx-lustre-1,84.157934422,27047.1523438
metadata-influx-lustre-1,84.658941917,27043.203125
metadata-influx-lustre-1,85.159932168,27038.9414062
metadata-influx-lustre-1,85.660890759,27032.7460938
metadata-influx-lustre-1,86.1619913439,27019.9921875
metadata-influx-lustre-1,86.662995292,27014.3125
metadata-influx-lustre-1,87.163987958,27006.0859375
metadata-influx-lustre-1,87.664952239,26999.765625
metadata-influx-lustre-1,88.165974994,26993.4648438
metadata-influx-lustre-1,88.66703964,26987.0273438
metadata-influx-lustre-1,89.1678026509,26984.8867188
metadata-influx-lustre-1,89.668769237,26982.7578125
metadata-influx-lustre-1,90.16994096,26981.0078125
metadata-influx-lustre-1,90.671317559,26978.2773438
metadata-influx-lustre-1,91.172314524,26977.5390625
metadata-influx-lustre-1,91.673459174,26959.578125
metadata-influx-lustre-1,92.17444635,26957.2929688
metadata-influx-lustre-1,92.675302683,26943.5234375
metadata-influx-lustre-1,93.176152211,26937.4804688
metadata-influx-lustre-1,93.677205475,26923.2851562
metadata-influx-lustre-1,94.178046167,26918.6992188
metadata-influx-lustre-1,94.679196589,26911.4414062
metadata-influx-lustre-1,95.180308175,26903.65625
metadata-influx-lustre-1,95.681191611,26898.4648438
metadata-influx-lustre-1,96.182347983,26892.8164062
metadata-influx-lustre-1,96.6833666899,26886.3242188
metadata-influx-lustre-1,97.184424422,26884.8164062
metadata-influx-lustre-1,97.685445383,26876.328125
metadata-influx-lustre-1,98.186118982,26874.5273438
metadata-influx-lustre-1,98.687338106,26865.5429688
metadata-influx-lustre-1,99.188303079,26862.5234375
metadata-influx-lustre-1,99.689309282,26854.6210938
metadata-influx-lustre-1,100.074118874,25657.734375
metadata-influx-lustre-64,0,25655.7226562
metadata-influx-lustre-64,0.503080266993,25868.625
metadata-influx-lustre-64,1.00394924404,26631.8945312
metadata-influx-lustre-64,1.50482994306,26690.6328125
metadata-influx-lustre-64,2.00578262203,26714
metadata-influx-lustre-64,2.50659300608,27359.4726562
metadata-influx-lustre-64,3.00749425509,27774.3046875
metadata-influx-lustre-64,3.50839414203,27862.625
metadata-influx-lustre-64,4.00932094001,27779.8671875
metadata-influx-lustre-64,4.51056292909,27463.0664062
metadata-influx-lustre-64,5.01167467609,27442.40625
metadata-influx-lustre-64,5.51259638509,27435.7539062
metadata-influx-lustre-64,6.01353128906,27437.0546875
metadata-influx-lustre-64,6.51450886705,27401.96875
metadata-influx-lustre-64,7.01550526009,27395.8085938
metadata-influx-lustre-64,7.51623909501,27385.5273438
metadata-influx-lustre-64,8.01724118006,27336.9101562
metadata-influx-lustre-64,8.51823622105,27334.6054688
metadata-influx-lustre-64,9.019232444,27320.0195312
metadata-influx-lustre-64,9.52027765103,27305.6328125
metadata-influx-lustre-64,10.0213209761,27287.7226562
metadata-influx-lustre-64,10.5222749281,27280.296875
metadata-influx-lustre-64,11.0233065811,27308.84375
metadata-influx-lustre-64,11.524294791,27315.6132812
metadata-influx-lustre-64,12.0252079651,27314.4023438
metadata-influx-lustre-64,12.5264033261,27313.3789062
metadata-influx-lustre-64,13.027272045,27843.2460938
metadata-influx-lustre-64,13.5281151531,28205.1132812
metadata-influx-lustre-64,14.0290517031,28288.3085938
metadata-influx-lustre-64,14.5299401401,28289.71875
metadata-influx-lustre-64,15.0309243221,28284.0703125
metadata-influx-lustre-64,15.5319513871,28287.421875
metadata-influx-lustre-64,16.032854673,28276.1132812
metadata-influx-lustre-64,16.5339711501,28255.4335938
metadata-influx-lustre-64,17.0349184721,28238.8671875
metadata-influx-lustre-64,17.536011294,28237.0507812
metadata-influx-lustre-64,18.036933186,28216.0390625
metadata-influx-lustre-64,18.537996931,28204.8671875
metadata-influx-lustre-64,19.038957017,28201.0195312
metadata-influx-lustre-64,19.540026464,28195.8632812
metadata-influx-lustre-64,20.040937965,28187.5429688
metadata-influx-lustre-64,20.541994477,28192.9726562
metadata-influx-lustre-64,21.04292247,27904.25
metadata-influx-lustre-64,21.4317423471,26219.1835938
metadata-influx-tmpfs-1,0,26201.3945312
metadata-influx-tmpfs-1,0.502978170989,26381.9023438
metadata-influx-tmpfs-1,1.003932736,27150.6523438
metadata-influx-tmpfs-1,1.50492317998,27199.4375
metadata-influx-tmpfs-1,2.00555656303,27256.7773438
metadata-influx-tmpfs-1,2.50623789895,27267.5546875
metadata-influx-tmpfs-1,3.00706538698,27272.65625
metadata-influx-tmpfs-1,3.50795617898,27260.5546875
metadata-influx-tmpfs-1,4.00886377296,27221.90625
metadata-influx-tmpfs-1,4.50961689698,27220.2304688
metadata-influx-tmpfs-1,5.01071331603,27208.4296875
metadata-influx-tmpfs-1,5.51169561502,27161.25
metadata-influx-tmpfs-1,6.01269204007,27140.2773438
metadata-influx-tmpfs-1,6.51344378304,27105.546875
metadata-influx-tmpfs-1,7.01459960698,27086.7578125
metadata-influx-tmpfs-1,7.51541122503,27070.390625
metadata-influx-tmpfs-1,8.01640138903,27080.3554688
metadata-influx-tmpfs-1,8.51743296196,27053.71875
metadata-influx-tmpfs-1,9.01819466404,27041.7109375
metadata-influx-tmpfs-1,9.519351981,27052.984375
metadata-influx-tmpfs-1,10.020106989,27042.4726562
metadata-influx-tmpfs-1,10.52112124,27008.421875
metadata-influx-tmpfs-1,11.022008474,27009.9648438
metadata-influx-tmpfs-1,11.523065748,27010.6992188
metadata-influx-tmpfs-1,12.023964745,27005.4296875
metadata-influx-tmpfs-1,12.524735764,26982.6914062
metadata-influx-tmpfs-1,13.0256302831,26983.9101562
metadata-influx-tmpfs-1,13.5264873391,26980.546875
metadata-influx-tmpfs-1,14.027359063,26974.4257812
metadata-influx-tmpfs-1,14.5282857841,26969.8632812
metadata-influx-tmpfs-1,15.029239487,26966.5664062
metadata-influx-tmpfs-1,15.530196707,26966.3398438
metadata-influx-tmpfs-1,16.031039766,26952.1210938
metadata-influx-tmpfs-1,16.532201992,26951.34375
metadata-influx-tmpfs-1,17.032990045,26922.84375
metadata-influx-tmpfs-1,17.533985088,26907.359375
metadata-influx-tmpfs-1,18.034980742,26899.71875
metadata-influx-tmpfs-1,18.53595737,26896.8085938
metadata-influx-tmpfs-1,19.036708771,26906.453125
metadata-influx-tmpfs-1,19.537599482,26974.125
metadata-influx-tmpfs-1,20.038572963,26971.8554688
metadata-influx-tmpfs-1,20.539576052,26969.3945312
metadata-influx-tmpfs-1,21.040538813,26964.1484375
metadata-influx-tmpfs-1,21.541542031,26964.7382812
metadata-influx-tmpfs-1,22.042512638,27045.9726562
metadata-influx-tmpfs-1,22.543234852,27000.9648438
metadata-influx-tmpfs-1,23.0443521721,26995
metadata-influx-tmpfs-1,23.54536527,26972.4609375
metadata-influx-tmpfs-1,24.046602832,26966.6171875
metadata-influx-tmpfs-1,24.547583157,26950.4296875
metadata-influx-tmpfs-1,25.048813305,26929.7617188
metadata-influx-tmpfs-1,25.5498041901,26923.890625
metadata-influx-tmpfs-1,26.050427995,26918.3125
metadata-influx-tmpfs-1,26.551565563,26911.3789062
metadata-influx-tmpfs-1,27.052599892,26910.1875
metadata-influx-tmpfs-1,27.5536430291,26903.453125
metadata-influx-tmpfs-1,28.054589879,26891.2617188
metadata-influx-tmpfs-1,28.555350057,26880.1015625
metadata-influx-tmpfs-1,29.056237402,26872.0585938
metadata-influx-tmpfs-1,29.557264286,26858.2070312
metadata-influx-tmpfs-1,30.0582401931,26857.8515625
metadata-influx-tmpfs-1,30.559474338,26837.203125
metadata-influx-tmpfs-1,31.060487667,26829.890625
metadata-influx-tmpfs-1,31.5614662981,26807.8125
metadata-influx-tmpfs-1,32.062528671,26790.5546875
metadata-influx-tmpfs-1,32.563410836,26781.6132812
metadata-influx-tmpfs-1,33.064401991,26770.5820312
metadata-influx-tmpfs-1,33.565323512,26764.796875
metadata-influx-tmpfs-1,34.06640366,26754.8398438
metadata-influx-tmpfs-1,34.567155342,26746.7265625
metadata-influx-tmpfs-1,35.068195502,26741.9179688
metadata-influx-tmpfs-1,35.569193611,26733.1601562
metadata-influx-tmpfs-1,36.07014015,26728.6171875
metadata-influx-tmpfs-1,36.571176654,26716.8984375
metadata-influx-tmpfs-1,37.072122912,26707.8359375
metadata-influx-tmpfs-1,37.57321846,26702.828125
metadata-influx-tmpfs-1,38.074219445,26694.1445312
metadata-influx-tmpfs-1,38.574947992,26686.4140625
metadata-influx-tmpfs-1,39.076125879,26683.140625
metadata-influx-tmpfs-1,39.577192691,26676.2109375
metadata-influx-tmpfs-1,40.078193104,26667.7421875
metadata-influx-tmpfs-1,40.579067905,26664.0390625
metadata-influx-tmpfs-1,41.080079219,26655.8828125
metadata-influx-tmpfs-1,41.580974439,26646.8125
metadata-influx-tmpfs-1,42.081709278,26698.8242188
metadata-influx-tmpfs-1,42.582669223,26698.3242188
metadata-influx-tmpfs-1,43.083641683,26699.28125
metadata-influx-tmpfs-1,43.584594043,26670.1445312
metadata-influx-tmpfs-1,44.085605709,26666.0351562
metadata-influx-tmpfs-1,44.586568409,26660.1640625
metadata-influx-tmpfs-1,45.0875666781,26649.1875
metadata-influx-tmpfs-1,45.588543336,26642.0898438
metadata-influx-tmpfs-1,46.089584598,26636.0078125
metadata-influx-tmpfs-1,46.590553651,26626.2539062
metadata-influx-tmpfs-1,47.091571969,26624.1523438
metadata-influx-tmpfs-1,47.592558305,26613.9882812
metadata-influx-tmpfs-1,48.093560282,26610.6171875
metadata-influx-tmpfs-1,48.594658665,26607.2734375
metadata-influx-tmpfs-1,49.095694497,26596.546875
metadata-influx-tmpfs-1,49.596679991,26586.4882812
metadata-influx-tmpfs-1,50.097608586,26566.9257812
metadata-influx-tmpfs-1,50.598637074,26561.3710938
metadata-influx-tmpfs-1,51.099340542,26542.9453125
metadata-influx-tmpfs-1,51.6002271851,26535.9648438
metadata-influx-tmpfs-1,52.1013965961,26524.46875
metadata-influx-tmpfs-1,52.60241818,26518.8515625
metadata-influx-tmpfs-1,53.103362586,26513.203125
metadata-influx-tmpfs-1,53.6044446831,26508.40625
metadata-influx-tmpfs-1,54.105543402,26503.1171875
metadata-influx-tmpfs-1,54.60653849,26498.8203125
metadata-influx-tmpfs-1,55.10739564,26493.9882812
metadata-influx-tmpfs-1,55.608263833,26490.1835938
metadata-influx-tmpfs-1,56.109520447,26484.6132812
metadata-influx-tmpfs-1,56.61047718,26481.0976562
metadata-influx-tmpfs-1,57.111306868,26478.8710938
metadata-influx-tmpfs-1,57.612230878,26478.3125
metadata-influx-tmpfs-1,58.113152855,26474.3515625
metadata-influx-tmpfs-1,58.613901405,26472.859375
metadata-influx-tmpfs-1,59.115000705,26456.3398438
metadata-influx-tmpfs-1,59.6159522081,26443.7617188
metadata-influx-tmpfs-1,60.116930353,26439.1953125
metadata-influx-tmpfs-1,60.617962122,26436.140625
metadata-influx-tmpfs-1,61.11902951,26427.1015625
metadata-influx-tmpfs-1,61.620030158,26425.9179688
metadata-influx-tmpfs-1,62.120914833,26421.8359375
metadata-influx-tmpfs-1,62.6220434291,26417.375
metadata-influx-tmpfs-1,63.122795386,26410.9960938
metadata-influx-tmpfs-1,63.623843246,26408.234375
metadata-influx-tmpfs-1,64.124575105,26399.1835938
metadata-influx-tmpfs-1,64.625617895,26388.5
metadata-influx-tmpfs-1,65.126447913,26384.6875
metadata-influx-tmpfs-1,65.627547523,26377.1484375
metadata-influx-tmpfs-1,66.128657433,26366.890625
metadata-influx-tmpfs-1,66.629777062,26359.1953125
metadata-influx-tmpfs-1,67.130451349,26353.234375
metadata-influx-tmpfs-1,67.631299252,26347.453125
metadata-influx-tmpfs-1,68.1323593761,26336.9609375
metadata-influx-tmpfs-1,68.633497862,26333.8046875
metadata-influx-tmpfs-1,69.134473762,26324.8515625
metadata-influx-tmpfs-1,69.63543283,26320.9726562
metadata-influx-tmpfs-1,70.13651695,26316.4804688
metadata-influx-tmpfs-1,70.6376028641,26314.65625
metadata-influx-tmpfs-1,71.138625405,26309.0390625
metadata-influx-tmpfs-1,71.639616746,26306.4335938
metadata-influx-tmpfs-1,72.140549894,26302.28125
metadata-influx-tmpfs-1,72.641465758,26300.6640625
metadata-influx-tmpfs-1,73.142506404,26296.875
metadata-influx-tmpfs-1,73.643534165,26282.4296875
metadata-influx-tmpfs-1,74.144518292,26280.2148438
metadata-influx-tmpfs-1,74.645437743,26274.40625
metadata-influx-tmpfs-1,75.146253484,26268.0664062
metadata-influx-tmpfs-1,75.647237541,26305.96875
metadata-influx-tmpfs-1,76.148169426,26305.2578125
metadata-influx-tmpfs-1,76.649142651,26302.890625
metadata-influx-tmpfs-1,77.1497585151,26292.90625
metadata-influx-tmpfs-1,77.65065916,26288.8476562
metadata-influx-tmpfs-1,78.151708263,26280.1484375
metadata-influx-tmpfs-1,78.65273396,26272.8710938
metadata-influx-tmpfs-1,79.153642891,26256.96875
metadata-influx-tmpfs-1,79.65453513,26250.265625
metadata-influx-tmpfs-1,80.155631033,26244.25
metadata-influx-tmpfs-1,80.656542699,26226.1835938
metadata-influx-tmpfs-1,81.157750699,26223.7148438
metadata-influx-tmpfs-1,81.658879876,26224.453125
metadata-influx-tmpfs-1,82.159940521,26216.1953125
metadata-influx-tmpfs-1,82.660974043,26206.6210938
metadata-influx-tmpfs-1,83.16174092,26200.4414062
metadata-influx-tmpfs-1,83.662582661,26193.28125
metadata-influx-tmpfs-1,84.1635035051,26185.2148438
metadata-influx-tmpfs-1,84.6646026541,26178.1132812
metadata-influx-tmpfs-1,85.165633421,26173.1367188
metadata-influx-tmpfs-1,85.666718724,26169.7851562
metadata-influx-tmpfs-1,86.167521038,26162.7617188
metadata-influx-tmpfs-1,86.668571153,26159.6757812
metadata-influx-tmpfs-1,87.169527997,26153.3203125
metadata-influx-tmpfs-1,87.670204999,26151.8125
metadata-influx-tmpfs-1,88.171181811,26146.5
metadata-influx-tmpfs-1,88.672103206,26137.1367188
metadata-influx-tmpfs-1,89.1731293841,26135.390625
metadata-influx-tmpfs-1,89.674366731,26131.8632812
metadata-influx-tmpfs-1,90.175440251,26129.3164062
metadata-influx-tmpfs-1,90.676314996,26122.9023438
metadata-influx-tmpfs-1,91.177243514,26118.9023438
metadata-influx-tmpfs-1,91.678682422,26115.8789062
metadata-influx-tmpfs-1,92.1796777201,26112.71875
metadata-influx-tmpfs-1,92.68062241,25932.3164062
metadata-influx-tmpfs-1,92.896173407,24890.5585938
metadata-influx-tmpfs-64,0,24888.1875
metadata-influx-tmpfs-64,0.50300018792,25062.4179688
metadata-influx-tmpfs-64,1.00398424501,25859.2265625
metadata-influx-tmpfs-64,1.50498926197,25924.71875
metadata-influx-tmpfs-64,2.00578755897,26101.0351562
metadata-influx-tmpfs-64,2.50664103299,26842.0234375
metadata-influx-tmpfs-64,3.00756702595,27145.8789062
metadata-influx-tmpfs-64,3.50846157991,27158.6171875
metadata-influx-tmpfs-64,4.00944472395,26959.3945312
metadata-influx-tmpfs-64,4.510459741,26934.359375
metadata-influx-tmpfs-64,5.0117322359,26926.734375
metadata-influx-tmpfs-64,5.51273721294,26919.6054688
metadata-influx-tmpfs-64,6.01377075491,26916.3242188
metadata-influx-tmpfs-64,6.51473474293,26908.9023438
metadata-influx-tmpfs-64,7.01562607998,26890.9296875
metadata-influx-tmpfs-64,7.51659293298,26885.0820312
metadata-influx-tmpfs-64,8.01760316,26875.4882812
metadata-influx-tmpfs-64,8.51857861993,26872.25
metadata-influx-tmpfs-64,9.01955069299,26903.8398438
metadata-influx-tmpfs-64,9.52020744595,26906.2773438
metadata-influx-tmpfs-64,10.021283421,26905.0351562
metadata-influx-tmpfs-64,10.5223998439,26903.8945312
metadata-influx-tmpfs-64,11.0231207709,26888.6171875
metadata-influx-tmpfs-64,11.524231873,26882.9257812
metadata-influx-tmpfs-64,12.025241219,26881.078125
metadata-influx-tmpfs-64,12.5261955779,26877.3515625
metadata-influx-tmpfs-64,13.0272130889,27281.1523438
metadata-influx-tmpfs-64,13.528100478,27690.9179688
metadata-influx-tmpfs-64,14.029075147,27722.0507812
metadata-influx-tmpfs-64,14.530158706,27741.84375
metadata-influx-tmpfs-64,15.031076534,27753.8320312
metadata-influx-tmpfs-64,15.532117561,27767.6914062
metadata-influx-tmpfs-64,16.0332503249,27758.6484375
metadata-influx-tmpfs-64,16.5344367729,27741.015625
metadata-influx-tmpfs-64,17.0354647849,27731.9804688
metadata-influx-tmpfs-64,17.536308339,27710.0078125
metadata-influx-tmpfs-64,18.0374242909,27702.6328125
metadata-influx-tmpfs-64,18.5383826379,27681.6132812
metadata-influx-tmpfs-64,19.0392926909,27675.359375
metadata-influx-tmpfs-64,19.5401525469,27662.5351562
metadata-influx-tmpfs-64,20.0410311089,27651.5
metadata-influx-tmpfs-64,20.54212554,27636.4765625
metadata-influx-tmpfs-64,21.043297229,27611.3203125
metadata-influx-tmpfs-64,21.5440782929,25971.03125
metadata-influx-tmpfs-64,21.596446126,25900.4648438
telemetry-sqlite-native-lustre-1,0,25897.2070312
telemetry-sqlite-native-lustre-1,0.502807675977,25915.5039062
telemetry-sqlite-native-lustre-1,1.00366852398,25896.2773438
telemetry-sqlite-native-lustre-1,1.50467079598,25890.078125
telemetry-sqlite-native-lustre-1,2.00553685403,25880.7421875
telemetry-sqlite-native-lustre-1,2.50643989397,25877.3710938
telemetry-sqlite-native-lustre-1,3.00741065398,25840.6484375
telemetry-sqlite-native-lustre-1,3.50841415895,25837.9570312
telemetry-sqlite-native-lustre-1,4.00933878892,25831.5742188
telemetry-sqlite-native-lustre-1,4.51032920601,25828.015625
telemetry-sqlite-native-lustre-1,5.01129670697,25814.8632812
telemetry-sqlite-native-lustre-1,5.51221901202,25816.203125
telemetry-sqlite-native-lustre-1,6.01320012996,25808.2617188
telemetry-sqlite-native-lustre-1,6.51380741503,25808.1132812
telemetry-sqlite-native-lustre-1,7.01486136403,25809.1757812
telemetry-sqlite-native-lustre-1,7.51582715299,25802.84375
telemetry-sqlite-native-lustre-1,8.01678945497,25802.0859375
telemetry-sqlite-native-lustre-1,8.517839737,25802.0546875
telemetry-sqlite-native-lustre-1,9.01885895897,25800.1484375
telemetry-sqlite-native-lustre-1,9.51982649101,25798.7148438
telemetry-sqlite-native-lustre-1,10.020863237,25824.921875
telemetry-sqlite-native-lustre-1,10.521833365,25791.9023438
telemetry-sqlite-native-lustre-1,10.8975193769,25701.328125
telemetry-sqlite-native-lustre-64,0,25695.015625
telemetry-sqlite-native-lustre-64,0.50262115302,26163.5195312
telemetry-sqlite-native-lustre-64,1.00353951904,26446.3828125
telemetry-sqlite-native-lustre-64,1.50432907708,26446.8828125
telemetry-sqlite-native-lustre-64,2.00500564603,26420.4453125
telemetry-sqlite-native-lustre-64,2.50578273006,26395.9296875
telemetry-sqlite-native-lustre-64,3.00652874308,26392.140625
telemetry-sqlite-native-lustre-64,3.50727713003,26378.0117188
telemetry-sqlite-native-lustre-64,4.0083826601,26361.3828125
telemetry-sqlite-native-lustre-64,4.50914180803,26339.7304688
telemetry-sqlite-native-lustre-64,5.01000226301,26312.7460938
telemetry-sqlite-native-lustre-64,5.5105348241,26300.7226562
telemetry-sqlite-native-lustre-64,6.01127325208,26289.8125
telemetry-sqlite-native-lustre-64,6.51205517503,26254.8867188
telemetry-sqlite-native-lustre-64,7.013022937,26237.1835938
telemetry-sqlite-native-lustre-64,7.513684056,26234.71875
telemetry-sqlite-native-lustre-64,8.01464591804,26219.5390625
telemetry-sqlite-native-lustre-64,8.51563479099,26260.5039062
telemetry-sqlite-native-lustre-64,9.01645700203,26631.5234375
telemetry-sqlite-native-lustre-64,9.51730189705,26790.0625
telemetry-sqlite-native-lustre-64,9.7304064401,26686.4179688
telemetry-sqlite-native-tmpfs-1,0,26684.4101562
telemetry-sqlite-native-tmpfs-1,0.502980749006,26720.2421875
telemetry-sqlite-native-tmpfs-1,1.0039362869,26731.8125
telemetry-sqlite-native-tmpfs-1,1.50488858996,26735.9921875
telemetry-sqlite-native-tmpfs-1,2.00585949898,26742.828125
telemetry-sqlite-native-tmpfs-1,2.50683017692,26750.9492188
telemetry-sqlite-native-tmpfs-1,3.00778360094,26759.859375
telemetry-sqlite-native-tmpfs-1,3.5087150539,26763.8007812
telemetry-sqlite-native-tmpfs-1,4.00971784396,26768.4335938
telemetry-sqlite-native-tmpfs-1,4.51068453491,26776.5429688
telemetry-sqlite-native-tmpfs-1,5.01171339501,26773.1015625
telemetry-sqlite-native-tmpfs-1,5.51270405191,26781.9726562
telemetry-sqlite-native-tmpfs-1,6.01364849892,26786.6171875
telemetry-sqlite-native-tmpfs-1,6.51460763591,26796.4609375
telemetry-sqlite-native-tmpfs-1,7.0156744899,26819.03125
telemetry-sqlite-native-tmpfs-1,7.51273673296,26652.859375
telemetry-sqlite-native-tmpfs-64,0,26652.4882812
telemetry-sqlite-native-tmpfs-64,0.502733770059,27073.4101562
telemetry-sqlite-native-tmpfs-64,1.00388790399,27328.5546875
telemetry-sqlite-native-tmpfs-64,1.50483619806,27302.9648438
telemetry-sqlite-native-tmpfs-64,2.00549206708,27292.8789062
telemetry-sqlite-native-tmpfs-64,2.50615748507,27273.9609375
telemetry-sqlite-native-tmpfs-64,3.00708193402,27281.6601562
telemetry-sqlite-native-tmpfs-64,3.50822190905,27272.8828125
telemetry-sqlite-native-tmpfs-64,4.00916108605,27275.8476562
telemetry-sqlite-native-tmpfs-64,4.51009291899,27283.2226562
telemetry-sqlite-native-tmpfs-64,5.011000345,27285.5703125
telemetry-sqlite-native-tmpfs-64,5.511954571,27265.8828125
telemetry-sqlite-native-tmpfs-64,6.01296841307,27268.2148438
telemetry-sqlite-native-tmpfs-64,6.51363522303,27273.6171875
telemetry-sqlite-native-tmpfs-64,7.01422231901,27337.3125
telemetry-sqlite-native-tmpfs-64,7.51500587503,27678.171875
telemetry-sqlite-native-tmpfs-64,7.90531534306,27505.5585938
telemetry-sqlite-shifter-lustre-1,0,27504.046875
telemetry-sqlite-shifter-lustre-1,0.502956040902,28045.8242188
telemetry-sqlite-shifter-lustre-1,1.00396255893,28457.9257812
telemetry-sqlite-shifter-lustre-1,1.50495647197,28467.1445312
telemetry-sqlite-shifter-lustre-1,2.00590010791,28472.3242188
telemetry-sqlite-shifter-lustre-1,2.50686571596,28461.6015625
telemetry-sqlite-shifter-lustre-1,3.00785493001,28450.7070312
telemetry-sqlite-shifter-lustre-1,3.50880435691,28444.0585938
telemetry-sqlite-shifter-lustre-1,4.00982288795,28444.21875
telemetry-sqlite-shifter-lustre-1,4.51077137294,28432.4570312
telemetry-sqlite-shifter-lustre-1,5.01172154199,28427.921875
telemetry-sqlite-shifter-lustre-1,5.51271237899,28421.2226562
telemetry-sqlite-shifter-lustre-1,6.01371151197,28411.40625
telemetry-sqlite-shifter-lustre-1,6.51466121001,28394.8085938
telemetry-sqlite-shifter-lustre-1,7.01562102698,28357.015625
telemetry-sqlite-shifter-lustre-1,7.51657651493,28318.7890625
telemetry-sqlite-shifter-lustre-1,8.01760137896,28249.890625
telemetry-sqlite-shifter-lustre-1,8.51856386091,28234.6523438
telemetry-sqlite-shifter-lustre-1,9.01952935895,28227.7148438
telemetry-sqlite-shifter-lustre-1,9.52046767494,28211.7148438
telemetry-sqlite-shifter-lustre-1,10.021311697,28180.7929688
telemetry-sqlite-shifter-lustre-1,10.5222681679,28159.7148438
telemetry-sqlite-shifter-lustre-1,11.0232676619,28146.0703125
telemetry-sqlite-shifter-lustre-1,11.5242605429,28149.671875
telemetry-sqlite-shifter-lustre-1,12.0252521819,28160.2382812
telemetry-sqlite-shifter-lustre-1,12.526210026,28087.9296875
telemetry-sqlite-shifter-lustre-1,12.5624510349,28083.125
telemetry-sqlite-shifter-lustre-64,0,28065.5585938
telemetry-sqlite-shifter-lustre-64,0.503639613977,27685.2265625
telemetry-sqlite-shifter-lustre-64,1.00444954005,28089.1328125
telemetry-sqlite-shifter-lustre-64,1.50538313703,28820.0351562
telemetry-sqlite-shifter-lustre-64,2.00612555305,28800.6328125
telemetry-sqlite-shifter-lustre-64,2.50678274501,28774.3242188
telemetry-sqlite-shifter-lustre-64,3.00775054703,28740.484375
telemetry-sqlite-shifter-lustre-64,3.50847524905,28723.5546875
telemetry-sqlite-shifter-lustre-64,4.009370171,28655.7421875
telemetry-sqlite-shifter-lustre-64,4.51031556004,28629.6015625
telemetry-sqlite-shifter-lustre-64,5.01117692702,28584.2578125
telemetry-sqlite-shifter-lustre-64,5.51219333406,28555.90625
telemetry-sqlite-shifter-lustre-64,6.01290753495,28508.3125
telemetry-sqlite-shifter-lustre-64,6.51379975106,28462.46875
telemetry-sqlite-shifter-lustre-64,7.01449177007,28382.5234375
telemetry-sqlite-shifter-lustre-64,7.51550274598,28372.7070312
telemetry-sqlite-shifter-lustre-64,8.01644947799,28345.8632812
telemetry-sqlite-shifter-lustre-64,8.51744674798,28321.2109375
telemetry-sqlite-shifter-lustre-64,9.01853422204,28335.4726562
telemetry-sqlite-shifter-lustre-64,9.51934562204,28745.984375
telemetry-sqlite-shifter-lustre-64,9.53584070096,28741.2421875
telemetry-sqlite-shifter-tmpfs-1,0,28706.3242188
telemetry-sqlite-shifter-tmpfs-1,0.502822592971,28362.7460938
telemetry-sqlite-shifter-tmpfs-1,1.00353299698,28780.7109375
telemetry-sqlite-shifter-tmpfs-1,1.50435027899,28803.1210938
telemetry-sqlite-shifter-tmpfs-1,2.00525541999,28803.53125
telemetry-sqlite-shifter-tmpfs-1,2.50619601004,28812.8828125
telemetry-sqlite-shifter-tmpfs-1,3.007153132,28821.9101562
telemetry-sqlite-shifter-tmpfs-1,3.50813481107,28830.1875
telemetry-sqlite-shifter-tmpfs-1,4.00907809706,28839.984375
telemetry-sqlite-shifter-tmpfs-1,4.51001428801,28849.828125
telemetry-sqlite-shifter-tmpfs-1,5.01102483307,28821.3398438
telemetry-sqlite-shifter-tmpfs-1,5.51202341507,28833.8945312
telemetry-sqlite-shifter-tmpfs-1,6.01266974607,28840.7734375
telemetry-sqlite-shifter-tmpfs-1,6.51355164207,28847.0898438
telemetry-sqlite-shifter-tmpfs-1,7.01431145205,28847.703125
telemetry-sqlite-shifter-tmpfs-1,7.51510889502,28853.3945312
telemetry-sqlite-shifter-tmpfs-1,8.016032352,28853.984375
telemetry-sqlite-shifter-tmpfs-1,8.51665936504,28877.0742188
telemetry-sqlite-shifter-tmpfs-1,8.85922890506,28711.9453125
telemetry-sqlite-shifter-tmpfs-64,0,28696.1953125
telemetry-sqlite-shifter-tmpfs-64,0.503073698026,28296.96875
telemetry-sqlite-shifter-tmpfs-64,1.00369617296,28738.1796875
telemetry-sqlite-shifter-tmpfs-64,1.50461158401,29448.8125
telemetry-sqlite-shifter-tmpfs-64,2.00557400601,29446.7226562
telemetry-sqlite-shifter-tmpfs-64,2.506617115,29441.4101562
telemetry-sqlite-shifter-tmpfs-64,3.00753462,29440.0546875
telemetry-sqlite-shifter-tmpfs-64,3.50854773994,29434.6523438
telemetry-sqlite-shifter-tmpfs-64,4.00947549497,29445.7773438
telemetry-sqlite-shifter-tmpfs-64,4.51046043099,29426.1914062
telemetry-sqlite-shifter-tmpfs-64,5.01119478093,29426.96875
telemetry-sqlite-shifter-tmpfs-64,5.51224353095,29418.359375
telemetry-sqlite-shifter-tmpfs-64,6.01338215393,29413.2695312
telemetry-sqlite-shifter-tmpfs-64,6.51435851294,29399.4453125
telemetry-sqlite-shifter-tmpfs-64,7.01529185893,29387.1523438
telemetry-sqlite-shifter-tmpfs-64,7.51625964197,29384.421875
telemetry-sqlite-shifter-tmpfs-64,8.01720130397,29349.3515625
telemetry-sqlite-shifter-tmpfs-64,8.51796691492,29433.9335938
telemetry-sqlite-shifter-tmpfs-64,8.79814922693,29774.9921875
telemetry-postgres-lustre-1,0,29709.8242188
telemetry-postgres-lustre-1,0.502757536015,28800.9101562
telemetry-postgres-lustre-1,1.00361523603,29494.6914062
telemetry-postgres-lustre-1,1.504244974,29697.7421875
telemetry-postgres-lustre-1,2.00487917103,29822.21875
telemetry-postgres-lustre-1,2.50555208302,29817.4609375
telemetry-postgres-lustre-1,3.00617595995,29794.75
telemetry-postgres-lustre-1,3.50680552796,29603.0117188
telemetry-postgres-lustre-1,4.00740244205,29707.8671875
telemetry-postgres-lustre-1,4.50813452899,29709.2890625
telemetry-postgres-lustre-1,5.00884159596,29695.8945312
telemetry-postgres-lustre-1,5.509757358,29692.421875
telemetry-postgres-lustre-1,6.01051340101,29691.7539062
telemetry-postgres-lustre-1,6.51110226999,29684.8242188
telemetry-postgres-lustre-1,7.01199013798,29692.0429688
telemetry-postgres-lustre-1,7.51271412894,29684.6796875
telemetry-postgres-lustre-1,8.01366019901,29674.8007812
telemetry-postgres-lustre-1,8.51436066395,29675.5117188
telemetry-postgres-lustre-1,9.01518717397,29669.46875
telemetry-postgres-lustre-1,9.51591453096,29656.1054688
telemetry-postgres-lustre-1,10.016827738,29633.9492188
telemetry-postgres-lustre-1,10.517768117,29631.6054688
telemetry-postgres-lustre-1,11.018637038,29624.15625
telemetry-postgres-lustre-1,11.519399162,29615.0820312
telemetry-postgres-lustre-1,12.0201398249,29601.3320312
telemetry-postgres-lustre-1,12.520964812,29596.984375
telemetry-postgres-lustre-1,13.021593428,29573.4921875
telemetry-postgres-lustre-1,13.522153451,29560.8476562
telemetry-postgres-lustre-1,14.022755946,29555.8945312
telemetry-postgres-lustre-1,14.523349655,29549.8554688
telemetry-postgres-lustre-1,15.023967951,29553.34375
telemetry-postgres-lustre-1,15.525673552,29556.7734375
telemetry-postgres-lustre-1,16.0263080189,29538.2539062
telemetry-postgres-lustre-1,16.52695963,29521.34375
telemetry-postgres-lustre-1,17.02764729,29511.9921875
telemetry-postgres-lustre-1,17.528385398,29516.7421875
telemetry-postgres-lustre-1,18.029158424,29489.3671875
telemetry-postgres-lustre-1,18.529996896,29488.1171875
telemetry-postgres-lustre-1,19.030719614,29471.6132812
telemetry-postgres-lustre-1,19.531427022,29476.6875
telemetry-postgres-lustre-1,20.032350119,29466.3476562
telemetry-postgres-lustre-1,20.53293512,29423.0078125
telemetry-postgres-lustre-1,21.033820564,29406.8476562
telemetry-postgres-lustre-1,21.53453704,29418.234375
telemetry-postgres-lustre-1,22.035556933,29969.8671875
telemetry-postgres-lustre-1,22.536163577,30339.484375
telemetry-postgres-lustre-1,23.036778656,28184.0976562
telemetry-postgres-lustre-1,23.427131068,27966.8046875
telemetry-postgres-lustre-64,0,27953.703125
telemetry-postgres-lustre-64,0.502675367054,27981.6992188
telemetry-postgres-lustre-64,1.00368446996,28685.2734375
telemetry-postgres-lustre-64,1.50478001998,28910.9570312
telemetry-postgres-lustre-64,2.00544590806,29053.7382812
telemetry-postgres-lustre-64,2.50605880399,29063.8476562
telemetry-postgres-lustre-64,3.00671635603,29067.3984375
telemetry-postgres-lustre-64,3.50742853305,28874.8710938
telemetry-postgres-lustre-64,4.00831431698,29197.7890625
telemetry-postgres-lustre-64,4.50916762906,29572.359375
telemetry-postgres-lustre-64,5.00995387998,30049.9492188
telemetry-postgres-lustre-64,5.51069138607,29855.6679688
telemetry-postgres-lustre-64,6.01145698805,29643.203125
telemetry-postgres-lustre-64,6.51216644002,29409.578125
telemetry-postgres-lustre-64,7.01312528504,29326.625
telemetry-postgres-lustre-64,7.51375900197,29199.9726562
telemetry-postgres-lustre-64,8.01461010799,29157.1757812
telemetry-postgres-lustre-64,8.51538512798,29123.0742188
telemetry-postgres-lustre-64,9.01615851407,29087.3320312
telemetry-postgres-lustre-64,9.51697968307,28310.6210938
telemetry-postgres-lustre-64,10.01767648,28300.0273438
telemetry-postgres-lustre-64,10.518550772,28635.3203125
telemetry-postgres-lustre-64,11.019420956,29021.03125
telemetry-postgres-lustre-64,11.5204063531,28864.7890625
telemetry-postgres-lustre-64,12.021378494,29101.9375
telemetry-postgres-lustre-64,12.521978935,29578.9765625
telemetry-postgres-lustre-64,13.022951898,27504.3828125
telemetry-postgres-lustre-64,13.452069134,27280.9648438
telemetry-postgres-tmpfs-1,0,27273.0976562
telemetry-postgres-tmpfs-1,0.502780311042,27334.34375
telemetry-postgres-tmpfs-1,1.00358821405,28008.7109375
telemetry-postgres-tmpfs-1,1.50446154398,28255.9296875
telemetry-postgres-tmpfs-1,2.00539689406,28454.8007812
telemetry-postgres-tmpfs-1,2.50637811201,28479.0078125
telemetry-postgres-tmpfs-1,3.00730366306,28493.734375
telemetry-postgres-tmpfs-1,3.50792819099,28487.2148438
telemetry-postgres-tmpfs-1,4.00888363004,28483.984375
telemetry-postgres-tmpfs-1,4.50985448807,28506.0507812
telemetry-postgres-tmpfs-1,5.01087034401,28510.5820312
telemetry-postgres-tmpfs-1,5.51181925007,28532.4726562
telemetry-postgres-tmpfs-1,6.012765861,28551.8203125
telemetry-postgres-tmpfs-1,6.51374965499,28572.9335938
telemetry-postgres-tmpfs-1,7.01475334703,28575
telemetry-postgres-tmpfs-1,7.51575594698,28596.9101562
telemetry-postgres-tmpfs-1,8.01671035402,28612.4335938
telemetry-postgres-tmpfs-1,8.51766038197,28618.5742188
telemetry-postgres-tmpfs-1,9.01871098496,28639.0390625
telemetry-postgres-tmpfs-1,9.51969310502,28660.578125
telemetry-postgres-tmpfs-1,10.0206521411,28661.6171875
telemetry-postgres-tmpfs-1,10.521638028,28683.9960938
telemetry-postgres-tmpfs-1,11.022666959,28699.2109375
telemetry-postgres-tmpfs-1,11.523619993,28704.859375
telemetry-postgres-tmpfs-1,12.024632232,28727.6875
telemetry-postgres-tmpfs-1,12.525575808,28749.0195312
telemetry-postgres-tmpfs-1,13.0265791391,28755.4023438
telemetry-postgres-tmpfs-1,13.5275676621,28777.78125
telemetry-postgres-tmpfs-1,14.0285563851,28797.9296875
telemetry-postgres-tmpfs-1,14.5295114031,28754.1484375
telemetry-postgres-tmpfs-1,15.030529773,28761.3867188
telemetry-postgres-tmpfs-1,15.531349429,28771.4335938
telemetry-postgres-tmpfs-1,16.0323309581,29475.7109375
telemetry-postgres-tmpfs-1,16.533299552,27749.5390625
telemetry-postgres-tmpfs-1,16.708422226,27217.6640625
telemetry-postgres-tmpfs-64,0,27210.125
telemetry-postgres-tmpfs-64,0.50300533697,27339.6210938
telemetry-postgres-tmpfs-64,1.00392556703,28030.1328125
telemetry-postgres-tmpfs-64,1.50445881905,28362.5078125
telemetry-postgres-tmpfs-64,2.00509466906,28407.7070312
telemetry-postgres-tmpfs-64,2.505886561,28915.1367188
telemetry-postgres-tmpfs-64,3.00682839297,29488.7617188
telemetry-postgres-tmpfs-64,3.507714001,29566.75
telemetry-postgres-tmpfs-64,4.00857385201,29627.765625
telemetry-postgres-tmpfs-64,4.50937056204,29679.6796875
telemetry-postgres-tmpfs-64,5.010145618,29746.7929688
telemetry-postgres-tmpfs-64,5.51096180605,29801.6835938
telemetry-postgres-tmpfs-64,6.01174423704,29887.203125
telemetry-postgres-tmpfs-64,6.51268122799,29910.4414062
telemetry-postgres-tmpfs-64,7.01383896603,29162.765625
telemetry-postgres-tmpfs-64,7.51470114198,29549.1015625
telemetry-postgres-tmpfs-64,8.01546709205,30160.203125
telemetry-postgres-tmpfs-64,8.51658885996,29807.3710938
telemetry-postgres-tmpfs-64,9.01754642103,30520.5390625
telemetry-postgres-tmpfs-64,9.51850443205,28589.6445312
telemetry-postgres-tmpfs-64,9.66960019502,28073.6484375
telemetry-influx-lustre-1,0,28023.1132812
telemetry-influx-lustre-1,0.503038969007,28189.5585938
telemetry-influx-lustre-1,1.00398805295,28967.5820312
telemetry-influx-lustre-1,1.50494360994,29009.8710938
telemetry-influx-lustre-1,2.00590898597,29020.0664062
telemetry-influx-lustre-1,2.50655402197,29009.5117188
telemetry-influx-lustre-1,3.00738329394,29029.2304688
telemetry-influx-lustre-1,3.50825622003,28993.8867188
telemetry-influx-lustre-1,4.00885672995,28973.7148438
telemetry-influx-lustre-1,4.50982243603,28957.3085938
telemetry-influx-lustre-1,5.01083686703,28941.2421875
telemetry-influx-lustre-1,5.51174425997,28915.1796875
telemetry-influx-lustre-1,6.01247546298,28912.796875
telemetry-influx-lustre-1,6.51324849599,28903.421875
telemetry-influx-lustre-1,7.01407185697,28903.5898438
telemetry-influx-lustre-1,7.51493333199,28878.0976562
telemetry-influx-lustre-1,8.01580185001,28864.1132812
telemetry-influx-lustre-1,8.51658227795,28875.5507812
telemetry-influx-lustre-1,9.01763993199,28851.8945312
telemetry-influx-lustre-1,9.51869911898,28833.8710938
telemetry-influx-lustre-1,10.019631541,28825.9570312
telemetry-influx-lustre-1,10.520351061,28809.4648438
telemetry-influx-lustre-1,11.021292871,28782.53125
telemetry-influx-lustre-1,11.522261473,28750.2929688
telemetry-influx-lustre-1,12.023071559,28735.3632812
telemetry-influx-lustre-1,12.524164623,28718.7382812
telemetry-influx-lustre-1,13.0252461029,28720.1054688
telemetry-influx-lustre-1,13.526071868,28691.65625
telemetry-influx-lustre-1,14.027126627,28673.6289062
telemetry-influx-lustre-1,14.527908538,28662.1914062
telemetry-influx-lustre-1,15.028805521,28661.3203125
telemetry-influx-lustre-1,15.529693968,28661.4492188
telemetry-influx-lustre-1,16.0305055759,28640.359375
telemetry-influx-lustre-1,16.531102509,28630.078125
telemetry-influx-lustre-1,17.0321431,28618.171875
telemetry-influx-lustre-1,17.5331397459,28603.484375
telemetry-influx-lustre-1,18.034150198,28589.8203125
telemetry-influx-lustre-1,18.535178827,28577.6914062
telemetry-influx-lustre-1,19.036132179,28563.6523438
telemetry-influx-lustre-1,19.537090241,28552.40625
telemetry-influx-lustre-1,20.038069032,28541.8320312
telemetry-influx-lustre-1,20.539089555,28520.4765625
telemetry-influx-lustre-1,21.039949486,28510.8554688
telemetry-influx-lustre-1,21.540740174,28552.4960938
telemetry-influx-lustre-1,22.041756999,28551.4960938
telemetry-influx-lustre-1,22.54281257,28543.8203125
telemetry-influx-lustre-1,23.043577497,28544.765625
telemetry-influx-lustre-1,23.544633739,28532.609375
telemetry-influx-lustre-1,24.04565369,28525.5351562
telemetry-influx-lustre-1,24.546656047,28499.4453125
telemetry-influx-lustre-1,25.047627736,28492.2539062
telemetry-influx-lustre-1,25.548590025,28478.9296875
telemetry-influx-lustre-1,26.049562294,28470.2460938
telemetry-influx-lustre-1,26.550529083,28523.75
telemetry-influx-lustre-1,27.051571488,28494.5078125
telemetry-influx-lustre-1,27.552678728,28484.0078125
telemetry-influx-lustre-1,28.053537958,28478.8632812
telemetry-influx-lustre-1,28.55441355,28475.3203125
telemetry-influx-lustre-1,29.055185501,28466.265625
telemetry-influx-lustre-1,29.5560300429,28475.96875
telemetry-influx-lustre-1,30.056896988,28478.0507812
telemetry-influx-lustre-1,30.5578072669,28464.828125
telemetry-influx-lustre-1,31.05876039,28460.5546875
telemetry-influx-lustre-1,31.559690176,28449.125
telemetry-influx-lustre-1,32.060480212,28460.0820312
telemetry-influx-lustre-1,32.561375593,28443.5742188
telemetry-influx-lustre-1,33.062371327,28439.7773438
telemetry-influx-lustre-1,33.563275144,28424.875
telemetry-influx-lustre-1,34.06400297,28426.34375
telemetry-influx-lustre-1,34.564987532,28422.90625
telemetry-influx-lustre-1,35.0658498789,28411.59375
telemetry-influx-lustre-1,35.5669479209,28400.9648438
telemetry-influx-lustre-1,36.068079448,28394.6601562
telemetry-influx-lustre-1,36.569078469,28382.1132812
telemetry-influx-lustre-1,37.070124762,28378.5703125
telemetry-influx-lustre-1,37.5710644179,28388.9960938
telemetry-influx-lustre-1,38.071799297,28388.7382812
telemetry-influx-lustre-1,38.572672845,28371.8242188
telemetry-influx-lustre-1,39.073840913,28353.6835938
telemetry-influx-lustre-1,39.574943475,28344.6679688
telemetry-influx-lustre-1,40.0757809629,28349.3476562
telemetry-influx-lustre-1,40.576771597,28343.3203125
telemetry-influx-lustre-1,41.077742243,28328.4257812
telemetry-influx-lustre-1,41.578635439,28304.0664062
telemetry-influx-lustre-1,42.0794782779,28302.5507812
telemetry-influx-lustre-1,42.58025585,28027.9140625
telemetry-influx-lustre-1,42.795660784,27061.0664062
telemetry-influx-lustre-64,0,27051.6835938
telemetry-influx-lustre-64,0.502664093976,27220.3085938
telemetry-influx-lustre-64,1.00366070005,28000.7578125
telemetry-influx-lustre-64,1.50460178906,28056.7226562
telemetry-influx-lustre-64,2.00577060902,28071.921875
telemetry-influx-lustre-64,2.50658146502,28667.75
telemetry-influx-lustre-64,3.007493046,29107.2734375
telemetry-influx-lustre-64,3.50839291606,29087.40625
telemetry-influx-lustre-64,4.009353442,28931.3671875
telemetry-influx-lustre-64,4.51055844198,28714.5742188
telemetry-influx-lustre-64,5.01127284206,28662.1210938
telemetry-influx-lustre-64,5.512281631,28649.1914062
telemetry-influx-lustre-64,6.01335485501,28627.5859375
telemetry-influx-lustre-64,6.51445847901,28625.1875
telemetry-influx-lustre-64,7.01543892408,28589.4335938
telemetry-influx-lustre-64,7.51643045002,28579.1679688
telemetry-influx-lustre-64,8.01748486806,28569.1757812
telemetry-influx-lustre-64,8.518311425,28548.28125
telemetry-influx-lustre-64,9.01932465308,28529.6328125
telemetry-influx-lustre-64,9.52040830802,28525.296875
telemetry-influx-lustre-64,10.021446495,28521.4140625
telemetry-influx-lustre-64,10.5221900811,28503.8164062
telemetry-influx-lustre-64,11.023151168,28499.7773438
telemetry-influx-lustre-64,11.524311892,28494.265625
telemetry-influx-lustre-64,12.02511809,28523.1289062
telemetry-influx-lustre-64,12.526120808,28504.6171875
telemetry-influx-lustre-64,13.027173523,28505.4609375
telemetry-influx-lustre-64,13.527956786,28912
telemetry-influx-lustre-64,14.028728717,29257.8671875
telemetry-influx-lustre-64,14.529716266,29437.9492188
telemetry-influx-lustre-64,15.030550358,29502.5859375
telemetry-influx-lustre-64,15.531581776,29528.7421875
telemetry-influx-lustre-64,16.032498723,29530.5742188
telemetry-influx-lustre-64,16.533463262,29554.6640625
telemetry-influx-lustre-64,17.034283843,29102.84375
telemetry-influx-lustre-64,17.4425458281,27417.1757812
telemetry-influx-tmpfs-1,0,27410.7460938
telemetry-influx-tmpfs-1,0.502799359965,27420.6210938
telemetry-influx-tmpfs-1,1.00375657598,28083.6484375
telemetry-influx-tmpfs-1,1.50477524998,28412.5546875
telemetry-influx-tmpfs-1,2.00566809997,28454.1054688
telemetry-influx-tmpfs-1,2.50654760492,28480.515625
telemetry-influx-tmpfs-1,3.00719355699,28500.9179688
telemetry-influx-tmpfs-1,3.508203584,28476.671875
telemetry-influx-tmpfs-1,4.00904340192,28465.5273438
telemetry-influx-tmpfs-1,4.50992692495,28412.1875
telemetry-influx-tmpfs-1,5.01088745601,28379.390625
telemetry-influx-tmpfs-1,5.51180994394,28331.5820312
telemetry-influx-tmpfs-1,6.01283411891,28327
telemetry-influx-tmpfs-1,6.51383269392,28330.6601562
telemetry-influx-tmpfs-1,7.01479289494,28299.796875
telemetry-influx-tmpfs-1,7.51571977092,28292.78125
telemetry-influx-tmpfs-1,8.01672625192,28278.640625
telemetry-influx-tmpfs-1,8.51758603798,28252.4296875
telemetry-influx-tmpfs-1,9.01857384201,28232.4882812
telemetry-influx-tmpfs-1,9.51951676002,28213.296875
telemetry-influx-tmpfs-1,10.020600169,28202.0703125
telemetry-influx-tmpfs-1,10.5212698169,28175.6835938
telemetry-influx-tmpfs-1,11.022218196,28164.3554688
telemetry-influx-tmpfs-1,11.523070507,28157.5742188
telemetry-influx-tmpfs-1,12.0240338549,28130.8945312
telemetry-influx-tmpfs-1,12.52490879,28103.53125
telemetry-influx-tmpfs-1,13.025701126,28102.0625
telemetry-influx-tmpfs-1,13.5265752299,28074.8046875
telemetry-influx-tmpfs-1,14.0273021189,28073.34375
telemetry-influx-tmpfs-1,14.528025612,28075.296875
telemetry-influx-tmpfs-1,15.0290443159,28059.8046875
telemetry-influx-tmpfs-1,15.529812375,28040.7578125
telemetry-influx-tmpfs-1,16.0305866359,28033.5351562
telemetry-influx-tmpfs-1,16.531616151,28012.2890625
telemetry-influx-tmpfs-1,17.032487309,28012.4960938
telemetry-influx-tmpfs-1,17.533492908,27994.453125
telemetry-influx-tmpfs-1,18.03440743,27984.8398438
telemetry-influx-tmpfs-1,18.535435132,27966.1328125
telemetry-influx-tmpfs-1,19.036520174,27956.3085938
telemetry-influx-tmpfs-1,19.537284666,27999.6445312
telemetry-influx-tmpfs-1,20.037986016,28002.1015625
telemetry-influx-tmpfs-1,20.538948983,27998.3632812
telemetry-influx-tmpfs-1,21.0396076799,28001.3085938
telemetry-influx-tmpfs-1,21.5406451799,27989.1953125
telemetry-influx-tmpfs-1,22.041560364,27972.2695312
telemetry-influx-tmpfs-1,22.5423157279,27963.2734375
telemetry-influx-tmpfs-1,23.0430342209,27917.8046875
telemetry-influx-tmpfs-1,23.544029029,27912.28125
telemetry-influx-tmpfs-1,24.044976054,27901.7851562
telemetry-influx-tmpfs-1,24.5456265559,27880.546875
telemetry-influx-tmpfs-1,25.046586856,27939.0273438
telemetry-influx-tmpfs-1,25.5474331069,27987.9492188
telemetry-influx-tmpfs-1,26.048548508,27945.984375
telemetry-influx-tmpfs-1,26.549419276,27940.4335938
telemetry-influx-tmpfs-1,27.050389185,27953.59375
telemetry-influx-tmpfs-1,27.551471352,27962.7304688
telemetry-influx-tmpfs-1,28.05242501,27969.4765625
telemetry-influx-tmpfs-1,28.55320917,27963.1484375
telemetry-influx-tmpfs-1,29.05424062,27963.8945312
telemetry-influx-tmpfs-1,29.555255506,27957.328125
telemetry-influx-tmpfs-1,30.056039175,27942.0429688
telemetry-influx-tmpfs-1,30.556870376,27937.6796875
telemetry-influx-tmpfs-1,31.057664446,27948.0546875
telemetry-influx-tmpfs-1,31.5584380249,27957.8515625
telemetry-influx-tmpfs-1,32.05923466,27971.0625
telemetry-influx-tmpfs-1,32.5601372779,27971.6484375
telemetry-influx-tmpfs-1,33.061059466,28010.0195312
telemetry-influx-tmpfs-1,33.5619735969,28036.8984375
telemetry-influx-tmpfs-1,34.062787586,28049.5390625
telemetry-influx-tmpfs-1,34.5636611179,28039.8789062
telemetry-influx-tmpfs-1,35.064581572,28039.4570312
telemetry-influx-tmpfs-1,35.565459574,28031.40625
telemetry-influx-tmpfs-1,36.0662217119,28032.3867188
telemetry-influx-tmpfs-1,36.567075446,28013.9648438
telemetry-influx-tmpfs-1,37.067883372,28006.8984375
telemetry-influx-tmpfs-1,37.568689575,28014.640625
telemetry-influx-tmpfs-1,38.069665857,28007.0742188
telemetry-influx-tmpfs-1,38.570460167,27985.234375
telemetry-influx-tmpfs-1,39.0712768299,27984.921875
telemetry-influx-tmpfs-1,39.572208826,27980.9570312
telemetry-influx-tmpfs-1,40.073079183,27976.8828125
telemetry-influx-tmpfs-1,40.573782466,27980.5664062
telemetry-influx-tmpfs-1,41.074844504,27977.4492188
telemetry-influx-tmpfs-1,41.556668481,26846.5273438
telemetry-influx-tmpfs-64,0,26845.2265625
telemetry-influx-tmpfs-64,0.502857452957,27031.4101562
telemetry-influx-tmpfs-64,1.00384703104,27814.7460938
telemetry-influx-tmpfs-64,1.50483274099,27843.78125
telemetry-influx-tmpfs-64,2.00571723597,28099.7851562
telemetry-influx-tmpfs-64,2.50647954305,28552.9609375
telemetry-influx-tmpfs-64,3.007420387,28960.6289062
telemetry-influx-tmpfs-64,3.50841440307,29007.2382812
telemetry-influx-tmpfs-64,4.00921904296,28633.375
telemetry-influx-tmpfs-64,4.51030274306,28571.8398438
telemetry-influx-tmpfs-64,5.01139273506,28554.1835938
telemetry-influx-tmpfs-64,5.51242645807,28544.2617188
telemetry-influx-tmpfs-64,6.01343375002,28532.6835938
telemetry-influx-tmpfs-64,6.51436934306,28517.1054688
telemetry-influx-tmpfs-64,7.01531210099,28509.296875
telemetry-influx-tmpfs-64,7.51631261897,28489.6445312
telemetry-influx-tmpfs-64,8.01731976098,28471.515625
telemetry-influx-tmpfs-64,8.51829314698,28449.8046875
telemetry-influx-tmpfs-64,9.01914529898,28435.7265625
telemetry-influx-tmpfs-64,9.52014341298,28423.328125
telemetry-influx-tmpfs-64,10.021089808,28412.3671875
telemetry-influx-tmpfs-64,10.5220603381,28431.015625
telemetry-influx-tmpfs-64,11.0229540201,28427.8710938
telemetry-influx-tmpfs-64,11.523708623,28420.4570312
telemetry-influx-tmpfs-64,12.024513674,28417.0976562
telemetry-influx-tmpfs-64,12.5256106691,28400.6835938
telemetry-influx-tmpfs-64,13.026652258,28456.3789062
telemetry-influx-tmpfs-64,13.527485693,29187.2070312
telemetry-influx-tmpfs-64,14.028366791,29412.71875
telemetry-influx-tmpfs-64,14.529229002,29536.1328125
telemetry-influx-tmpfs-64,15.030149937,29590.125
telemetry-influx-tmpfs-64,15.531145787,29671.546875
telemetry-influx-tmpfs-64,16.032146025,29664.8671875
telemetry-influx-tmpfs-64,16.532956516,29582.5273438
telemetry-influx-tmpfs-64,16.9921719771,27650.28125
mixed-sqlite-native-lustre-1,0,27648.7460938
mixed-sqlite-native-lustre-1,0.502862854977,27651.2304688
mixed-sqlite-native-lustre-1,1.00376811903,27649.5
mixed-sqlite-native-lustre-1,1.50474426104,27629.75
mixed-sqlite-native-lustre-1,2.00567293004,27619.6953125
mixed-sqlite-native-lustre-1,2.50664838008,27598.3789062
mixed-sqlite-native-lustre-1,3.00761472306,27588.2851562
mixed-sqlite-native-lustre-1,3.50863458007,27578.578125
mixed-sqlite-native-lustre-1,4.00963684905,27550.3203125
mixed-sqlite-native-lustre-1,4.51058618899,27537.25
mixed-sqlite-native-lustre-1,5.01150561101,27490.5117188
mixed-sqlite-native-lustre-1,5.51246238605,27489.2539062
mixed-sqlite-native-lustre-1,6.01344803697,27484.4726562
mixed-sqlite-native-lustre-1,6.51446298405,27478.6953125
mixed-sqlite-native-lustre-1,7.01540673396,27476.0351562
mixed-sqlite-native-lustre-1,7.51639636199,27469.5625
mixed-sqlite-native-lustre-1,8.01733956102,27462.4882812
mixed-sqlite-native-lustre-1,8.51837281301,27478.765625
mixed-sqlite-native-lustre-1,9.01931962802,27480.0429688
mixed-sqlite-native-lustre-1,9.29780197307,27358.453125
mixed-sqlite-native-lustre-64,0,27356.2070312
mixed-sqlite-native-lustre-64,0.50272650097,27806.0976562
mixed-sqlite-native-lustre-64,1.00369471696,28144.59375
mixed-sqlite-native-lustre-64,1.50436334393,28074.7421875
mixed-sqlite-native-lustre-64,2.00504501699,28080.296875
mixed-sqlite-native-lustre-64,2.50575182796,28043.5390625
mixed-sqlite-native-lustre-64,3.00652747194,28019.1796875
mixed-sqlite-native-lustre-64,3.507311141,28002.0039062
mixed-sqlite-native-lustre-64,4.00810941902,27976.5742188
mixed-sqlite-native-lustre-64,4.508759961,27927.3007812
mixed-sqlite-native-lustre-64,5.00952290103,27922.3789062
mixed-sqlite-native-lustre-64,5.51045855496,27867.3359375
mixed-sqlite-native-lustre-64,6.01155556994,27826.6992188
mixed-sqlite-native-lustre-64,6.51250874798,27791.8046875
mixed-sqlite-native-lustre-64,7.01349351695,27762.7890625
mixed-sqlite-native-lustre-64,7.51449131197,27606.984375
mixed-sqlite-native-lustre-64,8.01531053998,28019.1679688
mixed-sqlite-native-lustre-64,8.46608226199,28033.5703125
mixed-sqlite-native-tmpfs-1,0,28031.3359375
mixed-sqlite-native-tmpfs-1,0.502859878936,28072.8242188
mixed-sqlite-native-tmpfs-1,1.00382674299,28082.2070312
mixed-sqlite-native-tmpfs-1,1.50486092793,28084.8203125
mixed-sqlite-native-tmpfs-1,2.00589660497,28094.15625
mixed-sqlite-native-tmpfs-1,2.50693663198,28084.3007812
mixed-sqlite-native-tmpfs-1,3.00790504902,28094.3789062
mixed-sqlite-native-tmpfs-1,3.50865543401,28092.7851562
mixed-sqlite-native-tmpfs-1,4.0094943,28097.1796875
mixed-sqlite-native-tmpfs-1,4.51048701501,28097.796875
mixed-sqlite-native-tmpfs-1,5.01150040899,28098.7578125
mixed-sqlite-native-tmpfs-1,5.51248396595,28109.4960938
mixed-sqlite-native-tmpfs-1,5.61886848195,28004.5234375
mixed-sqlite-native-tmpfs-64,0,28001.5195312
mixed-sqlite-native-tmpfs-64,0.502777319052,28318.71875
mixed-sqlite-native-tmpfs-64,1.00355459598,28631.7734375
mixed-sqlite-native-tmpfs-64,1.50430420903,28644.4804688
mixed-sqlite-native-tmpfs-64,2.00510882004,28641.4101562
mixed-sqlite-native-tmpfs-64,2.50581887702,28620.9453125
mixed-sqlite-native-tmpfs-64,3.00674966199,28599.5351562
mixed-sqlite-native-tmpfs-64,3.50757914002,28588.578125
mixed-sqlite-native-tmpfs-64,4.00847414497,28561.2070312
mixed-sqlite-native-tmpfs-64,4.50928104902,28541.5117188
mixed-sqlite-native-tmpfs-64,5.01044739003,28528.7929688
mixed-sqlite-native-tmpfs-64,5.51114536403,28555.046875
mixed-sqlite-native-tmpfs-64,6.01195198798,28835.4414062
mixed-sqlite-native-tmpfs-64,6.14381236804,28730.5664062
mixed-sqlite-shifter-lustre-1,0,28726.25
mixed-sqlite-shifter-lustre-1,0.502893814002,29227.2890625
mixed-sqlite-shifter-lustre-1,1.00365908805,29679.1484375
mixed-sqlite-shifter-lustre-1,1.50453319203,29682.609375
mixed-sqlite-shifter-lustre-1,2.00539806997,29684.9609375
mixed-sqlite-shifter-lustre-1,2.50632132904,29679.5039062
mixed-sqlite-shifter-lustre-1,3.00725508004,29658.53125
mixed-sqlite-shifter-lustre-1,3.50824456697,29653.78125
mixed-sqlite-shifter-lustre-1,4.00919983897,29641.8085938
mixed-sqlite-shifter-lustre-1,4.50990323396,29654.3789062
mixed-sqlite-shifter-lustre-1,5.01088075805,29627.1015625
mixed-sqlite-shifter-lustre-1,5.51183212304,29617.7265625
mixed-sqlite-shifter-lustre-1,6.01283242099,29610.5039062
mixed-sqlite-shifter-lustre-1,6.51380115002,29594.984375
mixed-sqlite-shifter-lustre-1,7.01476833399,29588.546875
mixed-sqlite-shifter-lustre-1,7.51571396703,29581.4453125
mixed-sqlite-shifter-lustre-1,8.01672771201,29574.7460938
mixed-sqlite-shifter-lustre-1,8.51767625101,29570.515625
mixed-sqlite-shifter-lustre-1,9.01864014997,29562.4023438
mixed-sqlite-shifter-lustre-1,9.51962362602,29559.953125
mixed-sqlite-shifter-lustre-1,10.02063676,29557.2382812
mixed-sqlite-shifter-lustre-1,10.521593945,29559.2460938
mixed-sqlite-shifter-lustre-1,10.6230528681,29474.7734375
mixed-sqlite-shifter-lustre-64,0,29410.0507812
mixed-sqlite-shifter-lustre-64,0.503008735948,29040.625
mixed-sqlite-shifter-lustre-64,1.00370835303,29458.46875
mixed-sqlite-shifter-lustre-64,1.50453430496,30037.0625
mixed-sqlite-shifter-lustre-64,2.00515202293,30030.5
mixed-sqlite-shifter-lustre-64,2.50574203697,29992.3476562
mixed-sqlite-shifter-lustre-64,3.00637845194,29959.015625
mixed-sqlite-shifter-lustre-64,3.50704831094,29919.0585938
mixed-sqlite-shifter-lustre-64,4.00763594196,29853.421875
mixed-sqlite-shifter-lustre-64,4.50826138502,29810.421875
mixed-sqlite-shifter-lustre-64,5.00887009595,29768.5234375
mixed-sqlite-shifter-lustre-64,5.50951427594,29701.6679688
mixed-sqlite-shifter-lustre-64,6.01023386198,29676.3046875
mixed-sqlite-shifter-lustre-64,6.510924962,29541.1445312
mixed-sqlite-shifter-lustre-64,7.01149462804,29392.96875
mixed-sqlite-shifter-lustre-64,7.51211432996,29356.1445312
mixed-sqlite-shifter-lustre-64,8.01279396797,29338.3867188
mixed-sqlite-shifter-lustre-64,8.51381463604,29102.28125
mixed-sqlite-shifter-lustre-64,9.01466059696,29314.3320312
mixed-sqlite-shifter-lustre-64,9.25814530603,29419.1171875
mixed-sqlite-shifter-tmpfs-1,0,29388.1132812
mixed-sqlite-shifter-tmpfs-1,0.502881711,29042.25
mixed-sqlite-shifter-tmpfs-1,1.00385837397,29466.234375
mixed-sqlite-shifter-tmpfs-1,1.50484858395,29465.2382812
mixed-sqlite-shifter-tmpfs-1,2.00587111595,29470.1796875
mixed-sqlite-shifter-tmpfs-1,2.50692001893,29474.6015625
mixed-sqlite-shifter-tmpfs-1,3.00785362895,29480.8984375
mixed-sqlite-shifter-tmpfs-1,3.50883788697,29485.5078125
mixed-sqlite-shifter-tmpfs-1,4.00978671596,29489.3085938
mixed-sqlite-shifter-tmpfs-1,4.51095131296,29493.9257812
mixed-sqlite-shifter-tmpfs-1,5.011978845,29473.8046875
mixed-sqlite-shifter-tmpfs-1,5.51298534602,29479.6953125
mixed-sqlite-shifter-tmpfs-1,6.01395826193,29483.9023438
mixed-sqlite-shifter-tmpfs-1,6.51503858599,29502.7734375
mixed-sqlite-shifter-tmpfs-1,6.73594983004,29379.234375
mixed-sqlite-shifter-tmpfs-64,0,29344.2773438
mixed-sqlite-shifter-tmpfs-64,0.502955975011,29042.7109375
mixed-sqlite-shifter-tmpfs-64,1.00355676003,29537.03125
mixed-sqlite-shifter-tmpfs-64,1.50468590902,30159.328125
mixed-sqlite-shifter-tmpfs-64,2.00554511405,30168.890625
mixed-sqlite-shifter-tmpfs-64,2.506535394,30169.40625
mixed-sqlite-shifter-tmpfs-64,3.007457542,30153.421875
mixed-sqlite-shifter-tmpfs-64,3.50812946504,30125.65625
mixed-sqlite-shifter-tmpfs-64,4.00885348895,30111.2148438
mixed-sqlite-shifter-tmpfs-64,4.50963834103,30086.9453125
mixed-sqlite-shifter-tmpfs-64,5.01052574196,30051.4375
mixed-sqlite-shifter-tmpfs-64,5.51145895105,30023.8085938
mixed-sqlite-shifter-tmpfs-64,6.01198138506,29982.4101562
mixed-sqlite-shifter-tmpfs-64,6.51292215905,30498.6054688
mixed-sqlite-shifter-tmpfs-64,6.61995362805,30261.34375
mixed-postgres-lustre-1,0,30198.8359375
mixed-postgres-lustre-1,0.503086357028,29370.1914062
mixed-postgres-lustre-1,1.00396120304,30076.515625
mixed-postgres-lustre-1,1.50485540694,30210.9101562
mixed-postgres-lustre-1,2.00548523804,30330.5546875
mixed-postgres-lustre-1,2.50646476704,30313.7382812
mixed-postgres-lustre-1,3.00748607703,30282.3320312
mixed-postgres-lustre-1,3.50812175998,30051.6367188
mixed-postgres-lustre-1,4.00897140696,30164.4453125
mixed-postgres-lustre-1,4.50966158602,30157.4960938
mixed-postgres-lustre-1,5.01055502798,30137.4179688
mixed-postgres-lustre-1,5.51155621896,30129.0898438
mixed-postgres-lustre-1,6.01251074404,30114.5859375
mixed-postgres-lustre-1,6.51314195304,30109.921875
mixed-postgres-lustre-1,7.01400454005,30119.1015625
mixed-postgres-lustre-1,7.51497948496,30117.171875
mixed-postgres-lustre-1,8.01601121901,30115.6132812
mixed-postgres-lustre-1,8.51695966301,30110.3710938
mixed-postgres-lustre-1,9.01797477505,30110.1796875
mixed-postgres-lustre-1,9.51865298499,30104.2851562
mixed-postgres-lustre-1,10.019491486,30106.1132812
mixed-postgres-lustre-1,10.520493803,30104.6640625
mixed-postgres-lustre-1,11.021330049,30111.4882812
mixed-postgres-lustre-1,11.522345493,30069.078125
mixed-postgres-lustre-1,12.023232908,30043.640625
mixed-postgres-lustre-1,12.524186,30036.1445312
mixed-postgres-lustre-1,13.025123332,30032.1445312
mixed-postgres-lustre-1,13.526079089,30027.3828125
mixed-postgres-lustre-1,14.027029847,30019.8359375
mixed-postgres-lustre-1,14.528010031,30018.9609375
mixed-postgres-lustre-1,15.028629588,30018.5820312
mixed-postgres-lustre-1,15.529480543,30013.125
mixed-postgres-lustre-1,16.030244178,30008.921875
mixed-postgres-lustre-1,16.531242268,30008.8125
mixed-postgres-lustre-1,17.032101117,30000.390625
mixed-postgres-lustre-1,17.532970157,30005.609375
mixed-postgres-lustre-1,18.0338894239,29996.3867188
mixed-postgres-lustre-1,18.53483413,29999.1875
mixed-postgres-lustre-1,19.03582226,29992.375
mixed-postgres-lustre-1,19.53678429,29994.125
mixed-postgres-lustre-1,20.0377282749,29979.6523438
mixed-postgres-lustre-1,20.5383417989,29976.1171875
mixed-postgres-lustre-1,21.03912884,29976.2929688
mixed-postgres-lustre-1,21.540225791,30127.6914062
mixed-postgres-lustre-1,22.041250302,30821.6796875
mixed-postgres-lustre-1,22.542209666,30755.7929688
mixed-postgres-lustre-1,23.043156857,28705.2109375
mixed-postgres-lustre-1,23.165190627,28617.9804688
mixed-postgres-lustre-64,0,28615.2421875
mixed-postgres-lustre-64,0.50279776298,28745.890625
mixed-postgres-lustre-64,1.00371244096,29464.1289062
mixed-postgres-lustre-64,1.50471730297,29721.1445312
mixed-postgres-lustre-64,2.00569652603,29672.2265625
mixed-postgres-lustre-64,2.50642802997,29669.8632812
mixed-postgres-lustre-64,3.00703073398,29516.4726562
mixed-postgres-lustre-64,3.50774758903,29475.0117188
mixed-postgres-lustre-64,4.00855389703,29813.3046875
mixed-postgres-lustre-64,4.50947550801,30274.7226562
mixed-postgres-lustre-64,5.01025042497,30669.9023438
mixed-postgres-lustre-64,5.51112295105,30562.3632812
mixed-postgres-lustre-64,6.01190856902,30469.4023438
mixed-postgres-lustre-64,6.51272370503,30366.0703125
mixed-postgres-lustre-64,7.01360665099,30233.3945312
mixed-postgres-lustre-64,7.514507132,29944.5234375
mixed-postgres-lustre-64,8.01549561298,29444.5820312
mixed-postgres-lustre-64,8.51618728903,29463.484375
mixed-postgres-lustre-64,9.01698357705,29847.8398438
mixed-postgres-lustre-64,9.51784340898,30339.2851562
mixed-postgres-lustre-64,10.019101181,29836.734375
mixed-postgres-lustre-64,10.520061748,30527.8320312
mixed-postgres-lustre-64,11.021006143,30663.2734375
mixed-postgres-lustre-64,11.521972501,28486.0234375
mixed-postgres-lustre-64,11.677369255,28407.6953125
mixed-postgres-tmpfs-1,0,28401.6289062
mixed-postgres-tmpfs-1,0.502983042039,28527.4335938
mixed-postgres-tmpfs-1,1.00376126508,29176.0976562
mixed-postgres-tmpfs-1,1.50464762899,29483.7460938
mixed-postgres-tmpfs-1,2.00559465901,29514.1953125
mixed-postgres-tmpfs-1,2.50653381506,29496.8515625
mixed-postgres-tmpfs-1,3.007462329,29514.7304688
mixed-postgres-tmpfs-1,3.50843747403,29505.3554688
mixed-postgres-tmpfs-1,4.00942834001,29526.25
mixed-postgres-tmpfs-1,4.51040232205,29554.8984375
mixed-postgres-tmpfs-1,5.01133640809,29561.2851562
mixed-postgres-tmpfs-1,5.51229592203,29575.3476562
mixed-postgres-tmpfs-1,6.01329158701,29581.2148438
mixed-postgres-tmpfs-1,6.51424362708,29602.8554688
mixed-postgres-tmpfs-1,7.01522378204,29608.5039062
mixed-postgres-tmpfs-1,7.51617659407,29609.1953125
mixed-postgres-tmpfs-1,8.01712503703,29622.9609375
mixed-postgres-tmpfs-1,8.51816529909,29626.4023438
mixed-postgres-tmpfs-1,9.01912876102,29649.2773438
mixed-postgres-tmpfs-1,9.52008504909,29654.6171875
mixed-postgres-tmpfs-1,10.0210624291,29667.4414062
mixed-postgres-tmpfs-1,10.5220599171,29678.96875
mixed-postgres-tmpfs-1,11.02304461,29699.8867188
mixed-postgres-tmpfs-1,11.5240234621,29710.34375
mixed-postgres-tmpfs-1,12.0249805021,29716
mixed-postgres-tmpfs-1,12.5259968371,29735.2773438
mixed-postgres-tmpfs-1,13.026985308,29755.65625
mixed-postgres-tmpfs-1,13.5279518761,29755.2460938
mixed-postgres-tmpfs-1,14.028945717,29773.3476562
mixed-postgres-tmpfs-1,14.5300011671,29788.0507812
mixed-postgres-tmpfs-1,15.030901809,30417.3515625
mixed-postgres-tmpfs-1,15.5319013811,29163.5234375
mixed-postgres-tmpfs-1,15.7696493771,28266.96875
mixed-postgres-tmpfs-64,0,28264.96875
mixed-postgres-tmpfs-64,0.502996027004,28379.2265625
mixed-postgres-tmpfs-64,1.00395456899,29024.8789062
mixed-postgres-tmpfs-64,1.50493618706,29210.9453125
mixed-postgres-tmpfs-64,2.00556626404,29410.0664062
mixed-postgres-tmpfs-64,2.50642256904,29874.4140625
mixed-postgres-tmpfs-64,3.00725342403,30221.921875
mixed-postgres-tmpfs-64,3.50821448199,30548.0507812
mixed-postgres-tmpfs-64,4.00901513908,30609.03125
mixed-postgres-tmpfs-64,4.50972057204,30676.15625
mixed-postgres-tmpfs-64,5.01046274602,30717.8632812
mixed-postgres-tmpfs-64,5.51121804502,30737.75
mixed-postgres-tmpfs-64,6.01241135306,29913.6992188
mixed-postgres-tmpfs-64,6.51329910906,30523.65625
mixed-postgres-tmpfs-64,7.01410652907,31065.0273438
mixed-postgres-tmpfs-64,7.51518282003,30664.5625
mixed-postgres-tmpfs-64,8.01613603299,31409.7070312
mixed-postgres-tmpfs-64,8.51696740906,29032.8320312
mixed-postgres-tmpfs-64,8.57988008403,28907.8164062
mixed-influx-lustre-1,0,28892.4375
mixed-influx-lustre-1,0.502794386004,29047.7851562
mixed-influx-lustre-1,1.00362670503,29819.0351562
mixed-influx-lustre-1,1.50458469603,29903.6367188
mixed-influx-lustre-1,2.00546898507,29929.890625
mixed-influx-lustre-1,2.50638625806,29958.7148438
mixed-influx-lustre-1,3.00716100505,29901.8007812
mixed-influx-lustre-1,3.508194183,29806.2929688
mixed-influx-lustre-1,4.00916375709,29800.640625
mixed-influx-lustre-1,4.51018679503,29784.1640625
mixed-influx-lustre-1,5.011224802,29741.2773438
mixed-influx-lustre-1,5.51221171906,29717.9570312
mixed-influx-lustre-1,6.01294217107,29711.2578125
mixed-influx-lustre-1,6.5139182671,29688.1054688
mixed-influx-lustre-1,7.01492400107,29685.1953125
mixed-influx-lustre-1,7.51560942607,29670.1601562
mixed-influx-lustre-1,8.01620943507,29651.109375
mixed-influx-lustre-1,8.51715541305,29640.5429688
mixed-influx-lustre-1,9.018164824,29622.9492188
mixed-influx-lustre-1,9.51910384907,29575.234375
mixed-influx-lustre-1,10.0198648501,29567.3828125
mixed-influx-lustre-1,10.5207145021,29552.9335938
mixed-influx-lustre-1,11.0217864021,29507.5117188
mixed-influx-lustre-1,11.522889227,29451.0078125
mixed-influx-lustre-1,12.0238507581,29429.7304688
mixed-influx-lustre-1,12.5244498571,29412.5742188
mixed-influx-lustre-1,13.025283972,29379.875
mixed-influx-lustre-1,13.5262448221,29338.4648438
mixed-influx-lustre-1,14.0268618261,29327.2773438
mixed-influx-lustre-1,14.5276255851,29297.2890625
mixed-influx-lustre-1,15.0282144541,29265.4921875
mixed-influx-lustre-1,15.5290467851,29250.6210938
mixed-influx-lustre-1,16.029863807,29234.4765625
mixed-influx-lustre-1,16.5307471871,29220.5117188
mixed-influx-lustre-1,17.0314710081,29170.3046875
mixed-influx-lustre-1,17.532102069,29122.2773438
mixed-influx-lustre-1,18.032845819,29101.59375
mixed-influx-lustre-1,18.533697978,29086.8828125
mixed-influx-lustre-1,19.0346139111,29077.6484375
mixed-influx-lustre-1,19.5355529391,29074.8945312
mixed-influx-lustre-1,20.0365209221,29075.1523438
mixed-influx-lustre-1,20.537532049,29061.5820312
mixed-influx-lustre-1,21.03853489,29054.84375
mixed-influx-lustre-1,21.5396834541,29051.8867188
mixed-influx-lustre-1,22.04052884,29035.4960938
mixed-influx-lustre-1,22.5411780861,29006.9335938
mixed-influx-lustre-1,23.042320888,29001.8203125
mixed-influx-lustre-1,23.5433252321,28993.3242188
mixed-influx-lustre-1,24.0443339151,28966.3984375
mixed-influx-lustre-1,24.5452852061,28996.4882812
mixed-influx-lustre-1,25.046305391,28983.8867188
mixed-influx-lustre-1,25.5473680481,28975.5976562
mixed-influx-lustre-1,26.0482502851,28950.109375
mixed-influx-lustre-1,26.5494114531,28918.9140625
mixed-influx-lustre-1,27.0504867251,28909.8867188
mixed-influx-lustre-1,27.5513327521,28899.609375
mixed-influx-lustre-1,28.0522896741,28881.9765625
mixed-influx-lustre-1,28.5531482761,28878.1953125
mixed-influx-lustre-1,29.053835727,28923.546875
mixed-influx-lustre-1,29.554910497,28900.0117188
mixed-influx-lustre-1,30.0559231271,28884.0429688
mixed-influx-lustre-1,30.5565977631,28849.984375
mixed-influx-lustre-1,31.0575940411,28844.890625
mixed-influx-lustre-1,31.5585721941,28833.4960938
mixed-influx-lustre-1,32.05939682,28818.5742188
mixed-influx-lustre-1,32.560246596,28791.7539062
mixed-influx-lustre-1,33.0610430271,28780.9453125
mixed-influx-lustre-1,33.561895897,28768.296875
mixed-influx-lustre-1,34.062968526,28756.9414062
mixed-influx-lustre-1,34.5636853521,28740.5507812
mixed-influx-lustre-1,35.0646063751,28731.359375
mixed-influx-lustre-1,35.565560051,28718.5664062
mixed-influx-lustre-1,36.0665377231,28710.46875
mixed-influx-lustre-1,36.567642341,28729.2109375
mixed-influx-lustre-1,37.068599554,28730.8398438
mixed-influx-lustre-1,37.5698137941,28724.90625
mixed-influx-lustre-1,38.0707341561,28725.0585938
mixed-influx-lustre-1,38.5716499981,28714.8164062
mixed-influx-lustre-1,39.0725753601,28700.3867188
mixed-influx-lustre-1,39.5735263501,28689.6445312
mixed-influx-lustre-1,40.074479536,28675.5585938
mixed-influx-lustre-1,40.5755287871,28655.3945312
mixed-influx-lustre-1,41.0764374251,28650.9492188
mixed-influx-lustre-1,41.5771914241,28633.5742188
mixed-influx-lustre-1,42.078280673,28626.234375
mixed-influx-lustre-1,42.5793781781,28594.75
mixed-influx-lustre-1,43.080353796,28591.7148438
mixed-influx-lustre-1,43.5813278621,28569.8085938
mixed-influx-lustre-1,44.08211729,28565.1875
mixed-influx-lustre-1,44.58317143,28552.3203125
mixed-influx-lustre-1,45.084195893,28548.2460938
mixed-influx-lustre-1,45.585269541,28538.5078125
mixed-influx-lustre-1,46.086278293,28532.4023438
mixed-influx-lustre-1,46.587340279,28499.171875
mixed-influx-lustre-1,47.08821401,28501.84375
mixed-influx-lustre-1,47.5889373311,28487.7734375
mixed-influx-lustre-1,48.0899034101,28476.2265625
mixed-influx-lustre-1,48.5909229841,28463.0078125
mixed-influx-lustre-1,49.091886188,28454.7265625
mixed-influx-lustre-1,49.592846788,28445.9570312
mixed-influx-lustre-1,50.093608943,28437.5429688
mixed-influx-lustre-1,50.5945042061,28404.546875
mixed-influx-lustre-1,51.095502899,28401.0078125
mixed-influx-lustre-1,51.596569504,28387.015625
mixed-influx-lustre-1,52.097568096,28371.8398438
mixed-influx-lustre-1,52.5985925191,28356.3007812
mixed-influx-lustre-1,53.0995835781,28350.3007812
mixed-influx-lustre-1,53.6009664841,28340.0976562
mixed-influx-lustre-1,54.101532239,27901.1679688
mixed-influx-lustre-1,54.2945699961,27151.2109375
mixed-influx-lustre-64,0,27149.1289062
mixed-influx-lustre-64,0.502442787983,27302.2070312
mixed-influx-lustre-64,1.003412124,28089.953125
mixed-influx-lustre-64,1.50435705297,28164.59375
mixed-influx-lustre-64,2.00547441596,28180.140625
mixed-influx-lustre-64,2.50629259995,28805.125
mixed-influx-lustre-64,3.00714145193,29154.0039062
mixed-influx-lustre-64,3.50842312293,29026.375
mixed-influx-lustre-64,4.00956363091,29011.21875
mixed-influx-lustre-64,4.510480706,28686.7578125
mixed-influx-lustre-64,5.01154936396,28676.640625
mixed-influx-lustre-64,5.512419148,28662.3007812
mixed-influx-lustre-64,6.01310158893,28660.9882812
mixed-influx-lustre-64,6.51407929196,28653.7617188
mixed-influx-lustre-64,7.01479405491,28645.9140625
mixed-influx-lustre-64,7.51563599496,28631.4570312
mixed-influx-lustre-64,8.01659879799,28624.796875
mixed-influx-lustre-64,8.51753929793,28614.78125
mixed-influx-lustre-64,9.01848603098,28670.1953125
mixed-influx-lustre-64,9.5194323929,28669.5195312
mixed-influx-lustre-64,10.0203879829,28669.6132812
mixed-influx-lustre-64,10.521386115,28671.046875
mixed-influx-lustre-64,11.0223454509,28666.2578125
mixed-influx-lustre-64,11.523354284,28658.0195312
mixed-influx-lustre-64,12.024317879,28654.2382812
mixed-influx-lustre-64,12.5251210839,28641.8085938
mixed-influx-lustre-64,13.026142771,28640.6210938
mixed-influx-lustre-64,13.526947479,29036.1992188
mixed-influx-lustre-64,14.027840487,29409.5585938
mixed-influx-lustre-64,14.5289365889,29501.8046875
mixed-influx-lustre-64,15.029813977,29553.8320312
mixed-influx-lustre-64,15.530800767,29636.1679688
mixed-influx-lustre-64,16.0318157419,29714.328125
mixed-influx-lustre-64,16.532717126,29756.84375
mixed-influx-lustre-64,17.033676764,29835.2226562
mixed-influx-lustre-64,17.5346332559,29902.9101562
mixed-influx-lustre-64,18.03558085,29965.4023438
mixed-influx-lustre-64,18.53657289,30013.3007812
mixed-influx-lustre-64,19.0375049029,30091.2109375
mixed-influx-lustre-64,19.538580355,29801.3789062
mixed-influx-lustre-64,19.8946175539,28119.734375
mixed-influx-tmpfs-1,0,28110.1796875
mixed-influx-tmpfs-1,0.502710676985,28282.7421875
mixed-influx-tmpfs-1,1.00372243498,29047.6679688
mixed-influx-tmpfs-1,1.50474730798,29114.8984375
mixed-influx-tmpfs-1,2.00571711396,29138.859375
mixed-influx-tmpfs-1,2.50673232705,29115.0390625
mixed-influx-tmpfs-1,3.00763454102,29103.9648438
mixed-influx-tmpfs-1,3.50867141597,29050.921875
mixed-influx-tmpfs-1,4.00975423004,29020.7773438
mixed-influx-tmpfs-1,4.51073774206,28971.7304688
mixed-influx-tmpfs-1,5.01173013099,28914.0195312
mixed-influx-tmpfs-1,5.512713923,28876.5390625
mixed-influx-tmpfs-1,6.01339014003,28846.0703125
mixed-influx-tmpfs-1,6.51445770497,28794.609375
mixed-influx-tmpfs-1,7.01510819199,28779.0703125
mixed-influx-tmpfs-1,7.51597281301,28754.5703125
mixed-influx-tmpfs-1,8.01704334305,28726.0273438
mixed-influx-tmpfs-1,8.51800631604,28695.2304688
mixed-influx-tmpfs-1,9.01898511802,28676.8945312
mixed-influx-tmpfs-1,9.52012769796,28683.3671875
mixed-influx-tmpfs-1,10.021081041,28649.8671875
mixed-influx-tmpfs-1,10.521674578,28617.2382812
mixed-influx-tmpfs-1,11.022570951,28577.6679688
mixed-influx-tmpfs-1,11.523523553,28570.5820312
mixed-influx-tmpfs-1,12.024338428,28549.1484375
mixed-influx-tmpfs-1,12.525315357,28534.4726562
mixed-influx-tmpfs-1,13.025974431,28526.328125
mixed-influx-tmpfs-1,13.526674595,28483.4765625
mixed-influx-tmpfs-1,14.0277325501,28472.9960938
mixed-influx-tmpfs-1,14.528937371,28440.859375
mixed-influx-tmpfs-1,15.030018962,28423.9882812
mixed-influx-tmpfs-1,15.530715048,28377.15625
mixed-influx-tmpfs-1,16.031620739,28363.7421875
mixed-influx-tmpfs-1,16.532640651,28361.1015625
mixed-influx-tmpfs-1,17.033683909,28345.4960938
mixed-influx-tmpfs-1,17.534552949,28320.4453125
mixed-influx-tmpfs-1,18.035510921,28315.4960938
mixed-influx-tmpfs-1,18.53657072,28292.8515625
mixed-influx-tmpfs-1,19.037301182,28288.7695312
mixed-influx-tmpfs-1,19.538286878,28265.5
mixed-influx-tmpfs-1,20.039248187,28252.1914062
mixed-influx-tmpfs-1,20.540486823,28234.4335938
mixed-influx-tmpfs-1,21.041503088,28232.9492188
mixed-influx-tmpfs-1,21.542499555,28232.171875
mixed-influx-tmpfs-1,22.043585695,28284.3828125
mixed-influx-tmpfs-1,22.544446539,28284.3398438
mixed-influx-tmpfs-1,23.045474648,28285.0039062
mixed-influx-tmpfs-1,23.546492766,28279.1171875
mixed-influx-tmpfs-1,24.047341487,28275.5351562
mixed-influx-tmpfs-1,24.548138218,28263.5742188
mixed-influx-tmpfs-1,25.048842298,28222.2382812
mixed-influx-tmpfs-1,25.549834196,28218.859375
mixed-influx-tmpfs-1,26.050818029,28250.8554688
mixed-influx-tmpfs-1,26.55182749,28221.9453125
mixed-influx-tmpfs-1,27.052989127,28219.0585938
mixed-influx-tmpfs-1,27.55399413,28195.6914062
mixed-influx-tmpfs-1,28.054944237,28193.3710938
mixed-influx-tmpfs-1,28.556091105,28189.484375
mixed-influx-tmpfs-1,29.057190922,28177.8164062
mixed-influx-tmpfs-1,29.5581985509,28166.9296875
mixed-influx-tmpfs-1,30.059030218,28167.9453125
mixed-influx-tmpfs-1,30.559815345,28151.34375
mixed-influx-tmpfs-1,31.0608683421,28146.0039062
mixed-influx-tmpfs-1,31.561683538,28143.0507812
mixed-influx-tmpfs-1,32.062518792,28135.5234375
mixed-influx-tmpfs-1,32.563522985,28128.5859375
mixed-influx-tmpfs-1,33.064565861,28099.8984375
mixed-influx-tmpfs-1,33.565556637,28093.984375
mixed-influx-tmpfs-1,34.066401741,28082.765625
mixed-influx-tmpfs-1,34.567319676,28065.6054688
mixed-influx-tmpfs-1,35.068431205,28055.2070312
mixed-influx-tmpfs-1,35.5694068921,28044.9492188
mixed-influx-tmpfs-1,36.0703681411,28034.4882812
mixed-influx-tmpfs-1,36.571353646,28019.8984375
mixed-influx-tmpfs-1,37.072389098,28011.6914062
mixed-influx-tmpfs-1,37.57318657,27995.7070312
mixed-influx-tmpfs-1,38.0743274461,28024.7734375
mixed-influx-tmpfs-1,38.575325046,28014.6757812
mixed-influx-tmpfs-1,39.076327494,28010.0273438
mixed-influx-tmpfs-1,39.5773125091,28004.5117188
mixed-influx-tmpfs-1,40.0783301661,28003.484375
mixed-influx-tmpfs-1,40.579375428,27979.1914062
mixed-influx-tmpfs-1,41.080369169,27972.6601562
mixed-influx-tmpfs-1,41.581311521,27953.2070312
mixed-influx-tmpfs-1,42.082280335,27936.1796875
mixed-influx-tmpfs-1,42.583235321,27922.5742188
mixed-influx-tmpfs-1,43.0842147249,27915.578125
mixed-influx-tmpfs-1,43.585119314,27906.9570312
mixed-influx-tmpfs-1,44.0860222001,27891.1367188
mixed-influx-tmpfs-1,44.587005952,27891.9101562
mixed-influx-tmpfs-1,45.088119325,27875.4257812
mixed-influx-tmpfs-1,45.589314928,27853.90625
mixed-influx-tmpfs-1,46.090036783,27847.6015625
mixed-influx-tmpfs-1,46.591016236,27835.7539062
mixed-influx-tmpfs-1,47.0920792021,27819.9960938
mixed-influx-tmpfs-1,47.593292709,27813.375
mixed-influx-tmpfs-1,48.094113035,27799.890625
mixed-influx-tmpfs-1,48.595055267,27798.8242188
mixed-influx-tmpfs-1,49.095990545,27787.90625
mixed-influx-tmpfs-1,49.596915865,27781.1445312
mixed-influx-tmpfs-1,50.097860381,27774.6601562
mixed-influx-tmpfs-1,50.5985290341,27475.0273438
mixed-influx-tmpfs-1,50.793496254,26519.9921875
mixed-influx-tmpfs-64,0,26518.234375
mixed-influx-tmpfs-64,0.502803565003,26680.4375
mixed-influx-tmpfs-64,1.00374127796,27480.7265625
mixed-influx-tmpfs-64,1.50490970793,27530.9609375
mixed-influx-tmpfs-64,2.005685337,27807.4882812
mixed-influx-tmpfs-64,2.506585708,28350.3789062
mixed-influx-tmpfs-64,3.00754699693,28598.9101562
mixed-influx-tmpfs-64,3.50870113901,28540.890625
mixed-influx-tmpfs-64,4.00986106193,28603.9960938
mixed-influx-tmpfs-64,4.51088988094,28334.0820312
mixed-influx-tmpfs-64,5.01173615793,28313.4882812
mixed-influx-tmpfs-64,5.51280257001,28310.296875
mixed-influx-tmpfs-64,6.01353663893,28310.09375
mixed-influx-tmpfs-64,6.51418647496,28295
mixed-influx-tmpfs-64,7.01521323994,28296.1953125
mixed-influx-tmpfs-64,7.51631284703,28284.0078125
mixed-influx-tmpfs-64,8.01734627492,28269.7617188
mixed-influx-tmpfs-64,8.51835342299,28264.0820312
mixed-influx-tmpfs-64,9.01928203797,28326.0507812
mixed-influx-tmpfs-64,9.52022242697,28337.1289062
mixed-influx-tmpfs-64,10.02113453,28337.3125
mixed-influx-tmpfs-64,10.5219143779,28338.5390625
mixed-influx-tmpfs-64,11.022961512,28341.1914062
mixed-influx-tmpfs-64,11.523936878,28343.7109375
mixed-influx-tmpfs-64,12.024690034,28348.734375
mixed-influx-tmpfs-64,12.525511352,28349.1054688
mixed-influx-tmpfs-64,13.026355244,28366.9609375
mixed-influx-tmpfs-64,13.527174597,29020.0117188
mixed-influx-tmpfs-64,14.028352716,29173.078125
mixed-influx-tmpfs-64,14.52934219,29292.1679688
mixed-influx-tmpfs-64,15.0303051419,29352.2070312
mixed-influx-tmpfs-64,15.531339281,29384.1015625
mixed-influx-tmpfs-64,16.032384109,29476.65625
mixed-influx-tmpfs-64,16.5334646549,29542.640625
mixed-influx-tmpfs-64,17.034309976,29618.2382812
mixed-influx-tmpfs-64,17.535236785,29683.9609375
mixed-influx-tmpfs-64,18.036398988,29739.0273438
mixed-influx-tmpfs-64,18.537317561,29771.3242188
mixed-influx-tmpfs-64,19.038122043,29626.5976562
mixed-influx-tmpfs-64,19.469660105,27871.484375
