study,deployment,workload,count,min,median,max,under_50ms
baseline,influx,metadata,30,6.44346858806,10.1238353705,77.170650036,0
baseline,influx,telemetry,30,2.29537718999,4.88246092951,20.147135178,0
baseline,postgres,metadata,30,0.294529880048,0.907582100946,10.621948277,0
baseline,postgres,telemetry,30,0.439708831022,1.47436323244,15.7746959991,0
baseline,sqlite-native,metadata,30,0.411563973059,1.61209973798,16.405534726,0
baseline,sqlite-native,telemetry,30,0.734145974973,1.79660184449,22.046580032,0
baseline,sqlite-shifter,metadata,30,0.433444501017,1.61735403596,16.979969055,0
baseline,sqlite-shifter,telemetry,30,0.678252974059,1.92372926651,24.171370082,0
mixed-pilots,influx,mixed,30,5.28388955304,6.87624908448,24.877479807,0
mixed-pilots,postgres,mixed,30,0.0133142570266,0.0283787630033,0.225727900979,20
mixed-pilots,sqlite-native,mixed,30,0.0111078380141,0.0306454484817,0.312249190058,20
mixed-pilots,sqlite-shifter,mixed,30,0.0116009589983,0.0320264784968,0.332621484995,20
read1024,postgres,metadata,30,0.0124447509879,0.0224222414545,0.18077611702,20
read1024,postgres,telemetry,30,0.0143675690051,0.0323350465042,0.257723224,20
read1024,sqlite-native,metadata,30,0.0075961019611,0.0283634350053,0.269880446023,20
read1024,sqlite-native,telemetry,30,0.0127614069497,0.0333470629994,0.37500583299,20
read1024,sqlite-shifter,metadata,30,0.00769542797934,0.0291382680298,0.272966063931,20
read1024,sqlite-shifter,telemetry,30,0.0137967830524,0.0342337510665,0.399618151016,20
size-calibration,influx,metadata,4,20.9687525909,46.068572503,91.696219045,0
size-calibration,influx,mixed,4,10.803129333,23.133039807,33.717176648,0
size-calibration,influx,telemetry,4,3.25832889194,11.645458149,25.4481176459,0
size-calibration,postgres,metadata,4,0.0142074379837,0.121209583478,0.226966258953,2
size-calibration,postgres,mixed,4,0.0193520049797,0.146747187478,0.336712392047,2
size-calibration,postgres,telemetry,4,0.0958832360338,0.194832242501,0.370158051956,0
size-calibration,sqlite-native,metadata,4,0.0100865510758,0.0572061754647,0.257825601031,2
size-calibration,sqlite-native,mixed,4,0.0120556260226,0.080022168986,0.324453426059,2
size-calibration,sqlite-native,telemetry,4,0.0123252350604,0.0988924169797,0.367361119017,2
size-calibration,sqlite-shifter,metadata,4,0.0137712379219,0.0616031424724,0.277461620048,2
size-calibration,sqlite-shifter,mixed,4,0.0130263969768,0.0858693405171,0.344123465009,2
size-calibration,sqlite-shifter,telemetry,4,0.0145003260113,0.109587564541,0.391328844009,2
sql-repeats,postgres,metadata,90,0.0120742769213,0.0220904094749,0.179150459007,60
sql-repeats,postgres,telemetry,90,0.0142169420142,0.0328540730407,0.306676485925,60
sql-repeats,sqlite-native,metadata,90,0.00774899299722,0.0288220710354,0.271119388985,60
sql-repeats,sqlite-native,telemetry,90,0.0118144999724,0.0324880779954,0.37243999599,60
sql-repeats,sqlite-shifter,metadata,90,0.00783784897067,0.0294909469667,0.283742735977,60
sql-repeats,sqlite-shifter,telemetry,90,0.0133737169672,0.0347318114946,0.409608818009,60
system-measurements,influx,metadata,4,7.71931509499,39.2659603775,76.016287409,0
system-measurements,influx,mixed,4,5.40083797404,14.9352666445,24.775239542,0
system-measurements,influx,telemetry,4,2.68466755899,9.33474394149,15.949549671,0
system-measurements,postgres,metadata,4,0.0149560070131,0.0890100520337,0.175559581956,2
system-measurements,postgres,mixed,4,0.0152657509316,0.111159219523,0.218896173988,2
system-measurements,postgres,telemetry,4,0.0151033550501,0.131039895932,0.253840302932,2
system-measurements,sqlite-native,metadata,4,0.0137768780114,0.0583050445421,0.25575115392,2
system-measurements,sqlite-native,mixed,4,0.0132660389645,0.0784388774773,0.32037366298,2
system-measurements,sqlite-native,telemetry,4,0.0143774689641,0.0972582420218,0.362309730961,2
system-measurements,sqlite-shifter,metadata,4,0.0155172819505,0.060341870063,0.268070233986,2
system-measurements,sqlite-shifter,mixed,4,0.0157204400748,0.0868601389811,0.325893156929,2
system-measurements,sqlite-shifter,telemetry,4,0.0165245759999,0.109587351501,0.40166172199,2
