study,run_id,trials,measured,warmups,records,allocation_block,job_id,deployment,workload,hostname,python_version,engine_version,read_queries,source_commit
baseline,20260930T073514Z-1cf71cab,36,30,6,1000000,0,59115833,sqlite-native,metadata,nid005486,3.11.7,3.44.2,64000,
baseline,20260930T073512Z-dfcc55d8,36,30,6,1000000,0,59115834,sqlite-native,telemetry,nid005772,3.11.7,3.44.2,64000,
baseline,20260930T195743Z-b1e24bac,36,30,6,1000000,0,59132736,sqlite-shifter,metadata,nid005384,3.11.15,3.46.1,64000,
baseline,20260930T195743Z-01b1b069,36,30,6,1000000,0,59132737,sqlite-shifter,telemetry,nid005415,3.11.15,3.46.1,64000,
baseline,20260930T220312Z-97eed23f,36,30,6,1000000,0,59136228,postgres,metadata,nid004148,3.11.7,16.12 (Debian 16.12-1.pgdg13+1),64000,
baseline,20260930T220313Z-9a86d46a,36,30,6,1000000,0,59136230,postgres,telemetry,nid004158,3.11.7,16.12 (Debian 16.12-1.pgdg13+1),64000,
baseline,20261002T060120Z-6d8d2b02,36,30,6,1000000,0,59188702,influx,metadata,nid004584,3.11.7,2.9.1,1024,
baseline,20261002T060117Z-db0b5b66,36,30,6,1000000,0,59188703,influx,telemetry,nid004722,3.11.7,2.9.1,1024,
read1024,20261002T191358Z-c71f8af9,36,30,6,1000000,0,59220317,sqlite-native,metadata,nid005765,3.11.7,3.44.2,1024,
read1024,20261002T191719Z-a4afb9d5,36,30,6,1000000,0,59220317,sqlite-shifter,metadata,nid005765,3.11.15,3.46.1,1024,
read1024,20261002T192035Z-99c36a78,36,30,6,1000000,0,59220317,postgres,metadata,nid005765,3.11.7,16.12 (Debian 16.12-1.pgdg13+1),1024,
read1024,20261002T191358Z-38b4d399,36,30,6,1000000,0,59220318,sqlite-native,telemetry,nid006712,3.11.7,3.44.2,1024,
read1024,20261002T191848Z-8721f09e,36,30,6,1000000,0,59220318,sqlite-shifter,telemetry,nid006712,3.11.15,3.46.1,1024,
read1024,20261002T192352Z-db4495ae,36,30,6,1000000,0,59220318,postgres,telemetry,nid006712,3.11.7,16.12 (Debian 16.12-1.pgdg13+1),1024,
sql-repeats,20261004T065357Z-f8f634b5,36,30,6,1000000,1,59304573,sqlite-native,metadata,nid005709,3.11.7,3.44.2,1024,e068476
sql-repeats,20261004T065717Z-3083c81a,36,30,6,1000000,1,59304573,sqlite-shifter,metadata,nid005709,3.11.15,3.46.1,1024,e068476
sql-repeats,20261004T070039Z-860165ce,36,30,6,1000000,1,59304573,postgres,metadata,nid005709,3.11.7,16.12 (Debian 16.12-1.pgdg13+1),1024,e068476
sql-repeats,20261004T082505Z-4fd5113d,36,30,6,1000000,2,59304575,sqlite-shifter,metadata,nid007023,3.11.15,3.46.1,1024,e068476
sql-repeats,20261004T082824Z-ba47317e,36,30,6,1000000,2,59304575,postgres,metadata,nid007023,3.11.7,16.12 (Debian 16.12-1.pgdg13+1),1024,e068476
sql-repeats,20261004T083519Z-df02616c,36,30,6,1000000,2,59304575,sqlite-native,metadata,nid007023,3.11.7,3.44.2,1024,e068476
sql-repeats,20261004T095019Z-6d9bbb41,36,30,6,1000000,3,59304580,postgres,metadata,nid005954,3.11.7,16.12 (Debian 16.12-1.pgdg13+1),1024,e068476
sql-repeats,20261004T095739Z-6926eee6,36,30,6,1000000,3,59304580,sqlite-native,metadata,nid005954,3.11.7,3.44.2,1024,e068476
sql-repeats,20261004T100122Z-735bcceb,36,30,6,1000000,3,59304580,sqlite-shifter,metadata,nid005954,3.11.15,3.46.1,1024,e068476
sql-repeats,20261004T074917Z-a81b941b,36,30,6,1000000,1,59304581,sqlite-native,telemetry,nid006200,3.11.7,3.44.2,1024,e068476
sql-repeats,20261004T075405Z-6e44220f,36,30,6,1000000,1,59304581,sqlite-shifter,telemetry,nid006200,3.11.15,3.46.1,1024,e068476
sql-repeats,20261004T075908Z-c853218f,36,30,6,1000000,1,59304581,postgres,telemetry,nid006200,3.11.7,16.12 (Debian 16.12-1.pgdg13+1),1024,e068476
sql-repeats,20261004T093056Z-61e77377,36,30,6,1000000,2,59304582,sqlite-shifter,telemetry,nid006520,3.11.15,3.46.1,1024,e068476
sql-repeats,20261004T093602Z-60a9acff,36,30,6,1000000,2,59304582,postgres,telemetry,nid006520,3.11.7,16.12 (Debian 16.12-1.pgdg13+1),1024,e068476
sql-repeats,20261004T094419Z-c134f2c4,36,30,6,1000000,2,59304582,sqlite-native,telemetry,nid006520,3.11.7,3.44.2,1024,e068476
sql-repeats,20261004T111743Z-e2cf6b9d,36,30,6,1000000,3,59304585,postgres,telemetry,nid006520,3.11.7,16.12 (Debian 16.12-1.pgdg13+1),1024,e068476
sql-repeats,20261004T112609Z-0df1d02f,36,30,6,1000000,3,59304585,sqlite-native,telemetry,nid006520,3.11.7,3.44.2,1024,e068476
sql-repeats,20261004T113056Z-05a31e13,36,30,6,1000000,3,59304585,sqlite-shifter,telemetry,nid006520,3.11.15,3.46.1,1024,e068476
mixed-pilots,20261003T002022Z-e54af4c7,36,30,6,1000000,0,59231475,sqlite-native,mixed,nid006093,3.11.7,3.44.2,1024,4ef7031
mixed-pilots,20261003T002027Z-855bfe94,36,30,6,1000000,0,59231476,sqlite-shifter,mixed,nid006407,3.11.15,3.46.1,1024,4ef7031
mixed-pilots,20261003T003214Z-8ea12bd9,36,30,6,1000000,0,59231477,postgres,mixed,nid005042,3.11.7,16.12 (Debian 16.12-1.pgdg13+1),1024,4ef7031
mixed-pilots,20261003T003214Z-43920c71,36,30,6,1000000,0,59231479,influx,mixed,nid005117,3.11.7,2.9.1,1024,4ef7031
size-calibration,20261003T055939Z-6d515e3f,4,4,0,10000000,0,59244739,sqlite-native,metadata,nid006209,3.11.7,3.44.2,1024,727d9b8
size-calibration,20261003T060230Z-9e305dec,4,4,0,10000000,0,59244739,sqlite-native,telemetry,nid006209,3.11.7,3.44.2,1024,727d9b8
size-calibration,20261003T060727Z-b1b430f0,4,4,0,10000000,0,59244739,sqlite-native,mixed,nid006209,3.11.7,3.44.2,1024,727d9b8
size-calibration,20261003T055944Z-d1dc8140,4,4,0,10000000,0,59244740,sqlite-shifter,metadata,nid006440,3.11.15,3.46.1,1024,727d9b8
size-calibration,20261003T060242Z-45072ce8,4,4,0,10000000,0,59244740,sqlite-shifter,telemetry,nid006440,3.11.15,3.46.1,1024,727d9b8
size-calibration,20261003T060748Z-0f5e644c,4,4,0,10000000,0,59244740,sqlite-shifter,mixed,nid006440,3.11.15,3.46.1,1024,727d9b8
size-calibration,20261003T081759Z-3ff47228,4,4,0,10000000,0,59244741,postgres,metadata,nid006543,3.11.7,16.12 (Debian 16.12-1.pgdg13+1),1024,727d9b8
size-calibration,20261003T082258Z-f9a51063,4,4,0,10000000,0,59244741,postgres,telemetry,nid006543,3.11.7,16.12 (Debian 16.12-1.pgdg13+1),1024,727d9b8
size-calibration,20261003T082935Z-0c5b755d,4,4,0,10000000,0,59244741,postgres,mixed,nid006543,3.11.7,16.12 (Debian 16.12-1.pgdg13+1),1024,727d9b8
size-calibration,20261004T060841Z-c0d87713,4,4,0,10000000,0,59302433,influx,metadata,nid006972,3.11.7,2.9.1,1024,e068476
size-calibration,20261004T062222Z-13d78fcb,4,4,0,10000000,0,59302433,influx,telemetry,nid006972,3.11.7,2.9.1,1024,e068476
size-calibration,20261004T063436Z-1653d036,4,4,0,10000000,0,59302433,influx,mixed,nid006972,3.11.7,2.9.1,1024,e068476
system-measurements,20261004T200006Z-171542dc,1,1,0,1000000,0,59329430,sqlite-native,metadata,nid006158,3.11.7,3.44.2,1024,decd1d1
system-measurements,20261004T200011Z-fef244e9,1,1,0,1000000,0,59329430,sqlite-native,metadata,nid006158,3.11.7,3.44.2,1024,decd1d1
system-measurements,20261004T200018Z-32af285e,1,1,0,1000000,0,59329430,sqlite-native,metadata,nid006158,3.11.7,3.44.2,1024,decd1d1
system-measurements,20261004T200021Z-1e255333,1,1,0,1000000,0,59329430,sqlite-native,metadata,nid006158,3.11.7,3.44.2,1024,decd1d1
system-measurements,20261004T200035Z-8c5b9e40,1,1,0,1000000,0,59329430,sqlite-shifter,metadata,nid006158,3.11.15,3.46.1,1024,decd1d1
system-measurements,20261004T200043Z-2d6cb803,1,1,0,1000000,0,59329430,sqlite-shifter,metadata,nid006158,3.11.15,3.46.1,1024,decd1d1
system-measurements,20261004T200051Z-cc74949b,1,1,0,1000000,0,59329430,sqlite-shifter,metadata,nid006158,3.11.15,3.46.1,1024,decd1d1
system-measurements,20261004T200055Z-5e046159,1,1,0,1000000,0,59329430,sqlite-shifter,metadata,nid006158,3.11.15,3.46.1,1024,decd1d1
system-measurements,20261004T200103Z-2ab93974,1,1,0,1000000,0,59329430,postgres,metadata,nid006158,3.11.7,16.12 (Debian 16.12-1.pgdg13+1),1024,decd1d1
system-measurements,20261004T200124Z-22653ff3,1,1,0,1000000,0,59329430,postgres,metadata,nid006158,3.11.7,16.12 (Debian 16.12-1.pgdg13+1),1024,decd1d1
system-measurements,20261004T200139Z-754e7d16,1,1,0,1000000,0,59329430,postgres,metadata,nid006158,3.11.7,16.12 (Debian 16.12-1.pgdg13+1),1024,decd1d1
system-measurements,20261004T200153Z-60a7cadd,1,1,0,1000000,0,59329430,postgres,metadata,nid006158,3.11.7,16.12 (Debian 16.12-1.pgdg13+1),1024,decd1d1
system-measurements,20261004T200200Z-acde928d,1,1,0,1000000,0,59329430,influx,metadata,nid006158,3.11.7,2.9.1,1024,decd1d1
system-measurements,20261004T200340Z-c0699558,1,1,0,1000000,0,59329430,influx,metadata,nid006158,3.11.7,2.9.1,1024,decd1d1
system-measurements,20261004T200402Z-847e1eba,1,1,0,1000000,0,59329430,influx,metadata,nid006158,3.11.7,2.9.1,1024,decd1d1
system-measurements,20261004T200535Z-29409146,1,1,0,1000000,0,59329430,influx,metadata,nid006158,3.11.7,2.9.1,1024,decd1d1
system-measurements,20261004T200556Z-af9ec6df,1,1,0,1000000,0,59329430,sqlite-native,telemetry,nid006158,3.11.7,3.44.2,1024,decd1d1
system-measurements,20261004T200607Z-9a4c739c,1,1,0,1000000,0,59329430,sqlite-native,telemetry,nid006158,3.11.7,3.44.2,1024,decd1d1
system-measurements,20261004T200617Z-a110e4b9,1,1,0,1000000,0,59329430,sqlite-native,telemetry,nid006158,3.11.7,3.44.2,1024,decd1d1
system-measurements,20261004T200625Z-bc86e54f,1,1,0,1000000,0,59329430,sqlite-native,telemetry,nid006158,3.11.7,3.44.2,1024,decd1d1
system-measurements,20261004T200633Z-291d08a0,1,1,0,1000000,0,59329430,sqlite-shifter,telemetry,nid006158,3.11.15,3.46.1,1024,decd1d1
system-measurements,20261004T200646Z-a95a6a27,1,1,0,1000000,0,59329430,sqlite-shifter,telemetry,nid006158,3.11.15,3.46.1,1024,decd1d1
system-measurements,20261004T200655Z-636e3516,1,1,0,1000000,0,59329430,sqlite-shifter,telemetry,nid006158,3.11.15,3.46.1,1024,decd1d1
system-measurements,20261004T200704Z-8169296f,1,1,0,1000000,0,59329430,sqlite-shifter,telemetry,nid006158,3.11.15,3.46.1,1024,decd1d1
system-measurements,20261004T200712Z-c2ad9262,1,1,0,1000000,0,59329430,postgres,telemetry,nid006158,3.11.7,16.12 (Debian 16.12-1.pgdg13+1),1024,decd1d1
system-measurements,20261004T200736Z-598d96e2,1,1,0,1000000,0,59329430,postgres,telemetry,nid006158,3.11.7,16.12 (Debian 16.12-1.pgdg13+1),1024,decd1d1
system-measurements,20261004T200749Z-9b32251f,1,1,0,1000000,0,59329430,postgres,telemetry,nid006158,3.11.7,16.12 (Debian 16.12-1.pgdg13+1),1024,decd1d1
system-measurements,20261004T200806Z-41e816fa,1,1,0,1000000,0,59329430,postgres,telemetry,nid006158,3.11.7,16.12 (Debian 16.12-1.pgdg13+1),1024,decd1d1
system-measurements,20261004T200816Z-cf5cdaad,1,1,0,1000000,0,59329430,influx,telemetry,nid006158,3.11.7,2.9.1,1024,decd1d1
system-measurements,20261004T200858Z-9208d5aa,1,1,0,1000000,0,59329430,influx,telemetry,nid006158,3.11.7,2.9.1,1024,decd1d1
system-measurements,20261004T200916Z-39b7a15a,1,1,0,1000000,0,59329430,influx,telemetry,nid006158,3.11.7,2.9.1,1024,decd1d1
system-measurements,20261004T200957Z-b5354905,1,1,0,1000000,0,59329430,influx,telemetry,nid006158,3.11.7,2.9.1,1024,decd1d1
system-measurements,20261004T201014Z-52d9556e,1,1,0,1000000,0,59329430,sqlite-native,mixed,nid006158,3.11.7,3.44.2,1024,decd1d1
system-measurements,20261004T201024Z-dd9ed0bc,1,1,0,1000000,0,59329430,sqlite-native,mixed,nid006158,3.11.7,3.44.2,1024,decd1d1
system-measurements,20261004T201032Z-67c9e232,1,1,0,1000000,0,59329430,sqlite-native,mixed,nid006158,3.11.7,3.44.2,1024,decd1d1
system-measurements,20261004T201038Z-28e4c7e9,1,1,0,1000000,0,59329430,sqlite-native,mixed,nid006158,3.11.7,3.44.2,1024,decd1d1
system-measurements,20261004T201045Z-22fd38ef,1,1,0,1000000,0,59329430,sqlite-shifter,mixed,nid006158,3.11.15,3.46.1,1024,decd1d1
system-measurements,20261004T201055Z-d9431041,1,1,0,1000000,0,59329430,sqlite-shifter,mixed,nid006158,3.11.15,3.46.1,1024,decd1d1
system-measurements,20261004T201105Z-0d23df82,1,1,0,1000000,0,59329430,sqlite-shifter,mixed,nid006158,3.11.15,3.46.1,1024,decd1d1
system-measurements,20261004T201111Z-4d8df8b2,1,1,0,1000000,0,59329430,sqlite-shifter,mixed,nid006158,3.11.15,3.46.1,1024,decd1d1
system-measurements,20261004T201117Z-1794e7bf,1,1,0,1000000,0,59329430,postgres,mixed,nid006158,3.11.7,16.12 (Debian 16.12-1.pgdg13+1),1024,decd1d1
system-measurements,20261004T201141Z-ffb0a123,1,1,0,1000000,0,59329430,postgres,mixed,nid006158,3.11.7,16.12 (Debian 16.12-1.pgdg13+1),1024,decd1d1
system-measurements,20261004T201152Z-fc4ad45c,1,1,0,1000000,0,59329430,postgres,mixed,nid006158,3.11.7,16.12 (Debian 16.12-1.pgdg13+1),1024,decd1d1
system-measurements,20261004T201208Z-ec4e788a,1,1,0,1000000,0,59329430,postgres,mixed,nid006158,3.11.7,16.12 (Debian 16.12-1.pgdg13+1),1024,decd1d1
system-measurements,20261004T201217Z-929ab4c6,1,1,0,1000000,0,59329430,influx,mixed,nid006158,3.11.7,2.9.1,1024,decd1d1
system-measurements,20261004T201311Z-a992a37b,1,1,0,1000000,0,59329430,influx,mixed,nid006158,3.11.7,2.9.1,1024,decd1d1
system-measurements,20261004T201331Z-1d7f25e0,1,1,0,1000000,0,59329430,influx,mixed,nid006158,3.11.7,2.9.1,1024,decd1d1
system-measurements,20261004T201422Z-aaca02f1,1,1,0,1000000,0,59329430,influx,mixed,nid006158,3.11.7,2.9.1,1024,decd1d1
