deployment,workload,storage,clients,phase,calibration_run,ten_million_value,one_million_mean,one_million_n,descriptive_10M_over_1M,interpretation
sqlite-native,metadata,lustre,64,write,20261003T055939Z-6d515e3f,244575.671481,191843.954853,15,1.27486775212,one 10M observation; allocation/source/seed may differ; no causal size estimate
sqlite-native,metadata,lustre,64,read,20261003T055939Z-6d515e3f,36108.2755463,35605.2063003,15,1.01412909229,one 10M observation; allocation/source/seed may differ; no causal size estimate
sqlite-native,metadata,lustre,1,write,20261003T055939Z-6d515e3f,234937.758632,237467.560784,15,0.989346746378,one 10M observation; allocation/source/seed may differ; no causal size estimate
sqlite-native,metadata,lustre,1,read,20261003T055939Z-6d515e3f,3971.67696266,3880.49773049,15,1.02349678791,one 10M observation; allocation/source/seed may differ; no causal size estimate
sqlite-native,metadata,tmpfs,64,write,20261003T055939Z-6d515e3f,384472.841871,196640.484139,15,1.95520695321,one 10M observation; allocation/source/seed may differ; no causal size estimate
sqlite-native,metadata,tmpfs,64,read,20261003T055939Z-6d515e3f,101521.322036,79214.9450346,15,1.28159303767,one 10M observation; allocation/source/seed may differ; no causal size estimate
sqlite-native,metadata,tmpfs,1,write,20261003T055939Z-6d515e3f,441639.136085,443243.115928,15,0.99638126395,one 10M observation; allocation/source/seed may differ; no causal size estimate
sqlite-native,metadata,tmpfs,1,read,20261003T055939Z-6d515e3f,11899.6154487,12004.1773702,15,0.991289538781,one 10M observation; allocation/source/seed may differ; no causal size estimate
sqlite-native,telemetry,lustre,64,write,20261003T060230Z-9e305dec,178344.530326,149480.393157,15,1.19309647612,one 10M observation; allocation/source/seed may differ; no causal size estimate
sqlite-native,telemetry,lustre,64,read,20261003T060230Z-9e305dec,34526.0662084,34908.5005607,15,0.989044664017,one 10M observation; allocation/source/seed may differ; no causal size estimate
sqlite-native,telemetry,lustre,1,write,20261003T060230Z-9e305dec,104916.671043,105883.50456,15,0.990868893868,one 10M observation; allocation/source/seed may differ; no causal size estimate
sqlite-native,telemetry,lustre,1,read,20261003T060230Z-9e305dec,2787.44795513,2816.99693316,15,0.989510468514,one 10M observation; allocation/source/seed may differ; no causal size estimate
sqlite-native,telemetry,tmpfs,64,write,20261003T060230Z-9e305dec,264028.630916,183938.322972,15,1.43541936585,one 10M observation; allocation/source/seed may differ; no causal size estimate
sqlite-native,telemetry,tmpfs,64,read,20261003T060230Z-9e305dec,83081.5797817,77430.2167285,15,1.0729865328,one 10M observation; allocation/source/seed may differ; no causal size estimate
sqlite-native,telemetry,tmpfs,1,write,20261003T060230Z-9e305dec,157158.192212,159681.466886,15,0.984198074307,one 10M observation; allocation/source/seed may differ; no causal size estimate
sqlite-native,telemetry,tmpfs,1,read,20261003T060230Z-9e305dec,6090.6670866,6089.64303792,15,1.00016816235,one 10M observation; allocation/source/seed may differ; no causal size estimate
sqlite-native,mixed,tmpfs,64,write,20261003T060727Z-b1b430f0,264637.742748,231330.491931,5,1.14398123887,one 10M observation; allocation/source/seed may differ; no causal size estimate
sqlite-native,mixed,tmpfs,64,read,20261003T060727Z-b1b430f0,84939.5956774,70822.8426494,5,1.19932485763,one 10M observation; allocation/source/seed may differ; no causal size estimate
sqlite-native,mixed,lustre,1,write,20261003T060727Z-b1b430f0,125579.516545,128050.277717,5,0.980704757414,one 10M observation; allocation/source/seed may differ; no causal size estimate
sqlite-native,mixed,lustre,1,read,20261003T060727Z-b1b430f0,3156.07701369,3312.21854292,5,0.952858929082,one 10M observation; allocation/source/seed may differ; no causal size estimate
sqlite-native,mixed,tmpfs,1,write,20261003T060727Z-b1b430f0,221307.142926,228359.421169,5,0.969117638298,one 10M observation; allocation/source/seed may differ; no causal size estimate
sqlite-native,mixed,tmpfs,1,read,20261003T060727Z-b1b430f0,7845.80059954,7930.4217225,5,0.989329555738,one 10M observation; allocation/source/seed may differ; no causal size estimate
sqlite-native,mixed,lustre,64,write,20261003T060727Z-b1b430f0,157361.610845,154291.511304,5,1.01989804569,one 10M observation; allocation/source/seed may differ; no causal size estimate
sqlite-native,mixed,lustre,64,read,20261003T060727Z-b1b430f0,34678.1760021,35746.8481158,5,0.970104438014,one 10M observation; allocation/source/seed may differ; no causal size estimate
sqlite-shifter,metadata,lustre,64,write,20261003T055944Z-d1dc8140,223266.186715,181596.034364,15,1.22946620226,one 10M observation; allocation/source/seed may differ; no causal size estimate
sqlite-shifter,metadata,lustre,64,read,20261003T055944Z-d1dc8140,34412.897961,35413.5211813,15,0.971744599607,one 10M observation; allocation/source/seed may differ; no causal size estimate
sqlite-shifter,metadata,lustre,1,write,20261003T055944Z-d1dc8140,212824.226836,214715.1795,15,0.991193204559,one 10M observation; allocation/source/seed may differ; no causal size estimate
sqlite-shifter,metadata,lustre,1,read,20261003T055944Z-d1dc8140,3690.60052278,3768.51037152,15,0.979326088811,one 10M observation; allocation/source/seed may differ; no causal size estimate
sqlite-shifter,metadata,tmpfs,64,write,20261003T055944Z-d1dc8140,332916.971511,177676.532445,15,1.87372506053,one 10M observation; allocation/source/seed may differ; no causal size estimate
sqlite-shifter,metadata,tmpfs,64,read,20261003T055944Z-d1dc8140,74357.875872,72847.2403703,15,1.02073703127,one 10M observation; allocation/source/seed may differ; no causal size estimate
sqlite-shifter,metadata,tmpfs,1,write,20261003T055944Z-d1dc8140,368838.135774,381642.696835,15,0.966448824601,one 10M observation; allocation/source/seed may differ; no causal size estimate
sqlite-shifter,metadata,tmpfs,1,read,20261003T055944Z-d1dc8140,10957.7314157,11187.9758042,15,0.97942037125,one 10M observation; allocation/source/seed may differ; no causal size estimate
sqlite-shifter,telemetry,lustre,64,write,20261003T060242Z-45072ce8,164829.846879,134916.782518,15,1.22171492532,one 10M observation; allocation/source/seed may differ; no causal size estimate
sqlite-shifter,telemetry,lustre,64,read,20261003T060242Z-45072ce8,33326.2611969,33525.1427592,15,0.994067689323,one 10M observation; allocation/source/seed may differ; no causal size estimate
sqlite-shifter,telemetry,lustre,1,write,20261003T060242Z-45072ce8,97513.4815031,98495.2847345,15,0.990031977327,one 10M observation; allocation/source/seed may differ; no causal size estimate
sqlite-shifter,telemetry,lustre,1,read,20261003T060242Z-45072ce8,2616.72507835,2591.15244049,15,1.00986921397,one 10M observation; allocation/source/seed may differ; no causal size estimate
sqlite-shifter,telemetry,tmpfs,64,write,20261003T060242Z-45072ce8,237264.526626,151237.950987,15,1.56881606156,one 10M observation; allocation/source/seed may differ; no causal size estimate
sqlite-shifter,telemetry,tmpfs,64,read,20261003T060242Z-45072ce8,70619.1018878,69188.6499454,15,1.02067466186,one 10M observation; allocation/source/seed may differ; no causal size estimate
sqlite-shifter,telemetry,tmpfs,1,write,20261003T060242Z-45072ce8,143206.498285,145422.602539,15,0.984760936638,one 10M observation; allocation/source/seed may differ; no causal size estimate
sqlite-shifter,telemetry,tmpfs,1,read,20261003T060242Z-45072ce8,5433.84214883,5427.51406655,15,1.00116592646,one 10M observation; allocation/source/seed may differ; no causal size estimate
sqlite-shifter,mixed,tmpfs,64,write,20261003T060748Z-0f5e644c,235711.602417,209581.428065,5,1.12467790964,one 10M observation; allocation/source/seed may differ; no causal size estimate
sqlite-shifter,mixed,tmpfs,64,read,20261003T060748Z-0f5e644c,78609.6110709,68596.11949,5,1.14597752257,one 10M observation; allocation/source/seed may differ; no causal size estimate
sqlite-shifter,mixed,lustre,1,write,20261003T060748Z-0f5e644c,117034.49816,119503.692591,5,0.97933792356,one 10M observation; allocation/source/seed may differ; no causal size estimate
sqlite-shifter,mixed,lustre,1,read,20261003T060748Z-0f5e644c,2975.67618637,3094.26346536,5,0.961675119034,one 10M observation; allocation/source/seed may differ; no causal size estimate
sqlite-shifter,mixed,tmpfs,1,write,20261003T060748Z-0f5e644c,204302.508615,204861.433353,5,0.997271693706,one 10M observation; allocation/source/seed may differ; no causal size estimate
sqlite-shifter,mixed,tmpfs,1,read,20261003T060748Z-0f5e644c,7182.08159991,7193.5263906,5,0.998409015263,one 10M observation; allocation/source/seed may differ; no causal size estimate
sqlite-shifter,mixed,lustre,64,write,20261003T060748Z-0f5e644c,144706.251866,145443.978805,5,0.994927758818,one 10M observation; allocation/source/seed may differ; no causal size estimate
sqlite-shifter,mixed,lustre,64,read,20261003T060748Z-0f5e644c,35114.6327427,35325.6702213,5,0.994025945517,one 10M observation; allocation/source/seed may differ; no causal size estimate
postgres,metadata,lustre,64,write,20261003T081759Z-3ff47228,543362.092094,391677.836126,15,1.38726790739,one 10M observation; allocation/source/seed may differ; no causal size estimate
postgres,metadata,lustre,64,read,20261003T081759Z-3ff47228,34792.7298133,69404.0759536,15,0.501306722051,one 10M observation; allocation/source/seed may differ; no causal size estimate
postgres,metadata,lustre,1,write,20261003T081759Z-3ff47228,76831.4149299,73334.7858095,15,1.04768036181,one 10M observation; allocation/source/seed may differ; no causal size estimate
postgres,metadata,lustre,1,read,20261003T081759Z-3ff47228,4511.68382791,5866.89322353,15,0.769007318867,one 10M observation; allocation/source/seed may differ; no causal size estimate
postgres,metadata,tmpfs,64,write,20261003T081759Z-3ff47228,626202.485752,541602.143992,15,1.15620385314,one 10M observation; allocation/source/seed may differ; no causal size estimate
postgres,metadata,tmpfs,64,read,20261003T081759Z-3ff47228,72074.9230913,72565.5802709,15,0.993238430977,one 10M observation; allocation/source/seed may differ; no causal size estimate
postgres,metadata,tmpfs,1,write,20261003T081759Z-3ff47228,107485.95625,104057.907609,15,1.032943663,one 10M observation; allocation/source/seed may differ; no causal size estimate
postgres,metadata,tmpfs,1,read,20261003T081759Z-3ff47228,4807.78867073,6128.59861775,15,0.784484181555,one 10M observation; allocation/source/seed may differ; no causal size estimate
postgres,telemetry,lustre,64,write,20261003T082258Z-f9a51063,234960.125223,208433.324825,15,1.12726755868,one 10M observation; allocation/source/seed may differ; no causal size estimate
postgres,telemetry,lustre,64,read,20261003T082258Z-f9a51063,10679.6562398,60101.5157444,15,0.177693625652,one 10M observation; allocation/source/seed may differ; no causal size estimate
postgres,telemetry,lustre,1,write,20261003T082258Z-f9a51063,62862.1578974,59799.9764089,15,1.0512070685,one 10M observation; allocation/source/seed may differ; no causal size estimate
postgres,telemetry,lustre,1,read,20261003T082258Z-f9a51063,2766.38585758,3969.32391134,15,0.696941322848,one 10M observation; allocation/source/seed may differ; no causal size estimate
postgres,telemetry,tmpfs,64,write,20261003T082258Z-f9a51063,296090.991837,272002.948211,15,1.08855802404,one 10M observation; allocation/source/seed may differ; no causal size estimate
postgres,telemetry,tmpfs,64,read,20261003T082258Z-f9a51063,10467.3253912,61148.4673322,15,0.171178867565,one 10M observation; allocation/source/seed may differ; no causal size estimate
postgres,telemetry,tmpfs,1,write,20261003T082258Z-f9a51063,84242.1408426,82172.2894805,15,1.02518916505,one 10M observation; allocation/source/seed may differ; no causal size estimate
postgres,telemetry,tmpfs,1,read,20261003T082258Z-f9a51063,3508.81705289,4158.03680748,15,0.843863875032,one 10M observation; allocation/source/seed may differ; no causal size estimate
postgres,mixed,tmpfs,64,write,20261003T082935Z-0c5b755d,441112.074336,387993.532289,5,1.13690574102,one 10M observation; allocation/source/seed may differ; no causal size estimate
postgres,mixed,tmpfs,64,read,20261003T082935Z-0c5b755d,52914.4138332,67943.3445841,5,0.778802017432,one 10M observation; allocation/source/seed may differ; no causal size estimate
postgres,mixed,lustre,1,write,20261003T082935Z-0c5b755d,63129.6855763,60137.9568299,5,1.04974776171,one 10M observation; allocation/source/seed may differ; no causal size estimate
postgres,mixed,lustre,1,read,20261003T082935Z-0c5b755d,3041.17111275,4634.63346402,5,0.656183738448,one 10M observation; allocation/source/seed may differ; no causal size estimate
postgres,mixed,tmpfs,1,write,20261003T082935Z-0c5b755d,89788.319353,87627.6830831,5,1.02465700557,one 10M observation; allocation/source/seed may differ; no causal size estimate
postgres,mixed,tmpfs,1,read,20261003T082935Z-0c5b755d,3990.04479211,4893.44862497,5,0.815385037813,one 10M observation; allocation/source/seed may differ; no causal size estimate
postgres,mixed,lustre,64,write,20261003T082935Z-0c5b755d,359657.666991,302183.854139,5,1.19019485014,one 10M observation; allocation/source/seed may differ; no causal size estimate
postgres,mixed,lustre,64,read,20261003T082935Z-0c5b755d,27784.0695935,62172.6195175,5,0.446885941258,one 10M observation; allocation/source/seed may differ; no causal size estimate
influx,metadata,lustre,64,write,20261004T060841Z-c0d87713,986679.482053,757236.068672,5,1.30300116816,one 10M observation; allocation/source/seed may differ; no causal size estimate
influx,metadata,lustre,64,read,20261004T060841Z-c0d87713,41.606185465,131.648849491,5,0.316039111819,one 10M observation; allocation/source/seed may differ; no causal size estimate
influx,metadata,lustre,1,write,20261004T060841Z-c0d87713,79514.8014145,78842.7626882,5,1.0085237846,one 10M observation; allocation/source/seed may differ; no causal size estimate
influx,metadata,lustre,1,read,20261004T060841Z-c0d87713,11.1673088669,13.5693469717,5,0.822980567166,one 10M observation; allocation/source/seed may differ; no causal size estimate
influx,metadata,tmpfs,64,write,20261004T060841Z-c0d87713,986308.531781,838380.844083,5,1.17644449863,one 10M observation; allocation/source/seed may differ; no causal size estimate
influx,metadata,tmpfs,64,read,20261004T060841Z-c0d87713,48.8345692267,145.559183719,5,0.33549631139,one 10M observation; allocation/source/seed may differ; no causal size estimate
influx,metadata,tmpfs,1,write,20261004T060841Z-c0d87713,90116.0716771,89259.0510068,5,1.00960149879,one 10M observation; allocation/source/seed may differ; no causal size estimate
influx,metadata,tmpfs,1,read,20261004T060841Z-c0d87713,15.1646594978,14.8271620646,5,1.02276210591,one 10M observation; allocation/source/seed may differ; no causal size estimate
influx,telemetry,lustre,64,write,20261004T062222Z-13d78fcb,903540.181333,815845.590582,5,1.1074892011,one 10M observation; allocation/source/seed may differ; no causal size estimate
influx,telemetry,lustre,64,read,20261004T062222Z-13d78fcb,288.523325465,360.800999816,5,0.7996744067,one 10M observation; allocation/source/seed may differ; no causal size estimate
influx,telemetry,lustre,1,write,20261004T062222Z-13d78fcb,64417.9677606,64881.0275112,5,0.992862940549,one 10M observation; allocation/source/seed may differ; no causal size estimate
influx,telemetry,lustre,1,read,20261004T062222Z-13d78fcb,40.2387325557,63.8154040475,5,0.630548895777,one 10M observation; allocation/source/seed may differ; no causal size estimate
influx,telemetry,tmpfs,64,write,20261004T062222Z-13d78fcb,901262.127565,843640.406432,5,1.06830128179,one 10M observation; allocation/source/seed may differ; no causal size estimate
influx,telemetry,tmpfs,64,read,20261004T062222Z-13d78fcb,314.271528124,350.895626163,5,0.895626803788,one 10M observation; allocation/source/seed may differ; no causal size estimate
influx,telemetry,tmpfs,1,write,20261004T062222Z-13d78fcb,69886.4503783,71495.6523592,5,0.977492309982,one 10M observation; allocation/source/seed may differ; no causal size estimate
influx,telemetry,tmpfs,1,read,20261004T062222Z-13d78fcb,51.8696111811,65.8613022261,5,0.787558238722,one 10M observation; allocation/source/seed may differ; no causal size estimate
influx,mixed,tmpfs,64,write,20261004T063436Z-1653d036,736319.825183,657030.98088,5,1.1206774819,one 10M observation; allocation/source/seed may differ; no causal size estimate
influx,mixed,tmpfs,64,read,20261004T063436Z-1653d036,74.9692797545,189.934981089,5,0.394710228335,one 10M observation; allocation/source/seed may differ; no causal size estimate
influx,mixed,lustre,1,write,20261004T063436Z-1653d036,57258.4816724,57237.625075,5,1.00036438614,one 10M observation; allocation/source/seed may differ; no causal size estimate
influx,mixed,lustre,1,read,20261004T063436Z-1653d036,30.3702771644,42.2746721613,5,0.718403611707,one 10M observation; allocation/source/seed may differ; no causal size estimate
influx,mixed,tmpfs,1,write,20261004T063436Z-1653d036,67150.5905554,67586.3337653,5,0.99355279114,one 10M observation; allocation/source/seed may differ; no causal size estimate
influx,mixed,tmpfs,1,read,20261004T063436Z-1653d036,31.4041537415,42.6162400977,5,0.73690578215,one 10M observation; allocation/source/seed may differ; no causal size estimate
influx,mixed,lustre,64,write,20261004T063436Z-1653d036,743237.413781,613338.850972,5,1.21178922973,one 10M observation; allocation/source/seed may differ; no causal size estimate
influx,mixed,lustre,64,read,20261004T063436Z-1653d036,94.787349891,186.847384325,5,0.50729824361,one 10M observation; allocation/source/seed may differ; no causal size estimate
