workload,deployment,phase,kind,condition,n_units,geometric_ratio,ci95_low,ci95_high,unit
metadata,postgres,read,concurrency,lustre:16/1,3,7.6587915869,6.97524751087,8.40932002488,allocation block
metadata,postgres,read,concurrency,lustre:64/1,3,11.8106346122,10.0530984722,13.8754325673,allocation block
metadata,postgres,read,concurrency,tmpfs:16/1,3,8.15164700278,7.39136416055,8.99013327102,allocation block
metadata,postgres,read,concurrency,tmpfs:64/1,3,11.8368635287,10.841947635,12.9230782987,allocation block
metadata,postgres,read,storage,1,3,1.04451425716,0.988825022784,1.10333983087,allocation block
metadata,postgres,read,storage,16,3,1.11173041035,0.944490949229,1.30858268818,allocation block
metadata,postgres,read,storage,64,3,1.04683390196,0.857177708765,1.2784527725,allocation block
metadata,postgres,read,storage_interaction,16/1,3,1.06435158997,0.882050419054,1.28433055821,allocation block
metadata,postgres,read,storage_interaction,64/1,3,1.00222078807,0.861309734048,1.1661850184,allocation block
metadata,postgres,write,concurrency,lustre:16/1,3,4.78619670792,4.62079051636,4.95752379291,allocation block
metadata,postgres,write,concurrency,lustre:64/1,3,5.34117143806,5.22426293422,5.46069611923,allocation block
metadata,postgres,write,concurrency,tmpfs:16/1,3,5.17002226388,5.02673817699,5.31739057573,allocation block
metadata,postgres,write,concurrency,tmpfs:64/1,3,5.20438176655,5.0393461612,5.37482219033,allocation block
metadata,postgres,write,storage,1,3,1.41918484389,1.32041571851,1.52534205167,allocation block
metadata,postgres,write,storage,16,3,1.53299533789,1.46556404959,1.60352917134,allocation block
metadata,postgres,write,storage,64,3,1.38283891662,1.26069224075,1.51682020996,allocation block
metadata,postgres,write,storage_interaction,16/1,3,1.08019427102,1.04735572873,1.11406242515,allocation block
metadata,postgres,write,storage_interaction,64/1,3,0.974389574816,0.94095577305,1.00901133794,allocation block
metadata,sqlite-native,read,concurrency,lustre:16/1,3,8.79589240374,7.96062693304,9.71879775664,allocation block
metadata,sqlite-native,read,concurrency,lustre:64/1,3,9.17567382185,9.08009568453,9.27225802569,allocation block
metadata,sqlite-native,read,concurrency,tmpfs:16/1,3,8.45891562904,7.46285504827,9.58791952361,allocation block
metadata,sqlite-native,read,concurrency,tmpfs:64/1,3,6.57582870086,5.11210245718,8.45865736557,allocation block
metadata,sqlite-native,read,storage,1,3,3.09375309038,2.95762017545,3.23615191149,allocation block
metadata,sqlite-native,read,storage,16,3,2.97522925104,2.36015959121,3.75058920983,allocation block
metadata,sqlite-native,read,storage,64,3,2.21716581911,1.65562557967,2.96916424207,allocation block
metadata,sqlite-native,read,storage_interaction,16/1,3,0.96168930232,0.797989812155,1.1589700772,allocation block
metadata,sqlite-native,read,storage_interaction,64/1,3,0.716658942823,0.559782968726,0.917498511069,allocation block
metadata,sqlite-native,write,concurrency,lustre:16/1,3,0.968332064946,0.9425002429,0.994871879414,allocation block
metadata,sqlite-native,write,concurrency,lustre:64/1,3,0.807597128571,0.753360878542,0.865737975854,allocation block
metadata,sqlite-native,write,concurrency,tmpfs:16/1,3,0.829001591672,0.798212010119,0.860978825529,allocation block
metadata,sqlite-native,write,concurrency,tmpfs:64/1,3,0.443635312118,0.437515522402,0.449840702971,allocation block
metadata,sqlite-native,write,storage,1,3,1.86657236271,1.81685194988,1.91765343647,allocation block
metadata,sqlite-native,write,storage,16,3,1.59799671587,1.55207965067,1.64527220161,allocation block
metadata,sqlite-native,write,storage,64,3,1.02535953067,0.929927575043,1.13058499968,allocation block
metadata,sqlite-native,write,storage_interaction,16/1,3,0.856112920023,0.809643509433,0.905249437919,allocation block
metadata,sqlite-native,write,storage_interaction,64/1,3,0.549327500585,0.506369643885,0.595929686037,allocation block
metadata,sqlite-shifter,read,concurrency,lustre:16/1,3,8.75826546662,8.38578019905,9.14729603722,allocation block
metadata,sqlite-shifter,read,concurrency,lustre:64/1,3,9.39808787788,9.2375270871,9.56143943369,allocation block
metadata,sqlite-shifter,read,concurrency,tmpfs:16/1,3,9.66820947567,7.53152015199,12.4110767254,allocation block
metadata,sqlite-shifter,read,concurrency,tmpfs:64/1,3,6.50330387739,5.60632217229,7.54379788066,allocation block
metadata,sqlite-shifter,read,storage,1,3,2.96945135218,2.78143361338,3.17017860522,allocation block
metadata,sqlite-shifter,read,storage,16,3,3.27796386284,2.49213679646,4.31157996677,allocation block
metadata,sqlite-shifter,read,storage,64,3,2.05480569487,1.70324741149,2.47892726282,allocation block
metadata,sqlite-shifter,read,storage_interaction,16/1,3,1.10389545881,0.88437998533,1.37789774102,allocation block
metadata,sqlite-shifter,read,storage_interaction,64/1,3,0.691981599012,0.598254309833,0.800392952462,allocation block
metadata,sqlite-shifter,write,concurrency,lustre:16/1,3,0.98572096587,0.953771754762,1.01874040378,allocation block
metadata,sqlite-shifter,write,concurrency,lustre:64/1,3,0.845688819607,0.788005310944,0.907594872363,allocation block
metadata,sqlite-shifter,write,concurrency,tmpfs:16/1,3,0.832638328641,0.823610999756,0.841764603103,allocation block
metadata,sqlite-shifter,write,concurrency,tmpfs:64/1,3,0.465509255499,0.443180332376,0.488963185241,allocation block
metadata,sqlite-shifter,write,storage,1,3,1.77749651912,1.73742957035,1.81848745378,allocation block
metadata,sqlite-shifter,write,storage,16,3,1.50145100094,1.45519251691,1.54917997585,allocation block
metadata,sqlite-shifter,write,storage,64,3,0.978422632635,0.966538922064,0.990452454835,allocation block
metadata,sqlite-shifter,write,storage_interaction,16/1,3,0.84469982629,0.825847765919,0.863982232537,allocation block
metadata,sqlite-shifter,write,storage_interaction,64/1,3,0.550449816417,0.536023931704,0.565263941538,allocation block
telemetry,postgres,read,concurrency,lustre:16/1,3,7.74810462136,7.19350667996,8.34546041235,allocation block
telemetry,postgres,read,concurrency,lustre:64/1,3,15.1389811976,13.8523891502,16.5450702559,allocation block
telemetry,postgres,read,concurrency,tmpfs:16/1,3,8.27852932588,7.35785914168,9.31440062656,allocation block
telemetry,postgres,read,concurrency,tmpfs:64/1,3,14.6932286671,12.7632207714,16.9150853481,allocation block
telemetry,postgres,read,storage,1,3,1.04762396707,0.979317369915,1.12069489431,allocation block
telemetry,postgres,read,storage,16,3,1.11934287902,0.95954931037,1.30574684102,allocation block
telemetry,postgres,read,storage,64,3,1.01677770151,0.910490674965,1.13547224887,allocation block
telemetry,postgres,read,storage_interaction,16/1,3,1.06845863994,0.962965147221,1.18550901719,allocation block
telemetry,postgres,read,storage_interaction,64/1,3,0.970555975684,0.813481306765,1.15796010812,allocation block
telemetry,postgres,write,concurrency,lustre:16/1,3,3.40763167208,3.22843737003,3.59677214753,allocation block
telemetry,postgres,write,concurrency,lustre:64/1,3,3.48547435157,3.39764745714,3.57557151196,allocation block
telemetry,postgres,write,concurrency,tmpfs:16/1,3,3.36319602177,3.00714744731,3.76140102174,allocation block
telemetry,postgres,write,concurrency,tmpfs:64/1,3,3.3089969254,3.02272691523,3.62237838857,allocation block
telemetry,postgres,write,storage,1,3,1.37413062486,1.33793563439,1.41130479349,allocation block
telemetry,postgres,write,storage,16,3,1.35621190776,1.23725986461,1.48660018106,allocation block
telemetry,postgres,write,storage,64,3,1.30455529266,1.19933339844,1.41900868751,allocation block
telemetry,postgres,write,storage_interaction,16/1,3,0.986959960879,0.885784952237,1.09969125341,allocation block
telemetry,postgres,write,storage_interaction,64/1,3,0.949367744998,0.852447570533,1.05730738921,allocation block
telemetry,sqlite-native,read,concurrency,lustre:16/1,3,9.44609419875,8.51948371432,10.4734862585,allocation block
telemetry,sqlite-native,read,concurrency,lustre:64/1,3,12.3927393463,12.0182093639,12.7789410099,allocation block
telemetry,sqlite-native,read,concurrency,tmpfs:16/1,3,9.30734070743,8.00976741568,10.8151194097,allocation block
telemetry,sqlite-native,read,concurrency,tmpfs:64/1,3,12.7104653956,11.7517632196,13.7473779513,allocation block
telemetry,sqlite-native,read,storage,1,3,2.16188866336,2.07740330685,2.24980993212,allocation block
telemetry,sqlite-native,read,storage,16,3,2.13013272344,1.95936745194,2.31578074596,allocation block
telemetry,sqlite-native,read,storage,64,3,2.217315339,2.01667481342,2.43791774453,allocation block
telemetry,sqlite-native,read,storage_interaction,16/1,3,0.985311019729,0.935467452339,1.03781035158,allocation block
telemetry,sqlite-native,read,storage_interaction,64/1,3,1.02563808053,0.925803856732,1.13623794563,allocation block
telemetry,sqlite-native,write,concurrency,lustre:16/1,3,1.55027947072,1.52560044978,1.57535771421,allocation block
telemetry,sqlite-native,write,concurrency,lustre:64/1,3,1.41137192158,1.30058406346,1.53159703935,allocation block
telemetry,sqlite-native,write,concurrency,tmpfs:16/1,3,1.52209108739,1.45838213058,1.5885831496,allocation block
telemetry,sqlite-native,write,concurrency,tmpfs:64/1,3,1.15172602646,1.08825445439,1.21889952728,allocation block
telemetry,sqlite-native,write,storage,1,3,1.50806562994,1.48839208249,1.52799922209,allocation block
telemetry,sqlite-native,write,storage,16,3,1.48064481139,1.45315122414,1.50865857668,allocation block
telemetry,sqlite-native,write,storage,64,3,1.23063128085,1.09921460446,1.37775948688,allocation block
telemetry,sqlite-native,write,storage_interaction,16/1,3,0.981817224659,0.953065958637,1.0114358339,allocation block
telemetry,sqlite-native,write,storage_interaction,64/1,3,0.816032973911,0.729822569053,0.912426996295,allocation block
telemetry,sqlite-shifter,read,concurrency,lustre:16/1,3,9.50514052749,8.67960497397,10.4091945104,allocation block
telemetry,sqlite-shifter,read,concurrency,lustre:64/1,3,12.9383429394,12.8717332642,13.0052973116,allocation block
telemetry,sqlite-shifter,read,concurrency,tmpfs:16/1,3,11.4025752715,10.3082008767,12.6131343751,allocation block
telemetry,sqlite-shifter,read,concurrency,tmpfs:64/1,3,12.7317443993,10.8089347898,14.9966040689,allocation block
telemetry,sqlite-shifter,read,storage,1,3,2.094875289,2.01861373346,2.17401794297,allocation block
telemetry,sqlite-shifter,read,storage,16,3,2.51305839174,2.25099759257,2.8056282695,allocation block
telemetry,sqlite-shifter,read,storage,64,3,2.06142446935,1.68640646025,2.51983785818,allocation block
telemetry,sqlite-shifter,read,storage_interaction,16/1,3,1.19962195599,1.04390072824,1.37857250058,allocation block
telemetry,sqlite-shifter,read,storage_interaction,64/1,3,0.984032071105,0.8353029579,1.15924301214,allocation block
telemetry,sqlite-shifter,write,concurrency,lustre:16/1,3,1.51752881124,1.47290701535,1.56350242679,allocation block
telemetry,sqlite-shifter,write,concurrency,lustre:64/1,3,1.36907325396,1.23213061996,1.52123609652,allocation block
telemetry,sqlite-shifter,write,concurrency,tmpfs:16/1,3,1.43988083941,1.42186900719,1.4581208404,allocation block
telemetry,sqlite-shifter,write,concurrency,tmpfs:64/1,3,1.03958846449,0.957619163461,1.12857408952,allocation block
telemetry,sqlite-shifter,write,storage,1,3,1.47644569488,1.45950638547,1.49358160515,allocation block
telemetry,sqlite-shifter,write,storage,16,3,1.40089983844,1.38915421264,1.41274477626,allocation block
telemetry,sqlite-shifter,write,storage,64,3,1.12112036987,1.03183557275,1.21813098611,allocation block
telemetry,sqlite-shifter,write,storage_interaction,16/1,3,0.948832620999,0.932422867676,0.965531170333,allocation block
telemetry,sqlite-shifter,write,storage_interaction,64/1,3,0.759337355753,0.693010062633,0.832012767104,allocation block
