workload,deployment,allocation_block,job_id,hostname,phase,kind,condition,ratio
metadata,postgres,1,59304573,nid005709,write,storage,1,1.46729141932
metadata,postgres,1,59304573,nid005709,write,storage,16,1.56501673978
metadata,postgres,1,59304573,nid005709,write,storage,64,1.44178328433
metadata,postgres,1,59304573,nid005709,write,storage_interaction,16/1,1.06660252979
metadata,postgres,1,59304573,nid005709,write,storage_interaction,64/1,0.982615495023
metadata,postgres,1,59304573,nid005709,write,concurrency,lustre:16/1,4.85940881044
metadata,postgres,1,59304573,nid005709,write,concurrency,lustre:64/1,5.37125617989
metadata,postgres,1,59304573,nid005709,write,concurrency,tmpfs:16/1,5.1830577305
metadata,postgres,1,59304573,nid005709,write,concurrency,tmpfs:64/1,5.2778795501
metadata,postgres,1,59304573,nid005709,read,storage,1,1.06753958147
metadata,postgres,1,59304573,nid005709,read,storage,16,1.04923391092
metadata,postgres,1,59304573,nid005709,read,storage,64,1.14795571948
metadata,postgres,1,59304573,nid005709,read,storage_interaction,16/1,0.982852466676
metadata,postgres,1,59304573,nid005709,read,storage_interaction,64/1,1.07532848375
metadata,postgres,1,59304573,nid005709,read,concurrency,lustre:16/1,7.99015163006
metadata,postgres,1,59304573,nid005709,read,concurrency,lustre:64/1,11.0760695723
metadata,postgres,1,59304573,nid005709,read,concurrency,tmpfs:16/1,7.85314023872
metadata,postgres,1,59304573,nid005709,read,concurrency,tmpfs:64/1,11.9104130991
metadata,postgres,2,59304575,nid007023,write,storage,1,1.40010317168
metadata,postgres,2,59304575,nid007023,write,storage,16,1.51311502817
metadata,postgres,2,59304575,nid007023,write,storage,64,1.34228829449
metadata,postgres,2,59304575,nid007023,write,storage_interaction,16/1,1.08071680628
metadata,postgres,2,59304575,nid007023,write,storage_interaction,64/1,0.958706702221
metadata,postgres,2,59304575,nid007023,write,concurrency,lustre:16/1,4.72511299781
metadata,postgres,2,59304575,nid007023,write,concurrency,lustre:64/1,5.36609512609
metadata,postgres,2,59304575,nid007023,write,concurrency,tmpfs:16/1,5.10650902832
metadata,postgres,2,59304575,nid007023,write,concurrency,tmpfs:64/1,5.14451136214
metadata,postgres,2,59304575,nid007023,read,storage,1,1.0450306495
metadata,postgres,2,59304575,nid007023,read,storage,16,1.19390490379
metadata,postgres,2,59304575,nid007023,read,storage,64,1.00955246063
metadata,postgres,2,59304575,nid007023,read,storage_interaction,16/1,1.14245922295
metadata,postgres,2,59304575,nid007023,read,storage_interaction,64/1,0.96605057575
metadata,postgres,2,59304575,nid007023,read,concurrency,lustre:16/1,7.43548362377
metadata,postgres,2,59304575,nid007023,read,concurrency,lustre:64/1,11.7956099752
metadata,postgres,2,59304575,nid007023,read,concurrency,tmpfs:16/1,8.49473684309
metadata,postgres,2,59304575,nid007023,read,concurrency,tmpfs:64/1,11.3951558079
metadata,postgres,3,59304580,nid005954,write,storage,1,1.39136308358
metadata,postgres,3,59304580,nid005954,write,storage,16,1.5213585178
metadata,postgres,3,59304580,nid005954,write,storage,64,1.36637211574
metadata,postgres,3,59304580,nid005954,write,storage_interaction,16/1,1.09343027406
metadata,postgres,3,59304580,nid005954,write,storage_interaction,64/1,0.982038500135
metadata,postgres,3,59304580,nid005954,write,concurrency,lustre:16/1,4.7750288027
metadata,postgres,3,59304580,nid005954,write,concurrency,lustre:64/1,5.28658622752
metadata,postgres,3,59304580,nid005954,write,concurrency,tmpfs:16/1,5.2211610524
metadata,postgres,3,59304580,nid005954,write,concurrency,tmpfs:64/1,5.19163120971
metadata,postgres,3,59304580,nid005954,read,storage,1,1.02148055182
metadata,postgres,3,59304580,nid005954,read,storage,16,1.09687314132
metadata,postgres,3,59304580,nid005954,read,storage,64,0.989872613533
metadata,postgres,3,59304580,nid005954,read,storage_interaction,16/1,1.07380717074
metadata,postgres,3,59304580,nid005954,read,storage_interaction,64/1,0.969056740013
metadata,postgres,3,59304580,nid005954,read,concurrency,lustre:16/1,7.56164896373
metadata,postgres,3,59304580,nid005954,read,concurrency,lustre:64/1,12.6099574905
metadata,postgres,3,59304580,nid005954,read,concurrency,tmpfs:16/1,8.1197528799
metadata,postgres,3,59304580,nid005954,read,concurrency,tmpfs:64/1,12.2197642975
metadata,sqlite-native,1,59304573,nid005709,write,storage,1,1.88514657397
metadata,sqlite-native,1,59304573,nid005709,write,storage,16,1.57851857889
metadata,sqlite-native,1,59304573,nid005709,write,storage,64,1.03004142681
metadata,sqlite-native,1,59304573,nid005709,write,storage_interaction,16/1,0.837345276323
metadata,sqlite-native,1,59304573,nid005709,write,storage_interaction,64/1,0.54639858833
metadata,sqlite-native,1,59304573,nid005709,write,concurrency,lustre:16/1,0.980520354315
metadata,sqlite-native,1,59304573,nid005709,write,concurrency,lustre:64/1,0.80881489015
metadata,sqlite-native,1,59304573,nid005709,write,concurrency,tmpfs:16/1,0.821034087024
metadata,sqlite-native,1,59304573,nid005709,write,concurrency,tmpfs:64/1,0.441935314198
metadata,sqlite-native,1,59304573,nid005709,read,storage,1,3.09128092851
metadata,sqlite-native,1,59304573,nid005709,read,storage,16,2.96670482263
metadata,sqlite-native,1,59304573,nid005709,read,storage,64,2.2050920631
metadata,sqlite-native,1,59304573,nid005709,read,storage_interaction,16/1,0.959700813753
metadata,sqlite-native,1,59304573,nid005709,read,storage_interaction,64/1,0.71332632462
metadata,sqlite-native,1,59304573,nid005709,read,concurrency,lustre:16/1,9.0622004617
metadata,sqlite-native,1,59304573,nid005709,read,concurrency,lustre:64/1,9.21513358055
metadata,sqlite-native,1,59304573,nid005709,read,concurrency,tmpfs:16/1,8.69700115749
metadata,sqlite-native,1,59304573,nid005709,read,concurrency,tmpfs:64/1,6.57339736789
metadata,sqlite-native,2,59304575,nid007023,write,storage,1,1.84499311004
metadata,sqlite-native,2,59304575,nid007023,write,storage,16,1.61587544929
metadata,sqlite-native,2,59304575,nid007023,write,storage,64,0.983770726657
metadata,sqlite-native,2,59304575,nid007023,write,storage_interaction,16/1,0.875816522297
metadata,sqlite-native,2,59304575,nid007023,write,storage_interaction,64/1,0.533211057161
metadata,sqlite-native,2,59304575,nid007023,write,concurrency,lustre:16/1,0.96331884258
metadata,sqlite-native,2,59304575,nid007023,write,concurrency,lustre:64/1,0.829866353584
metadata,sqlite-native,2,59304575,nid007023,write,concurrency,tmpfs:16/1,0.843690558572
metadata,sqlite-native,2,59304575,nid007023,write,concurrency,tmpfs:64/1,0.442493915697
metadata,sqlite-native,2,59304575,nid007023,read,storage,1,3.15152464269
metadata,sqlite-native,2,59304575,nid007023,read,storage,16,3.27052612041
metadata,sqlite-native,2,59304575,nid007023,read,storage,64,2.50035087826
metadata,sqlite-native,2,59304575,nid007023,read,storage_interaction,16/1,1.03775997056
metadata,sqlite-native,2,59304575,nid007023,read,storage_interaction,64/1,0.793378177784
metadata,sqlite-native,2,59304575,nid007023,read,concurrency,lustre:16/1,8.40320795929
metadata,sqlite-native,2,59304575,nid007023,read,concurrency,lustre:64/1,9.17423797119
metadata,sqlite-native,2,59304575,nid007023,read,concurrency,tmpfs:16/1,8.72051284442
metadata,sqlite-native,2,59304575,nid007023,read,concurrency,tmpfs:64/1,7.27864020414
metadata,sqlite-native,3,59304580,nid005954,write,storage,1,1.86979770228
metadata,sqlite-native,3,59304580,nid005954,write,storage,16,1.59981611416
metadata,sqlite-native,3,59304580,nid005954,write,storage,64,1.06384885467
metadata,sqlite-native,3,59304580,nid005954,write,storage_interaction,16/1,0.855609198904
metadata,sqlite-native,3,59304580,nid005954,write,storage_interaction,64/1,0.56896468178
metadata,sqlite-native,3,59304580,nid005954,write,concurrency,lustre:16/1,0.961271952195
metadata,sqlite-native,3,59304580,nid005954,write,concurrency,lustre:64/1,0.784742192788
metadata,sqlite-native,3,59304580,nid005954,write,concurrency,tmpfs:16/1,0.822473124946
metadata,sqlite-native,3,59304580,nid005954,write,concurrency,tmpfs:64/1,0.446490591999
metadata,sqlite-native,3,59304580,nid005954,read,storage,1,3.03946935061
metadata,sqlite-native,3,59304580,nid005954,read,storage,16,2.71437186949
metadata,sqlite-native,3,59304580,nid005954,read,storage,64,1.97681869584
metadata,sqlite-native,3,59304580,nid005954,read,storage_interaction,16/1,0.893041368864
metadata,sqlite-native,3,59304580,nid005954,read,storage_interaction,64/1,0.650382835887
metadata,sqlite-native,3,59304580,nid005954,read,concurrency,lustre:16/1,8.93636601597
metadata,sqlite-native,3,59304580,nid005954,read,concurrency,lustre:64/1,9.13781295825
metadata,sqlite-native,3,59304580,nid005954,read,concurrency,tmpfs:16/1,7.98054453957
metadata,sqlite-native,3,59304580,nid005954,read,concurrency,tmpfs:64/1,5.94307670559
metadata,sqlite-shifter,1,59304573,nid005709,write,storage,1,1.7901143466
metadata,sqlite-shifter,1,59304573,nid005709,write,storage,16,1.49984594398
metadata,sqlite-shifter,1,59304573,nid005709,write,storage,64,0.982319590981
metadata,sqlite-shifter,1,59304573,nid005709,write,storage_interaction,16/1,0.837849239535
metadata,sqlite-shifter,1,59304573,nid005709,write,storage_interaction,64/1,0.548746840024
metadata,sqlite-shifter,1,59304573,nid005709,write,concurrency,lustre:16/1,0.996244399931
metadata,sqlite-shifter,1,59304573,nid005709,write,concurrency,lustre:64/1,0.865057554886
metadata,sqlite-shifter,1,59304573,nid005709,write,concurrency,tmpfs:16/1,0.834702612873
metadata,sqlite-shifter,1,59304573,nid005709,write,concurrency,tmpfs:64/1,0.474697599683
metadata,sqlite-shifter,1,59304573,nid005709,read,storage,1,3.06112323218
metadata,sqlite-shifter,1,59304573,nid005709,read,storage,16,3.64911273668
metadata,sqlite-shifter,1,59304573,nid005709,read,storage,64,2.19253998649
metadata,sqlite-shifter,1,59304573,nid005709,read,storage_interaction,16/1,1.19208292509
metadata,sqlite-shifter,1,59304573,nid005709,read,storage_interaction,64/1,0.716253420783
metadata,sqlite-shifter,1,59304573,nid005709,read,concurrency,lustre:16/1,8.74047582043
metadata,sqlite-shifter,1,59304573,nid005709,read,concurrency,lustre:64/1,9.46690857286
metadata,sqlite-shifter,1,59304573,nid005709,read,concurrency,tmpfs:16/1,10.4193719827
metadata,sqlite-shifter,1,59304573,nid005709,read,concurrency,tmpfs:64/1,6.78070564955
metadata,sqlite-shifter,2,59304575,nid007023,write,storage,1,1.75915726808
metadata,sqlite-shifter,2,59304575,nid007023,write,storage,16,1.48349890954
metadata,sqlite-shifter,2,59304575,nid007023,write,storage,64,0.979917429946
metadata,sqlite-shifter,2,59304575,nid007023,write,storage_interaction,16/1,0.843300901211
metadata,sqlite-shifter,2,59304575,nid007023,write,storage_interaction,64/1,0.557037990705
metadata,sqlite-shifter,2,59304575,nid007023,write,concurrency,lustre:16/1,0.989917261422
metadata,sqlite-shifter,2,59304575,nid007023,write,concurrency,lustre:64/1,0.819122028302
metadata,sqlite-shifter,2,59304575,nid007023,write,concurrency,tmpfs:16/1,0.834798118681
metadata,sqlite-shifter,2,59304575,nid007023,write,concurrency,tmpfs:64/1,0.456282088788
metadata,sqlite-shifter,2,59304575,nid007023,read,storage,1,2.92443129962
metadata,sqlite-shifter,2,59304575,nid007023,read,storage,16,2.92722699064
metadata,sqlite-shifter,2,59304575,nid007023,read,storage,64,1.89128294002
metadata,sqlite-shifter,2,59304575,nid007023,read,storage_interaction,16/1,1.00095597767
metadata,sqlite-shifter,2,59304575,nid007023,read,storage_interaction,64/1,0.646718197914
metadata,sqlite-shifter,2,59304575,nid007023,read,concurrency,lustre:16/1,8.61588988803
metadata,sqlite-shifter,2,59304575,nid007023,read,concurrency,lustre:64/1,9.39070818566
metadata,sqlite-shifter,2,59304575,nid007023,read,concurrency,tmpfs:16/1,8.62412648634
metadata,sqlite-shifter,2,59304575,nid007023,read,concurrency,tmpfs:64/1,6.07314187497
metadata,sqlite-shifter,3,59304580,nid005954,write,storage,1,1.78336745405
metadata,sqlite-shifter,3,59304580,nid005954,write,storage,16,1.52124655234
metadata,sqlite-shifter,3,59304580,nid005954,write,storage,64,0.973054537767
metadata,sqlite-shifter,3,59304580,nid005954,write,storage_interaction,16/1,0.853019129002
metadata,sqlite-shifter,3,59304580,nid005954,write,storage_interaction,64/1,0.545627619008
metadata,sqlite-shifter,3,59304580,nid005954,write,concurrency,lustre:16/1,0.971174322656
metadata,sqlite-shifter,3,59304580,nid005954,write,concurrency,lustre:64/1,0.853568065412
metadata,sqlite-shifter,3,59304580,nid005954,write,concurrency,tmpfs:16/1,0.828430274821
metadata,sqlite-shifter,3,59304580,nid005954,write,concurrency,tmpfs:64/1,0.465730311192
metadata,sqlite-shifter,3,59304580,nid005954,read,storage,1,2.9248689179
metadata,sqlite-shifter,3,59304580,nid005954,read,storage,16,3.29737850654
metadata,sqlite-shifter,3,59304580,nid005954,read,storage,64,2.09222436048
metadata,sqlite-shifter,3,59304580,nid005954,read,storage_interaction,16/1,1.12735941306
metadata,sqlite-shifter,3,59304580,nid005954,read,storage_interaction,64/1,0.715322436392
metadata,sqlite-shifter,3,59304580,nid005954,read,concurrency,lustre:16/1,8.92111419043
metadata,sqlite-shifter,3,59304580,nid005954,read,concurrency,lustre:64/1,9.33709928418
metadata,sqlite-shifter,3,59304580,nid005954,read,concurrency,tmpfs:16/1,10.0573020575
metadata,sqlite-shifter,3,59304580,nid005954,read,concurrency,tmpfs:64/1,6.67903660879
telemetry,postgres,1,59304581,nid006200,write,storage,1,1.38606356834
telemetry,postgres,1,59304581,nid006200,write,storage,16,1.37063470536
telemetry,postgres,1,59304581,nid006200,write,storage,64,1.25598379648
telemetry,postgres,1,59304581,nid006200,write,storage_interaction,16/1,0.988868574768
telemetry,postgres,1,59304581,nid006200,write,storage_interaction,64/1,0.906151655068
telemetry,postgres,1,59304581,nid006200,write,concurrency,lustre:16/1,3.32396915925
telemetry,postgres,1,59304581,nid006200,write,concurrency,lustre:64/1,3.52430512031
telemetry,postgres,1,59304581,nid006200,write,concurrency,tmpfs:16/1,3.28696864508
telemetry,postgres,1,59304581,nid006200,write,concurrency,tmpfs:64/1,3.19355491773
telemetry,postgres,1,59304581,nid006200,read,storage,1,1.02776514171
telemetry,postgres,1,59304581,nid006200,read,storage,16,1.11256374469
telemetry,postgres,1,59304581,nid006200,read,storage,64,1.03772398424
telemetry,postgres,1,59304581,nid006200,read,storage_interaction,16/1,1.08250776325
telemetry,postgres,1,59304581,nid006200,read,storage_interaction,64/1,1.00968980376
telemetry,postgres,1,59304581,nid006200,read,concurrency,lustre:16/1,7.99494228443
telemetry,postgres,1,59304581,nid006200,read,concurrency,lustre:64/1,14.5341244717
telemetry,postgres,1,59304581,nid006200,read,concurrency,tmpfs:16/1,8.6545870896
telemetry,postgres,1,59304581,nid006200,read,concurrency,tmpfs:64/1,14.6749572857
telemetry,postgres,2,59304582,nid006520,write,storage,1,1.37878796511
telemetry,postgres,2,59304582,nid006520,write,storage,16,1.30161635731
telemetry,postgres,2,59304582,nid006520,write,storage,64,1.31875984203
telemetry,postgres,2,59304582,nid006520,write,storage_interaction,16/1,0.944029386861
telemetry,postgres,2,59304582,nid006520,write,storage_interaction,64/1,0.95646312225
telemetry,postgres,2,59304582,nid006520,write,concurrency,lustre:16/1,3.46086504867
telemetry,postgres,2,59304582,nid006520,write,concurrency,lustre:64/1,3.45351440003
telemetry,postgres,2,59304582,nid006520,write,concurrency,tmpfs:16/1,3.2671583099
telemetry,postgres,2,59304582,nid006520,write,concurrency,tmpfs:64/1,3.30315916579
telemetry,postgres,2,59304582,nid006520,read,storage,1,1.08067684777
telemetry,postgres,2,59304582,nid006520,read,storage,16,1.19430255153
telemetry,postgres,2,59304582,nid006520,read,storage,64,0.966238698309
telemetry,postgres,2,59304582,nid006520,read,storage_interaction,16/1,1.10514309065
telemetry,postgres,2,59304582,nid006520,read,storage_interaction,64/1,0.894105115981
telemetry,postgres,2,59304582,nid006520,read,concurrency,lustre:16/1,7.53281309693
telemetry,postgres,2,59304582,nid006520,read,concurrency,lustre:64/1,15.5376135019
telemetry,postgres,2,59304582,nid006520,read,concurrency,tmpfs:16/1,8.32483634722
telemetry,postgres,2,59304582,nid006520,read,concurrency,tmpfs:64/1,13.8922597222
telemetry,postgres,3,59304585,nid006520,write,storage,1,1.35769876712
telemetry,postgres,3,59304585,nid006520,write,storage,16,1.3982278164
telemetry,postgres,3,59304585,nid006520,write,storage,64,1.34041019654
telemetry,postgres,3,59304585,nid006520,write,storage_interaction,16/1,1.02985128238
telemetry,postgres,3,59304585,nid006520,write,storage_interaction,64/1,0.987266269221
telemetry,postgres,3,59304585,nid006520,write,concurrency,lustre:16/1,3.43966611273
telemetry,postgres,3,59304585,nid006520,write,concurrency,lustre:64/1,3.47897174605
telemetry,postgres,3,59304585,nid006520,write,concurrency,tmpfs:16/1,3.54234455716
telemetry,postgres,3,59304585,nid006520,write,concurrency,tmpfs:64/1,3.43467145645
telemetry,postgres,3,59304585,nid006520,read,storage,1,1.0352054393
telemetry,postgres,3,59304585,nid006520,read,storage,16,1.0554803652
telemetry,postgres,3,59304585,nid006520,read,storage,64,1.04836317731
telemetry,postgres,3,59304585,nid006520,read,storage_interaction,16/1,1.01958541284
telemetry,postgres,3,59304585,nid006520,read,storage_interaction,64/1,1.01271026746
telemetry,postgres,3,59304585,nid006520,read,concurrency,lustre:16/1,7.72349561025
telemetry,postgres,3,59304585,nid006520,read,concurrency,lustre:64/1,15.3644408346
telemetry,postgres,3,59304585,nid006520,read,concurrency,tmpfs:16/1,7.87476346034
telemetry,postgres,3,59304585,nid006520,read,concurrency,tmpfs:64/1,15.5597269869
telemetry,sqlite-native,1,59304581,nid006200,write,storage,1,1.51719314479
telemetry,sqlite-native,1,59304581,nid006200,write,storage,16,1.47267697487
telemetry,sqlite-native,1,59304581,nid006200,write,storage,64,1.23091193135
telemetry,sqlite-native,1,59304581,nid006200,write,storage_interaction,16/1,0.97065886432
telemetry,sqlite-native,1,59304581,nid006200,write,storage_interaction,64/1,0.811308656108
telemetry,sqlite-native,1,59304581,nid006200,write,concurrency,lustre:16/1,1.54789081629
telemetry,sqlite-native,1,59304581,nid006200,write,concurrency,lustre:64/1,1.39076502627
telemetry,sqlite-native,1,59304581,nid006200,write,concurrency,tmpfs:16/1,1.50247394183
telemetry,sqlite-native,1,59304581,nid006200,write,concurrency,tmpfs:64/1,1.12833970443
telemetry,sqlite-native,1,59304581,nid006200,read,storage,1,2.20209806417
telemetry,sqlite-native,1,59304581,nid006200,read,storage,16,2.20818886549
telemetry,sqlite-native,1,59304581,nid006200,read,storage,64,2.20837822034
telemetry,sqlite-native,1,59304581,nid006200,read,storage_interaction,16/1,1.0027659083
telemetry,sqlite-native,1,59304581,nid006200,read,storage_interaction,64/1,1.00285189668
telemetry,sqlite-native,1,59304581,nid006200,read,concurrency,lustre:16/1,9.56954102719
telemetry,sqlite-native,1,59304581,nid006200,read,concurrency,lustre:64/1,12.548371863
telemetry,sqlite-native,1,59304581,nid006200,read,concurrency,tmpfs:16/1,9.59600950018
telemetry,sqlite-native,1,59304581,nid006200,read,concurrency,tmpfs:64/1,12.5841585231
telemetry,sqlite-native,2,59304582,nid006520,write,storage,1,1.50232585689
telemetry,sqlite-native,2,59304582,nid006520,write,storage,16,1.49346591942
telemetry,sqlite-native,2,59304582,nid006520,write,storage,64,1.17580463012
telemetry,sqlite-native,2,59304582,nid006520,write,storage_interaction,16/1,0.994102519489
telemetry,sqlite-native,2,59304582,nid006520,write,storage_interaction,64/1,0.782656189222
telemetry,sqlite-native,2,59304582,nid006520,write,concurrency,lustre:16/1,1.56131204047
telemetry,sqlite-native,2,59304582,nid006520,write,concurrency,lustre:64/1,1.4655923788
telemetry,sqlite-native,2,59304582,nid006520,write,concurrency,tmpfs:16/1,1.55210423314
telemetry,sqlite-native,2,59304582,nid006520,write,concurrency,tmpfs:64/1,1.14705494614
telemetry,sqlite-native,2,59304582,nid006520,read,storage,1,2.13847216818
telemetry,sqlite-native,2,59304582,nid006520,read,storage,16,2.1187919954
telemetry,sqlite-native,2,59304582,nid006520,read,storage,64,2.13890916776
telemetry,sqlite-native,2,59304582,nid006520,read,storage_interaction,16/1,0.990797087255
telemetry,sqlite-native,2,59304582,nid006520,read,storage_interaction,64/1,1.00020435131
telemetry,sqlite-native,2,59304582,nid006520,read,concurrency,lustre:16/1,9.76809421353
telemetry,sqlite-native,2,59304582,nid006520,read,concurrency,lustre:64/1,12.3895508161
telemetry,sqlite-native,2,59304582,nid006520,read,concurrency,tmpfs:16/1,9.6781992948
telemetry,sqlite-native,2,59304582,nid006520,read,concurrency,tmpfs:64/1,12.3920826371
telemetry,sqlite-native,3,59304585,nid006520,write,storage,1,1.50472006638
telemetry,sqlite-native,3,59304585,nid006520,write,storage,16,1.4758759437
telemetry,sqlite-native,3,59304585,nid006520,write,storage,64,1.28772077613
telemetry,sqlite-native,3,59304585,nid006520,write,storage_interaction,16/1,0.980830904479
telemetry,sqlite-native,3,59304585,nid006520,write,storage_interaction,64/1,0.855787601228
telemetry,sqlite-native,3,59304585,nid006520,write,concurrency,lustre:16/1,1.54170029524
telemetry,sqlite-native,3,59304585,nid006520,write,concurrency,lustre:64/1,1.37929594869
telemetry,sqlite-native,3,59304585,nid006520,write,concurrency,tmpfs:16/1,1.51214729502
telemetry,sqlite-native,3,59304585,nid006520,write,concurrency,tmpfs:64/1,1.18038437131
telemetry,sqlite-native,3,59304585,nid006520,read,storage,1,2.14565412035
telemetry,sqlite-native,3,59304585,nid006520,read,storage,16,2.06583415357
telemetry,sqlite-native,3,59304585,nid006520,read,storage,64,2.30789787271
telemetry,sqlite-native,3,59304585,nid006520,read,storage_interaction,16/1,0.962799238693
telemetry,sqlite-native,3,59304585,nid006520,read,storage_interaction,64/1,1.07561505409
telemetry,sqlite-native,3,59304585,nid006520,read,concurrency,lustre:16/1,9.01687123931
telemetry,sqlite-native,3,59304585,nid006520,read,concurrency,lustre:64/1,12.242186873
telemetry,sqlite-native,3,59304585,nid006520,read,concurrency,tmpfs:16/1,8.6814367646
telemetry,sqlite-native,3,59304585,nid006520,read,concurrency,tmpfs:64/1,13.1678804956
telemetry,sqlite-shifter,1,59304581,nid006200,write,storage,1,1.47512535163
telemetry,sqlite-shifter,1,59304581,nid006200,write,storage,16,1.40601110597
telemetry,sqlite-shifter,1,59304581,nid006200,write,storage,64,1.15731675111
telemetry,sqlite-shifter,1,59304581,nid006200,write,storage_interaction,16/1,0.953146866074
telemetry,sqlite-shifter,1,59304581,nid006200,write,storage_interaction,64/1,0.784554851442
telemetry,sqlite-shifter,1,59304581,nid006200,write,concurrency,lustre:16/1,1.50420411965
telemetry,sqlite-shifter,1,59304581,nid006200,write,concurrency,lustre:64/1,1.3672450267
telemetry,sqlite-shifter,1,59304581,nid006200,write,concurrency,tmpfs:16/1,1.43372744258
telemetry,sqlite-shifter,1,59304581,nid006200,write,concurrency,tmpfs:64/1,1.07267871881
telemetry,sqlite-shifter,1,59304581,nid006200,read,storage,1,2.11066750498
telemetry,sqlite-shifter,1,59304581,nid006200,read,storage,16,2.55449329614
telemetry,sqlite-shifter,1,59304581,nid006200,read,storage,64,2.16136917954
telemetry,sqlite-shifter,1,59304581,nid006200,read,storage_interaction,16/1,1.21027745494
telemetry,sqlite-shifter,1,59304581,nid006200,read,storage_interaction,64/1,1.02402163033
telemetry,sqlite-shifter,1,59304581,nid006200,read,concurrency,lustre:16/1,9.1846060228
telemetry,sqlite-shifter,1,59304581,nid006200,read,concurrency,lustre:64/1,12.9112450859
telemetry,sqlite-shifter,1,59304581,nid006200,read,concurrency,tmpfs:16/1,11.1159216019
telemetry,sqlite-shifter,1,59304581,nid006200,read,concurrency,tmpfs:64/1,13.2213942424
telemetry,sqlite-shifter,2,59304582,nid006520,write,storage,1,1.47035642246
telemetry,sqlite-shifter,2,59304582,nid006520,write,storage,16,1.40008768486
telemetry,sqlite-shifter,2,59304582,nid006520,write,storage,64,1.12454974464
telemetry,sqlite-shifter,2,59304582,nid006520,write,storage_interaction,16/1,0.952209725126
telemetry,sqlite-shifter,2,59304582,nid006520,write,storage_interaction,64/1,0.764814386132
telemetry,sqlite-shifter,2,59304582,nid006520,write,concurrency,lustre:16/1,1.51016479653
telemetry,sqlite-shifter,2,59304582,nid006520,write,concurrency,lustre:64/1,1.31310311157
telemetry,sqlite-shifter,2,59304582,nid006520,write,concurrency,tmpfs:16/1,1.4379936058
telemetry,sqlite-shifter,2,59304582,nid006520,write,concurrency,tmpfs:64/1,1.00428015021
telemetry,sqlite-shifter,2,59304582,nid006520,read,storage,1,2.05916875115
telemetry,sqlite-shifter,2,59304582,nid006520,read,storage,16,2.59953563904
telemetry,sqlite-shifter,2,59304582,nid006520,read,storage,64,1.87773073936
telemetry,sqlite-shifter,2,59304582,nid006520,read,storage_interaction,16/1,1.26241991463
telemetry,sqlite-shifter,2,59304582,nid006520,read,storage_interaction,64/1,0.911887740288
telemetry,sqlite-shifter,2,59304582,nid006520,read,concurrency,lustre:16/1,9.46547194417
telemetry,sqlite-shifter,2,59304582,nid006520,read,concurrency,lustre:64/1,12.938835738
telemetry,sqlite-shifter,2,59304582,nid006520,read,concurrency,tmpfs:16/1,11.9494002837
telemetry,sqlite-shifter,2,59304582,nid006520,read,concurrency,tmpfs:64/1,11.7987656831
telemetry,sqlite-shifter,3,59304585,nid006520,write,storage,1,1.48388718313
telemetry,sqlite-shifter,3,59304585,nid006520,write,storage,16,1.39661682243
telemetry,sqlite-shifter,3,59304585,nid006520,write,storage,64,1.08274408486
telemetry,sqlite-shifter,3,59304585,nid006520,write,storage_interaction,16/1,0.941188008298
telemetry,sqlite-shifter,3,59304585,nid006520,write,storage_interaction,64/1,0.729667387901
telemetry,sqlite-shifter,3,59304585,nid006520,write,concurrency,lustre:16/1,1.53843701153
telemetry,sqlite-shifter,3,59304585,nid006520,write,concurrency,lustre:64/1,1.42933778931
telemetry,sqlite-shifter,3,59304585,nid006520,write,concurrency,tmpfs:16/1,1.44795846678
telemetry,sqlite-shifter,3,59304585,nid006520,write,concurrency,tmpfs:64/1,1.04294117115
telemetry,sqlite-shifter,3,59304585,nid006520,read,storage,1,2.11525513833
telemetry,sqlite-shifter,3,59304585,nid006520,read,storage,16,2.39005115224
telemetry,sqlite-shifter,3,59304585,nid006520,read,storage,64,2.15844014751
telemetry,sqlite-shifter,3,59304585,nid006520,read,storage_interaction,16/1,1.12991152175
telemetry,sqlite-shifter,3,59304585,nid006520,read,storage_interaction,64/1,1.02041598122
telemetry,sqlite-shifter,3,59304585,nid006520,read,concurrency,lustre:16/1,9.87808642769
telemetry,sqlite-shifter,3,59304585,nid006520,read,concurrency,lustre:64/1,12.9650038512
telemetry,sqlite-shifter,3,59304585,nid006520,read,concurrency,tmpfs:16/1,11.1613636675
telemetry,sqlite-shifter,3,59304585,nid006520,read,concurrency,tmpfs:64/1,13.2296971264
