workload,deployment,allocation_block,job_id,hostname,storage,clients,completion_throughput_records_s,read_queries_per_s
metadata,postgres,1,59304573,nid005709,lustre,1,71342.5009518,5845.2497666
metadata,postgres,1,59304573,nid005709,lustre,16,346682.377684,46704.4319507
metadata,postgres,1,59304573,nid005709,lustre,64,383198.849126,64742.3930823
metadata,postgres,1,59304573,nid005709,tmpfs,1,104680.239479,6240.0354894
metadata,postgres,1,59304573,nid005709,tmpfs,16,542563.724463,49003.8737929
metadata,postgres,1,59304573,nid005709,tmpfs,64,552489.695246,74321.4004315
metadata,postgres,2,59304575,nid007023,lustre,1,74468.8500267,5852.09201742
metadata,postgres,2,59304575,nid007023,lustre,16,351873.731193,43513.1343603
metadata,postgres,2,59304575,nid007023,lustre,64,399606.933174,69028.9949766
metadata,postgres,2,59304575,nid007023,tmpfs,1,104264.073114,6115.6155219
metadata,postgres,2,59304575,nid007023,tmpfs,16,532425.430686,51950.5444921
metadata,postgres,2,59304575,nid007023,tmpfs,64,536387.708798,69688.3917331
metadata,postgres,3,59304580,nid005954,lustre,1,74193.0064502,5903.33788656
metadata,postgres,3,59304580,nid005954,lustre,16,354273.742759,44638.9688125
metadata,postgres,3,59304580,nid005954,lustre,64,392227.726078,74440.8398018
metadata,postgres,3,59304580,nid005954,tmpfs,1,103229.410235,6030.14484195
metadata,postgres,3,59304580,nid005954,tmpfs,16,538977.376179,48963.2859466
metadata,postgres,3,59304580,nid005954,tmpfs,64,535929.027933,73686.9486482
metadata,sqlite-native,1,59304573,nid005709,lustre,1,235786.004424,3860.98019101
metadata,sqlite-native,1,59304573,nid005709,lustre,16,231192.9766,34988.9764696
metadata,sqlite-native,1,59304573,nid005709,lustre,64,190707.231267,35579.448212
metadata,sqlite-native,1,59304573,nid005709,tmpfs,1,444491.178431,11935.3744298
metadata,sqlite-native,1,59304573,nid005709,tmpfs,16,364942.408873,103801.965231
metadata,sqlite-native,1,59304573,nid005709,tmpfs,64,196436.348598,78455.9588619
metadata,sqlite-native,2,59304575,nid007023,lustre,1,239415.340816,3824.24494007
metadata,sqlite-native,2,59304575,nid007023,lustre,16,230633.30901,32135.9255186
metadata,sqlite-native,2,59304575,nid007023,lustre,64,198682.735875,35084.5331403
metadata,sqlite-native,2,59304575,nid007023,tmpfs,1,441719.654242,12052.2021683
metadata,sqlite-native,2,59304575,nid007023,tmpfs,16,372674.701819,105101.383812
metadata,sqlite-native,2,59304575,nid007023,tmpfs,64,195458.259446,87723.6432507
metadata,sqlite-native,3,59304580,nid005954,lustre,1,237201.337113,3956.26806039
metadata,sqlite-native,3,59304580,nid005954,lustre,16,228014.992389,35354.659445
metadata,sqlite-native,3,59304580,nid005954,lustre,64,186141.897418,36151.6375486
metadata,sqlite-native,3,59304580,nid005954,tmpfs,1,443518.515111,12024.9555124
metadata,sqlite-native,3,59304580,nid005954,tmpfs,16,364782.059095,95965.6930527
metadata,sqlite-native,3,59304580,nid005954,tmpfs,64,198026.844374,71465.2329913
metadata,sqlite-shifter,1,59304573,nid005709,lustre,1,212290.529464,3657.88956771
metadata,sqlite-shifter,1,59304573,nid005709,lustre,16,211493.251137,31971.6953204
metadata,sqlite-shifter,1,59304573,nid005709,lustre,64,183643.526343,34628.9061072
metadata,sqlite-shifter,1,59304573,nid005709,tmpfs,1,380024.322441,11197.2507365
metadata,sqlite-shifter,1,59304573,nid005709,tmpfs,16,317207.294897,116668.320607
metadata,sqlite-shifter,1,59304573,nid005709,tmpfs,64,180396.633684,75925.2613283
metadata,sqlite-shifter,2,59304575,nid007023,lustre,1,216950.00303,3821.54862938
metadata,sqlite-shifter,2,59304575,nid007023,lustre,16,214762.552865,32926.0421925
metadata,sqlite-shifter,2,59304575,nid007023,lustre,64,177708.526522,35887.0479958
metadata,sqlite-shifter,2,59304575,nid007023,tmpfs,1,381649.17464,11175.8564248
metadata,sqlite-shifter,2,59304575,nid007023,tmpfs,16,318600.012986,96381.9994006
metadata,sqlite-shifter,2,59304575,nid007023,tmpfs,64,174139.682589,67872.561642
metadata,sqlite-shifter,3,59304580,nid005954,lustre,1,214905.006007,3826.09291746
metadata,sqlite-shifter,3,59304580,nid005954,lustre,16,208710.223645,34133.0118199
metadata,sqlite-shifter,3,59304580,nid005954,lustre,64,183436.050225,35724.6094408
metadata,sqlite-shifter,3,59304580,nid005954,tmpfs,1,383254.593425,11190.8202513
metadata,sqlite-shifter,3,59304580,nid005954,tmpfs,16,317499.708158,112549.459538
metadata,sqlite-shifter,3,59304580,nid005954,tmpfs,64,178493.281062,74743.8981406
telemetry,postgres,1,59304581,nid006200,lustre,1,59425.1073669,4007.92930899
telemetry,postgres,1,59304581,nid006200,lustre,16,197527.224173,32043.1635054
telemetry,postgres,1,59304581,nid006200,lustre,64,209432.210168,58251.7434506
telemetry,postgres,1,59304581,nid006200,tmpfs,1,82366.9763658,4119.2100342
telemetry,postgres,1,59304581,nid006200,tmpfs,16,270737.668705,35650.0619813
telemetry,postgres,1,59304581,nid006200,tmpfs,64,263043.462432,60449.2313026
telemetry,postgres,2,59304582,nid006520,lustre,1,59756.8647173,3886.69507075
telemetry,postgres,2,59304582,nid006520,lustre,16,206810.444518,29277.7475328
telemetry,postgres,2,59304582,nid006520,lustre,64,206371.192802,60389.9658092
telemetry,postgres,2,59304582,nid006520,tmpfs,1,82392.0459049,4200.26137729
telemetry,postgres,2,59304582,nid006520,tmpfs,16,269187.857448,34966.4885815
telemetry,postgres,2,59304582,nid006520,tmpfs,64,272154.041618,58351.1219544
telemetry,postgres,3,59304585,nid006520,lustre,1,60217.9571426,4013.34735429
telemetry,postgres,3,59304585,nid006520,lustre,16,207129.666561,30997.0706732
telemetry,postgres,3,59304585,nid006520,lustre,64,209496.571504,61662.8379734
telemetry,postgres,3,59304585,nid006520,tmpfs,1,81757.8461708,4154.63901096
telemetry,postgres,3,59304585,nid006520,tmpfs,16,289614.461388,32716.7994744
telemetry,postgres,3,59304585,nid006520,tmpfs,64,280811.340584,64645.0487397
telemetry,sqlite-native,1,59304581,nid006200,lustre,1,105951.842026,2771.19024082
telemetry,sqlite-native,1,59304581,nid006200,lustre,16,164001.883241,26519.0187037
telemetry,sqlite-native,1,59304581,nid006200,lustre,64,147354.116359,34773.925645
telemetry,sqlite-native,1,59304581,nid006200,tmpfs,1,160749.408399,6102.43266476
telemetry,sqlite-native,1,59304581,nid006200,tmpfs,16,241521.797285,58559.0018252
telemetry,sqlite-native,1,59304581,nid006200,tmpfs,64,181379.93996,76793.9800301
telemetry,sqlite-native,2,59304582,nid006520,lustre,1,105357.115532,2839.20331982
telemetry,sqlite-native,2,59304582,nid006520,lustre,16,164495.33303,27733.6055193
telemetry,sqlite-native,2,59304582,nid006520,lustre,64,154410.585576,35176.4538082
telemetry,sqlite-native,2,59304582,nid006520,tmpfs,1,158280.718871,6071.55727922
telemetry,sqlite-native,2,59304582,nid006520,tmpfs,16,245668.173785,58761.7413781
telemetry,sqlite-native,2,59304582,nid006520,tmpfs,64,181556.68146,75239.2395399
telemetry,sqlite-native,3,59304585,nid006520,lustre,1,106341.556123,2840.59723885
telemetry,sqlite-native,3,59304585,nid006520,lustre,16,163946.808471,25613.2995455
telemetry,sqlite-native,3,59304585,nid006520,lustre,64,146676.477537,34775.1222289
telemetry,sqlite-native,3,59304585,nid006520,tmpfs,1,160014.273388,6094.93916978
telemetry,sqlite-native,3,59304585,nid006520,tmpfs,16,241965.150669,52912.8289865
telemetry,sqlite-native,3,59304585,nid006520,tmpfs,64,188878.347495,80257.4306154
telemetry,sqlite-shifter,1,59304581,nid006200,lustre,1,98594.2364449,2570.47143823
telemetry,sqlite-shifter,1,59304581,nid006200,lustre,16,148305.856634,23608.767453
telemetry,sqlite-shifter,1,59304581,nid006200,lustre,64,134802.479441,33187.9867252
telemetry,sqlite-shifter,1,59304581,nid006200,tmpfs,1,145438.857704,5425.41053715
telemetry,sqlite-shifter,1,59304581,nid006200,tmpfs,16,208519.681508,60308.4381889
telemetry,sqlite-shifter,1,59304581,nid006200,tmpfs,64,156009.167548,71731.4916388
telemetry,sqlite-shifter,2,59304582,nid006520,lustre,1,98737.8445934,2647.89673872
telemetry,sqlite-shifter,2,59304582,nid006520,lustre,16,149110.416991,25063.5922914
telemetry,sqlite-shifter,2,59304582,nid006520,lustre,64,129652.970966,34260.7009536
telemetry,sqlite-shifter,2,59304582,nid006520,tmpfs,1,145179.823937,5452.46622066
telemetry,sqlite-shifter,2,59304582,nid006520,tmpfs,16,208767.658514,65153.701404
telemetry,sqlite-shifter,2,59304582,nid006520,tmpfs,64,145801.215391,64332.3713325
telemetry,sqlite-shifter,3,59304585,nid006520,lustre,1,98153.773165,2555.08914452
telemetry,sqlite-shifter,3,59304585,nid006520,lustre,16,151003.397459,25239.3914
telemetry,sqlite-shifter,3,59304585,nid006520,lustre,64,140294.897148,33126.7405989
telemetry,sqlite-shifter,3,59304585,nid006520,tmpfs,1,145649.125976,5404.66544184
telemetry,sqlite-shifter,3,59304585,nid006520,tmpfs,16,210893.885135,60323.4364974
telemetry,sqlite-shifter,3,59304585,nid006520,tmpfs,64,151903.470023,71502.086865
