deployment,workload,storage,clients,success,results,lifecycle_wall_s,node_busy_percent,node_iowait_percent,node_sampled_peak_used_MiB,cycles,instructions,cache_misses,context_switches,node_ipc,perf_status,node_cpu_status,run_id,node_start_used_MiB,node_end_used_MiB,node_peak_minus_start_MiB,samples,job_id,hostname,time_user_cpu_s,time_system_cpu_s,time_max_process_rss_kib,time_voluntary_switches,time_involuntary_switches,time_fs_inputs,time_fs_outputs
sqlite-native,metadata,lustre,1,True,/pscratch/sd/m/makhatri/ipdps-storage-benchmark/results/system-study-DkWCmGKD/source/results/system-metrics-59329430/runs/20261004T200006Z-171542dc,5.876371846999973,0.39253320537683856,0.007330840847445202,22566.83203125,,,,,,unavailable,collected,20261004T200006Z-171542dc,22511.8007812,22510.5898438,55.03125,13,59329430,nid006158,3.09,1.49,24508,12138,24,1648,407432
sqlite-native,metadata,lustre,64,True,/pscratch/sd/m/makhatri/ipdps-storage-benchmark/results/system-study-DkWCmGKD/source/results/system-metrics-59329430/runs/20261004T200011Z-fef244e9,6.664300902048126,1.8792255957979167,0.002366037892096842,23443.64453125,,,,,,unavailable,collected,20261004T200011Z-fef244e9,22499.4453125,23201.8984375,944.19921875,15,59329430,nid006158,15.3,9.85,24924,121407,25320,16,577056
sqlite-native,metadata,tmpfs,1,True,/pscratch/sd/m/makhatri/ipdps-storage-benchmark/results/system-study-DkWCmGKD/source/results/system-metrics-59329430/runs/20261004T200018Z-32af285e,3.4130788140464574,0.3985615136175184,0.0,23282.48046875,,,,,,unavailable,collected,20261004T200018Z-32af285e,23198.8710938,23244.3515625,83.609375,8,59329430,nid006158,2.79,0.31,24040,2055,30,0,160
sqlite-native,metadata,tmpfs,64,True,/pscratch/sd/m/makhatri/ipdps-storage-benchmark/results/system-study-DkWCmGKD/source/results/system-metrics-59329430/runs/20261004T200021Z-1e255333,8.084476677002385,1.2261289978781331,0.0,23986.98046875,,,,,,unavailable,collected,20261004T200021Z-1e255333,23242.1054688,23948.5664062,744.875,18,59329430,nid006158,14.76,7.35,20956,91064,6128,0,304
sqlite-shifter,metadata,lustre,1,True,/pscratch/sd/m/makhatri/ipdps-storage-benchmark/results/system-study-DkWCmGKD/source/results/system-metrics-59329430/runs/20261004T200035Z-8c5b9e40,12.66999185597524,0.3543822389054898,0.024078235744449658,25455.59375,,,,,,unavailable,collected,20261004T200035Z-8c5b9e40,23943.6132812,25407.3945312,1511.98046875,27,59329430,nid006158,3.82,5.62,26504,18936,252,707698,407248
sqlite-shifter,metadata,lustre,64,True,/pscratch/sd/m/makhatri/ipdps-storage-benchmark/results/system-study-DkWCmGKD/source/results/system-metrics-59329430/runs/20261004T200043Z-2d6cb803,7.869891501031816,2.085060065307916,0.000499295992650363,26041.5859375,,,,,,unavailable,collected,20261004T200043Z-2d6cb803,25376.6289062,26041.5859375,664.95703125,17,59329430,nid006158,16.44,19.62,28956,42071,51861,304,574768
sqlite-shifter,metadata,tmpfs,1,True,/pscratch/sd/m/makhatri/ipdps-storage-benchmark/results/system-study-DkWCmGKD/source/results/system-metrics-59329430/runs/20261004T200051Z-cc74949b,4.384041024954058,0.4172089789077683,0.0,26145.8984375,,,,,,unavailable,collected,20261004T200051Z-cc74949b,25999.8867188,26077.2148438,146.01171875,10,59329430,nid006158,3.42,0.88,27384,598,39,288,160
sqlite-shifter,metadata,tmpfs,64,True,/pscratch/sd/m/makhatri/ipdps-storage-benchmark/results/system-study-DkWCmGKD/source/results/system-metrics-59329430/runs/20261004T200055Z-5e046159,8.061512341024354,1.6896448010556036,0.0,26899.4609375,,,,,,unavailable,collected,20261004T200055Z-5e046159,26040.2851562,26827.0625,859.17578125,18,59329430,nid006158,15.54,17.57,26860,8767,25289,288,304
postgres,metadata,lustre,1,True,/pscratch/sd/m/makhatri/ipdps-storage-benchmark/results/system-study-DkWCmGKD/source/results/system-metrics-59329430/runs/20261004T200103Z-2ab93974,20.807247302960604,0.6328756499117136,0.005459070150933877,27811.59375,,,,,,unavailable,collected,20261004T200103Z-2ab93974,26793.59375,25496.796875,1018,43,59329430,nid006158,17.94,8.31,135352,39656,12481,54338,1657256
postgres,metadata,lustre,64,True,/pscratch/sd/m/makhatri/ipdps-storage-benchmark/results/system-study-DkWCmGKD/source/results/system-metrics-59329430/runs/20261004T200124Z-22653ff3,15.551252339035273,2.6988575233090053,0.0005063047600242014,28055.5546875,,,,,,unavailable,collected,20261004T200124Z-22653ff3,25494.5664062,25819.4609375,2560.98828125,33,59329430,nid006158,64.43,31.32,149740,1165875,96168,149890,1758496
postgres,metadata,tmpfs,1,True,/pscratch/sd/m/makhatri/ipdps-storage-benchmark/results/system-study-DkWCmGKD/source/results/system-metrics-59329430/runs/20261004T200139Z-754e7d16,13.77766022097785,0.6512071156289708,0.0002836267925213287,27851.6171875,,,,,,unavailable,collected,20261004T200139Z-754e7d16,25815.6992188,25845.8398438,2035.91796875,29,59329430,nid006158,15.87,5.5,137380,17149,386,42034,168
postgres,metadata,tmpfs,64,True,/pscratch/sd/m/makhatri/ipdps-storage-benchmark/results/system-study-DkWCmGKD/source/results/system-metrics-59329430/runs/20261004T200153Z-60a7cadd,7.5266059880377725,5.015878995254614,0.0005231958897730899,29732.0234375,,,,,,unavailable,collected,20261004T200153Z-60a7cadd,25844.796875,27333.9492188,3887.2265625,17,59329430,nid006158,63.86,27.69,147712,1420832,20334,42034,312
influx,metadata,lustre,1,True,/pscratch/sd/m/makhatri/ipdps-storage-benchmark/results/system-study-DkWCmGKD/source/results/system-metrics-59329430/runs/20261004T200200Z-acde928d,100.07545108196791,2.323251927875001,0.0008981845347462688,28334.69921875,,,,,,unavailable,collected,20261004T200200Z-acde928d,27324.234375,25657.734375,1010.46484375,201,59329430,nid006158,556.21,33.55,278548,865318,7970,81466,125264
influx,metadata,lustre,64,True,/pscratch/sd/m/makhatri/ipdps-storage-benchmark/results/system-study-DkWCmGKD/source/results/system-metrics-59329430/runs/20261004T200340Z-c0699558,21.433025049977005,9.121033171214938,0.0020104874335396825,28289.71875,,,,,,unavailable,collected,20261004T200340Z-c0699558,25655.7226562,26219.1835938,2633.99609375,44,59329430,nid006158,450.7,40.71,376548,1189136,42648,82004,120736
influx,metadata,tmpfs,1,True,/pscratch/sd/m/makhatri/ipdps-storage-benchmark/results/system-study-DkWCmGKD/source/results/system-metrics-59329430/runs/20261004T200402Z-847e1eba,92.89749403402675,2.558285210181817,0.0005889625886756798,27272.65625,,,,,,unavailable,collected,20261004T200402Z-847e1eba,26201.3945312,24890.5585938,1071.26171875,187,59329430,nid006158,574.06,33.7,268208,859664,6038,81726,192
influx,metadata,tmpfs,64,True,/pscratch/sd/m/makhatri/ipdps-storage-benchmark/results/system-study-DkWCmGKD/source/results/system-metrics-59329430/runs/20261004T200535Z-29409146,21.59771791798994,9.519284992864797,0.0014506129746450986,27767.69140625,,,,,,unavailable,collected,20261004T200535Z-29409146,24888.1875,25900.4648438,2879.50390625,45,59329430,nid006158,476.23,44.84,379224,1162465,14533,82054,320
sqlite-native,telemetry,lustre,1,True,/pscratch/sd/m/makhatri/ipdps-storage-benchmark/results/system-study-DkWCmGKD/source/results/system-metrics-59329430/runs/20261004T200556Z-af9ec6df,10.898892916040495,0.4273887981036867,0.0,25915.50390625,,,,,,unavailable,collected,20261004T200556Z-af9ec6df,25897.2070312,25701.328125,18.296875,23,59329430,nid006158,7.33,2.37,25756,11447,57,16,677960
sqlite-native,telemetry,lustre,64,True,/pscratch/sd/m/makhatri/ipdps-storage-benchmark/results/system-study-DkWCmGKD/source/results/system-metrics-59329430/runs/20261004T200607Z-9a4c739c,9.732291148044169,1.5504502611029376,0.0004041841139475854,26790.0625,,,,,,unavailable,collected,20261004T200607Z-9a4c739c,25695.015625,26686.4179688,1095.046875,21,59329430,nid006158,19.68,10.56,20660,127068,31285,16,735464
sqlite-native,telemetry,tmpfs,1,True,/pscratch/sd/m/makhatri/ipdps-storage-benchmark/results/system-study-DkWCmGKD/source/results/system-metrics-59329430/runs/20261004T200617Z-a110e4b9,7.514414670993574,0.3905803055991845,0.0,26819.03125,,,,,,unavailable,collected,20261004T200617Z-a110e4b9,26684.4101562,26652.859375,134.62109375,16,59329430,nid006158,6.69,0.51,26832,2039,26,0,160
sqlite-native,telemetry,tmpfs,64,True,/pscratch/sd/m/makhatri/ipdps-storage-benchmark/results/system-study-DkWCmGKD/source/results/system-metrics-59329430/runs/20261004T200625Z-bc86e54f,7.906599589041434,1.50152827936055,0.0,27678.171875,,,,,,unavailable,collected,20261004T200625Z-bc86e54f,26652.4882812,27505.5585938,1025.68359375,17,59329430,nid006158,19.34,7.52,21952,90194,9355,0,304
sqlite-shifter,telemetry,lustre,1,True,/pscratch/sd/m/makhatri/ipdps-storage-benchmark/results/system-study-DkWCmGKD/source/results/system-metrics-59329430/runs/20261004T200633Z-291d08a0,12.563806578982621,0.5518822235995055,0.0003114459501125877,28472.32421875,,,,,,unavailable,collected,20261004T200633Z-291d08a0,27504.046875,28083.125,968.27734375,27,59329430,nid006158,8.58,2.91,26380,11089,3127,29938,677960
sqlite-shifter,telemetry,lustre,64,True,/pscratch/sd/m/makhatri/ipdps-storage-benchmark/results/system-study-DkWCmGKD/source/results/system-metrics-59329430/runs/20261004T200646Z-a95a6a27,9.537867815000936,2.0032804180472445,0.0004121128200056047,28820.03515625,,,,,,unavailable,collected,20261004T200646Z-a95a6a27,28065.5585938,28741.2421875,754.4765625,21,59329430,nid006158,21.36,20.52,26624,48269,62916,304,739424
sqlite-shifter,telemetry,tmpfs,1,True,/pscratch/sd/m/makhatri/ipdps-storage-benchmark/results/system-study-DkWCmGKD/source/results/system-metrics-59329430/runs/20261004T200655Z-636e3516,8.860580401029438,0.40749904078959553,0.0,28877.07421875,,,,,,unavailable,collected,20261004T200655Z-636e3516,28706.3242188,28711.9453125,170.75,19,59329430,nid006158,7.83,0.94,31620,592,35,288,160
sqlite-shifter,telemetry,tmpfs,64,True,/pscratch/sd/m/makhatri/ipdps-storage-benchmark/results/system-study-DkWCmGKD/source/results/system-metrics-59329430/runs/20261004T200704Z-8169296f,8.799500561901368,1.6412020371703597,0.0,29774.9921875,,,,,,unavailable,collected,20261004T200704Z-8169296f,28696.1953125,29774.9921875,1078.796875,19,59329430,nid006158,19.25,16.14,28160,9698,21414,288,304
postgres,telemetry,lustre,1,True,/pscratch/sd/m/makhatri/ipdps-storage-benchmark/results/system-study-DkWCmGKD/source/results/system-metrics-59329430/runs/20261004T200712Z-c2ad9262,23.42845168407075,0.6095349517402749,0.00033426649396231143,30339.484375,,,,,,unavailable,collected,20261004T200712Z-c2ad9262,29709.8242188,27966.8046875,629.66015625,48,59329430,nid006158,20.12,9.07,157856,40729,11088,42046,2015080
postgres,telemetry,lustre,64,True,/pscratch/sd/m/makhatri/ipdps-storage-benchmark/results/system-study-DkWCmGKD/source/results/system-metrics-59329430/runs/20261004T200736Z-598d96e2,13.453393156989478,3.007096020312834,0.0017571655747835025,30049.94921875,,,,,,unavailable,collected,20261004T200736Z-598d96e2,27953.703125,27280.9648438,2096.24609375,28,59329430,nid006158,61.57,30.03,159900,726598,60667,217154,2157984
postgres,telemetry,tmpfs,1,True,/pscratch/sd/m/makhatri/ipdps-storage-benchmark/results/system-study-DkWCmGKD/source/results/system-metrics-59329430/runs/20261004T200749Z-9b32251f,16.710241417051293,0.6071250663604536,0.0002338694400463997,29475.7109375,,,,,,unavailable,collected,20261004T200749Z-9b32251f,27273.0976562,27217.6640625,2202.61328125,35,59329430,nid006158,18.12,5.85,155880,19719,307,42034,176
postgres,telemetry,tmpfs,64,True,/pscratch/sd/m/makhatri/ipdps-storage-benchmark/results/system-study-DkWCmGKD/source/results/system-metrics-59329430/runs/20261004T200806Z-41e816fa,9.670882166014053,3.650052996430355,0.0004061029146006181,30520.5390625,,,,,,unavailable,collected,20261004T200806Z-41e816fa,27210.125,28073.6484375,3310.4140625,21,59329430,nid006158,60.61,24.32,159968,705275,21930,42034,312
influx,telemetry,lustre,1,True,/pscratch/sd/m/makhatri/ipdps-storage-benchmark/results/system-study-DkWCmGKD/source/results/system-metrics-59329430/runs/20261004T200816Z-cf5cdaad,42.797006550012156,4.705162454049364,0.0007306436513916479,29029.23046875,,,,,,unavailable,collected,20261004T200816Z-cf5cdaad,28023.1132812,27061.0664062,1006.1171875,87,59329430,nid006158,463.48,46.45,267592,274391,10434,82090,91720
influx,telemetry,lustre,64,True,/pscratch/sd/m/makhatri/ipdps-storage-benchmark/results/system-study-DkWCmGKD/source/results/system-metrics-59329430/runs/20261004T200858Z-9208d5aa,17.4438263369957,8.183447179445725,0.0011227427257498798,29554.6640625,,,,,,unavailable,collected,20261004T200858Z-9208d5aa,27051.6835938,27417.1757812,2502.98046875,36,59329430,nid006158,317.31,42.51,499144,565190,37570,81598,86856
influx,telemetry,tmpfs,1,True,/pscratch/sd/m/makhatri/ipdps-storage-benchmark/results/system-study-DkWCmGKD/source/results/system-metrics-59329430/runs/20261004T200916Z-39b7a15a,41.5582363960566,5.13117356515982,0.0013166259766543406,28500.91796875,,,,,,unavailable,collected,20261004T200916Z-39b7a15a,27410.7460938,26846.5273438,1090.171875,84,59329430,nid006158,496.7,47.83,280512,273832,4809,80770,192
influx,telemetry,tmpfs,64,True,/pscratch/sd/m/makhatri/ipdps-storage-benchmark/results/system-study-DkWCmGKD/source/results/system-metrics-59329430/runs/20261004T200957Z-b5354905,16.994012559996918,9.23247463783146,0.0020741437243324713,29671.546875,,,,,,unavailable,collected,20261004T200957Z-b5354905,26845.2265625,27650.28125,2826.3203125,35,59329430,nid006158,343.74,53.62,501596,581227,16225,81384,320
sqlite-native,mixed,lustre,1,True,/pscratch/sd/m/makhatri/ipdps-storage-benchmark/results/system-study-DkWCmGKD/source/results/system-metrics-59329430/runs/20261004T201014Z-52d9556e,9.29905240307562,0.4198000791598946,0.00042106326896679497,27651.23046875,,,,,,unavailable,collected,20261004T201014Z-52d9556e,27648.7460938,27358.453125,2.484375,20,59329430,nid006158,5.53,2.21,24680,17937,918,16,658336
sqlite-native,mixed,lustre,64,True,/pscratch/sd/m/makhatri/ipdps-storage-benchmark/results/system-study-DkWCmGKD/source/results/system-metrics-59329430/runs/20261004T201024Z-dd9ed0bc,8.467396656051278,1.8675151271991006,0.005131817736495155,28144.59375,,,,,,unavailable,collected,20261004T201024Z-dd9ed0bc,27356.2070312,28033.5703125,788.38671875,18,59329430,nid006158,18,11.91,21120,155007,36525,16,842784
sqlite-native,mixed,tmpfs,1,True,/pscratch/sd/m/makhatri/ipdps-storage-benchmark/results/system-study-DkWCmGKD/source/results/system-metrics-59329430/runs/20261004T201032Z-67c9e232,5.620214476948604,0.39291774458260315,0.0006954296364293861,28109.49609375,,,,,,unavailable,collected,20261004T201032Z-67c9e232,28031.3359375,28004.5234375,78.16015625,13,59329430,nid006158,4.95,0.38,24912,2655,33,0,160
sqlite-native,mixed,tmpfs,64,True,/pscratch/sd/m/makhatri/ipdps-storage-benchmark/results/system-study-DkWCmGKD/source/results/system-metrics-59329430/runs/20261004T201038Z-28e4c7e9,6.145141389919445,1.8516392396989412,0.0,28835.44140625,,,,,,unavailable,collected,20261004T201038Z-28e4c7e9,28001.5195312,28730.5664062,833.921875,14,59329430,nid006158,17.34,8.16,22036,93094,9557,0,304
sqlite-shifter,mixed,lustre,1,True,/pscratch/sd/m/makhatri/ipdps-storage-benchmark/results/system-study-DkWCmGKD/source/results/system-metrics-59329430/runs/20261004T201045Z-22fd38ef,10.624377492000349,0.42151028905141763,0.0003684530498701203,29684.9609375,,,,,,unavailable,collected,20261004T201045Z-22fd38ef,28726.25,29474.7734375,958.7109375,23,59329430,nid006158,6.31,2.94,28484,17601,59,29938,658336
sqlite-shifter,mixed,lustre,64,True,/pscratch/sd/m/makhatri/ipdps-storage-benchmark/results/system-study-DkWCmGKD/source/results/system-metrics-59329430/runs/20261004T201055Z-d9431041,9.25942647701595,2.132793184593846,0.0029787614309969915,30037.0625,,,,,,unavailable,collected,20261004T201055Z-d9431041,29410.0507812,29419.1171875,627.01171875,20,59329430,nid006158,19.47,21.62,25464,73966,60698,304,852416
sqlite-shifter,mixed,tmpfs,1,True,/pscratch/sd/m/makhatri/ipdps-storage-benchmark/results/system-study-DkWCmGKD/source/results/system-metrics-59329430/runs/20261004T201105Z-0d23df82,6.737763359909877,0.4118018942887137,0.0,29502.7734375,,,,,,unavailable,collected,20261004T201105Z-0d23df82,29388.1132812,29379.234375,114.66015625,15,59329430,nid006158,5.67,0.98,28364,602,31,288,160
sqlite-shifter,mixed,tmpfs,64,True,/pscratch/sd/m/makhatri/ipdps-storage-benchmark/results/system-study-DkWCmGKD/source/results/system-metrics-59329430/runs/20261004T201111Z-4d8df8b2,6.621273753000423,2.1830707149482738,0.0,30498.60546875,,,,,,unavailable,collected,20261004T201111Z-4d8df8b2,29344.2773438,30261.34375,1154.328125,15,59329430,nid006158,18.25,17.19,27748,12832,24827,288,304
postgres,mixed,lustre,1,True,/pscratch/sd/m/makhatri/ipdps-storage-benchmark/results/system-study-DkWCmGKD/source/results/system-metrics-59329430/runs/20261004T201117Z-1794e7bf,23.1665053620236,0.6014124823946937,0.0005072357175102842,30821.6796875,,,,,,unavailable,collected,20261004T201117Z-1794e7bf,30198.8359375,28617.9804688,622.84375,48,59329430,nid006158,19.31,8.94,157928,47640,15516,42034,1868680
postgres,mixed,lustre,64,True,/pscratch/sd/m/makhatri/ipdps-storage-benchmark/results/system-study-DkWCmGKD/source/results/system-metrics-59329430/runs/20261004T201141Z-ffb0a123,11.678659792989492,3.4846179537610866,0.0006747251338485985,30669.90234375,,,,,,unavailable,collected,20261004T201141Z-ffb0a123,28615.2421875,28407.6953125,2054.66015625,25,59329430,nid006158,61.08,28.7,157872,631315,85270,177762,1925880
postgres,mixed,tmpfs,1,True,/pscratch/sd/m/makhatri/ipdps-storage-benchmark/results/system-study-DkWCmGKD/source/results/system-metrics-59329430/runs/20261004T201152Z-fc4ad45c,15.771103592007421,0.5999806697677647,0.00024782349019734185,30417.3515625,,,,,,unavailable,collected,20261004T201152Z-fc4ad45c,28401.6289062,28266.96875,2015.72265625,33,59329430,nid006158,17.59,5.52,155824,22465,186,42034,168
postgres,mixed,tmpfs,64,True,/pscratch/sd/m/makhatri/ipdps-storage-benchmark/results/system-study-DkWCmGKD/source/results/system-metrics-59329430/runs/20261004T201208Z-ec4e788a,8.581561449100263,4.170881180460523,0.00045768475589383546,31409.70703125,,,,,,unavailable,collected,20261004T201208Z-ec4e788a,28264.96875,28907.8164062,3144.73828125,19,59329430,nid006158,60.37,25.08,157944,646477,18120,42034,312
influx,mixed,lustre,1,True,/pscratch/sd/m/makhatri/ipdps-storage-benchmark/results/system-study-DkWCmGKD/source/results/system-metrics-59329430/runs/20261004T201217Z-929ab4c6,54.295907013933174,2.8306520142299547,0.001152223070386427,29958.71484375,,,,,,unavailable,collected,20261004T201217Z-929ab4c6,28892.4375,27151.2109375,1066.27734375,110,59329430,nid006158,354.78,34.93,247432,599721,12009,81452,122496
influx,mixed,lustre,64,True,/pscratch/sd/m/makhatri/ipdps-storage-benchmark/results/system-study-DkWCmGKD/source/results/system-metrics-59329430/runs/20261004T201311Z-a992a37b,19.89589598902967,10.364672701812516,0.0023667238624933435,30091.2109375,,,,,,unavailable,collected,20261004T201311Z-a992a37b,27149.1289062,28119.734375,2942.08203125,41,59329430,nid006158,473.85,50.54,453460,982095,69620,81962,111992
influx,mixed,tmpfs,1,True,/pscratch/sd/m/makhatri/ipdps-storage-benchmark/results/system-study-DkWCmGKD/source/results/system-metrics-59329430/runs/20261004T201331Z-1d7f25e0,50.79511289391667,2.7027131025290174,0.0009235045767347649,29138.859375,,,,,,unavailable,collected,20261004T201331Z-1d7f25e0,28110.1796875,26519.9921875,1028.6796875,103,59329430,nid006158,322.69,30.54,315744,576229,4856,81384,192
influx,mixed,tmpfs,64,True,/pscratch/sd/m/makhatri/ipdps-storage-benchmark/results/system-study-DkWCmGKD/source/results/system-metrics-59329430/runs/20261004T201422Z-aaca02f1,19.471267265966162,10.29972335703027,0.004020973397240004,29771.32421875,,,,,,unavailable,collected,20261004T201422Z-aaca02f1,26518.234375,27871.484375,3253.08984375,40,59329430,nid006158,453.18,53.06,444408,972622,12114,81450,320
