study,deployment,workload,storage,clients,write_worker_cpu_s_mean,write_worker_cpu_core_equivalents_mean,write_worker_voluntary_switches_mean,write_worker_involuntary_switches_mean,write_worker_peak_rss_max_kib_mean,write_worker_io_read_bytes_mean,write_worker_io_write_bytes_mean,read_worker_cpu_s_mean,read_worker_cpu_core_equivalents_mean,read_worker_voluntary_switches_mean,read_worker_involuntary_switches_mean,read_worker_peak_rss_max_kib_mean,read_worker_io_read_bytes_mean,read_worker_io_write_bytes_mean
mixed-pilots,influx,mixed,lustre,1,6.298972,0.360527026262,2000,132.2,20053.6,0,0,0.7656564,0.0316043595487,1204.6,22.4,19613.6,0,0
mixed-pilots,influx,mixed,lustre,16,6.908631,3.47111428733,2000,3654.4,20653.6,0,0,0.9164798,0.117092109089,1632.6,21.2,19889.6,0,0
mixed-pilots,influx,mixed,lustre,64,7.4077574,4.54269006874,2002.2,4607,19779.2,0,0,0.9884146,0.180360938084,1703.2,45.2,20142.4,0,0
mixed-pilots,influx,mixed,tmpfs,1,6.255459,0.422774314802,2000,127.8,19882.4,0,0,0.7661866,0.0318866622301,1195.4,22,19606.4,0,0
mixed-pilots,influx,mixed,tmpfs,16,6.9362016,3.98890843398,2000,78.2,19748.8,0,0,0.9594108,0.155815380758,1294,14.2,19533.6,0,0
mixed-pilots,influx,mixed,tmpfs,64,7.320792,4.80943618675,2001,106.8,20093.6,0,0,0.9864286,0.182974658743,1708,23,20584.8,0,0
mixed-pilots,postgres,mixed,lustre,1,12.4213052,0.771161155859,6001.8,5278.8,33232.8,0,0,0.1394482,0.631093331256,1497.8,1.2,32989.6,0,0
mixed-pilots,postgres,mixed,lustre,16,15.142202,5.01171126498,7848.6,26540.2,31523.2,0,0,0.203329,7.09734708816,1438.8,1,31661.6,0,0
mixed-pilots,postgres,mixed,lustre,64,15.5293292,5.70293659298,8107.2,24229.6,30221.6,0,0,0.3521418,21.3465263214,1444.4,9,29833.6,0,0
mixed-pilots,postgres,mixed,tmpfs,1,10.9452882,0.967929085894,5994.6,83.8,32202.4,0,0,0.139768,0.667762810684,1373.2,0.6,32640,0,0
mixed-pilots,postgres,mixed,tmpfs,16,13.7692674,6.27481970735,7754.2,118.8,30483.2,0,0,0.2131818,7.56760202116,1369.8,2.6,31430.4,0,0
mixed-pilots,postgres,mixed,tmpfs,64,14.6344884,6.11796358182,7869.4,332.2,28882.4,0,0,0.3511878,23.2078922242,1439.4,7.6,29002.4,0,0
mixed-pilots,sqlite-native,mixed,lustre,1,6.613908,0.852316736773,13605.8,187.6,24559.2,0,335904768,0.2232314,0.722019475802,2047.8,5.8,22737.6,0,0
mixed-pilots,sqlite-native,mixed,lustre,16,9.0001618,1.36832043311,43844.8,19146.6,22540,0,426192076.8,0.3529234,10.6246210416,2530.4,4728.8,22540,0,0
mixed-pilots,sqlite-native,mixed,lustre,64,10.0122808,1.58081395456,63392.4,23328.4,22540,0,430552678.4,0.4566712,15.9402163738,4079.2,5073.2,22540,0,0
mixed-pilots,sqlite-native,mixed,tmpfs,1,4.353277,0.999936979083,0,10.2,23843.2,0,0,0.1290412,0.999347953053,0,1.4,22795.2,0,0
mixed-pilots,sqlite-native,mixed,tmpfs,16,5.140094,1.27996563737,3953.2,19.4,22619.2,0,0,0.1765718,13.1016822439,0.8,0.2,22684,0,0
mixed-pilots,sqlite-native,mixed,tmpfs,64,5.5432758,1.29171199343,5775.2,44.4,22544.8,0,0,0.73367,50.4040761603,3.6,3.8,22540,0,0
mixed-pilots,sqlite-shifter,mixed,lustre,1,7.1648926,0.859882608253,13587,19.8,26551.2,0,335904768,0.2433514,0.7353573043,2048,6.4,25168,0,0
mixed-pilots,sqlite-shifter,mixed,lustre,16,9.6279974,1.35346353703,45291.4,22724,25879.2,0,428942950.4,0.392667,10.4699039636,2386,8385.6,25395.2,0,0
mixed-pilots,sqlite-shifter,mixed,lustre,64,10.6584762,1.57867694803,66190,20770.2,26496.8,0,432375398.4,0.4970952,17.1466520952,4074.6,6168.4,25865.6,0,0
mixed-pilots,sqlite-shifter,mixed,tmpfs,1,4.8680754,0.999804434007,0,108.6,25775.2,0,0,0.1422314,0.999152465952,0,4.2,25560,0,0
mixed-pilots,sqlite-shifter,mixed,tmpfs,16,5.6669182,1.21825144786,4085.6,36.4,26620,0,0,0.1795462,15.2363794006,0,5,25240,0,0
mixed-pilots,sqlite-shifter,mixed,tmpfs,64,6.0018206,1.26310161813,6035.6,36.2,26195.2,0,0,0.82817,54.8869936323,0,35.6,26427.2,0,0
sql-repeats,postgres,metadata,lustre,1,10.6442290667,0.80748010715,3197.26666667,4795,33393.6,0,0,0.0994042666667,0.569418441343,1026,0.533333333333,33013.6,0,0
sql-repeats,postgres,metadata,lustre,16,12.9344008667,5.52424901937,5312.2,19245.9333333,31830.6666667,0,0,0.1557104,6.82030953423,1041.86666667,1.06666666667,32268.2666667,0,0
sql-repeats,postgres,metadata,lustre,64,13.722358,6.78153954657,6031.73333333,19997.9333333,31350.9333333,0,0,0.272377866667,18.4223227985,1081.26666667,24,31384.5333333,0,0
sql-repeats,postgres,metadata,tmpfs,1,9.30741926667,0.979570338581,2993.86666667,87.6,33432,0,0,0.100843266667,0.603254319038,1026,0.866666666667,31865.8666667,0,0
sql-repeats,postgres,metadata,tmpfs,16,11.8670943333,6.85794139144,5381.73333333,68.4666666667,32197.0666667,0,0,0.149881866667,7.28162065476,1041.93333333,1.33333333333,31869.0666667,0,0
sql-repeats,postgres,metadata,tmpfs,64,13.6189446667,8.15872347662,5998.53333333,268.266666667,31535.4666667,0,0,0.2720598,19.2398268932,1078.73333333,36.5333333333,31701.3333333,0,0
sql-repeats,postgres,telemetry,lustre,1,13.618989,0.840616310355,3037.86666667,6463.2,35280.8,0,0,0.1756556,0.679610286844,1972,1.33333333333,35208.2666667,0,0
sql-repeats,postgres,telemetry,lustre,16,16.0121803333,3.68481071357,5933.46666667,15569,35061.6,0,0,0.258391333333,7.71612848751,1841.6,2,34964.8,0,0
sql-repeats,postgres,telemetry,lustre,64,15.7864378667,3.73027346318,6343,14115.0666667,34964.8,0,0,0.4431128,25.9985710327,1776.06666667,15.2,34964.8,0,0
sql-repeats,postgres,telemetry,tmpfs,1,11.8778397333,0.984644286118,2987.46666667,92.4,35371.4666667,0,0,0.175140266667,0.711086737793,1394.8,0.666666666667,35393.8666667,0,0
sql-repeats,postgres,telemetry,tmpfs,16,14.9613034667,4.29207765396,5946.26666667,225.6,35318.1333333,0,0,0.246506133333,8.23018633518,1686.86666667,1.4,35146.6666667,0,0
sql-repeats,postgres,telemetry,tmpfs,64,15.7020592667,4.4672493334,6018.2,327.8,35101.3333333,0,0,0.4396708,26.2034632918,1591.46666667,38.4,35101.3333333,0,0
sql-repeats,sqlite-native,metadata,lustre,1,3.51746013333,0.848214409306,6954.13333333,1482.8,22844.2666667,0,207289548.8,0.174132466667,0.659740998915,2048.26666667,383.8,21019.4666667,0,0
sql-repeats,sqlite-native,metadata,lustre,16,4.9921142,1.18034406496,20907.4666667,7879.6,21538.1333333,0,289262796.8,0.295704866667,9.84243365155,3013.8,5726.86666667,20719.2,0,0
sql-repeats,sqlite-native,metadata,lustre,64,5.52474793333,1.08514674994,29884.6666667,11012.1333333,21958.9333333,0,292216832,0.371942533333,12.9271672375,4076.66666667,5212,21112.5333333,0,0
sql-repeats,sqlite-native,metadata,tmpfs,1,2.22356113333,1.00009680418,0,5.53333333333,23870.1333333,0,0,0.0852257333333,0.999023847391,0,0.666666666667,21738.6666667,0,0
sql-repeats,sqlite-native,metadata,tmpfs,16,2.7588584,1.02442600179,1209.6,13.5333333333,23015.2,0,0,0.1240522,12.2194001607,1.2,1.86666666667,20898.1333333,0,0
sql-repeats,sqlite-native,metadata,tmpfs,64,2.9670006,0.587499940977,2366.8,33.7333333333,22542.9333333,0,0,0.679719266667,51.9024996509,1.93333333333,2.53333333333,21146.9333333,0,0
sql-repeats,sqlite-native,telemetry,lustre,1,8.5633606,0.912714834396,7109.06666667,619.8,24024.5333333,0,345450905.6,0.273265933333,0.751624093754,2048.33333333,189.733333333,22123.7333333,0,0
sql-repeats,sqlite-native,telemetry,lustre,16,10.0998440667,1.68608517633,27889.6,15415.2,21216,0,377147938.133,0.417974066667,10.8554989155,2305.2,5767.33333333,21216,0,0
sql-repeats,sqlite-native,telemetry,lustre,64,10.4821104667,1.58965975905,34785.2,15650.2666667,21375.2,0,375395942.4,0.550656666667,18.7660645353,4072.8,7612.46666667,21334.6666667,0,0
sql-repeats,sqlite-native,telemetry,tmpfs,1,6.2393306,0.999912111134,0,13.4,24814.1333333,0,0,0.168094066667,0.999602763518,0,1.33333333333,21763.2,0,0
sql-repeats,sqlite-native,telemetry,tmpfs,16,6.69439806667,1.63668859965,1667,25.7333333333,21614.9333333,0,0,0.2311034,12.6403707936,3.2,2.8,21874.6666667,0,0
sql-repeats,sqlite-native,telemetry,tmpfs,64,7.0408404,1.30220085557,2898.86666667,48.8,21732.5333333,0,0,0.6943288,52.2008916667,4.46666666667,3.2,21334.6666667,0,0
sql-repeats,sqlite-shifter,metadata,lustre,1,3.97580546667,0.862499911383,6959.8,987,24805.6,0,207289548.8,0.1847714,0.679730806132,2048.4,191.4,24709.3333333,0,0
sql-repeats,sqlite-shifter,metadata,lustre,16,5.4651132,1.18119336218,20583.1333333,8269.4,25499.4666667,0,289137732.267,0.311949066667,10.0395387295,2832,5829,25373.8666667,0,0
sql-repeats,sqlite-shifter,metadata,lustre,64,5.99220026667,1.1091059343,30044.1333333,10754.3333333,25869.3333333,0,292789998.933,0.400806666667,13.8593103894,4074.2,5043.93333333,25714.4,0,0
sql-repeats,sqlite-shifter,metadata,tmpfs,1,2.6017156,1.00004600877,0,7.93333333333,25097.8666667,0,0,0.0914327333333,0.998905737515,0,1.53333333333,24852.5333333,0,0
sql-repeats,sqlite-shifter,metadata,tmpfs,16,3.14156373333,1.00312081665,1065.66666667,11.1333333333,26495.7333333,0,0,0.126894066667,13.3404869411,0,2.6,26174.9333333,0,0
sql-repeats,sqlite-shifter,metadata,tmpfs,64,3.345352,0.596230326351,2460.4,33.2666666667,26516,0,0,0.789768266667,55.5240830262,0,11.1333333333,25615.2,0,0
sql-repeats,sqlite-shifter,telemetry,lustre,1,9.2534528,0.915027373323,7110.66666667,1537.2,26067.4666667,0,345450905.6,0.302553,0.765435900174,2048.46666667,263,25591.2,0,0
sql-repeats,sqlite-shifter,telemetry,lustre,16,10.8651088,1.64918777998,28352.5333333,17754.7333333,26376,0,376583782.4,0.451534933333,10.8357974003,2268.46666667,7141.13333333,26060.8,0,0
sql-repeats,sqlite-shifter,telemetry,lustre,64,11.2176530667,1.52920827797,35940.3333333,17019.2666667,26473.3333333,0,376011980.8,0.597105666667,19.5407813469,4072.4,8647.86666667,25937.6,0,0
sql-repeats,sqlite-shifter,telemetry,tmpfs,1,6.86343153333,0.999901096438,0,20.6666666667,26867.2,0,0,0.188585066667,0.999499536767,0,1.2,25028,0,0
sql-repeats,sqlite-shifter,telemetry,tmpfs,16,7.28572246667,1.52991301854,1841.06666667,36.7333333333,27423.4666667,0,0,0.2379624,14.3247564474,0,6,26163.2,0,0
sql-repeats,sqlite-shifter,telemetry,tmpfs,64,7.51650233333,1.1397700064,3132.93333333,51.4666666667,27209.0666667,0,0,0.7900792,53.0900952727,0,15.1333333333,26321.0666667,0,0
