sqlite-native	metadata	100000	configs/size-sweep/metadata-sqlite-native-100000.yaml
sqlite-native	telemetry	100000	configs/size-sweep/telemetry-sqlite-native-100000.yaml
sqlite-native	mixed	100000	configs/size-sweep/mixed-sqlite-native-100000.yaml
sqlite-shifter	metadata	100000	configs/size-sweep/metadata-sqlite-shifter-100000.yaml
sqlite-shifter	telemetry	100000	configs/size-sweep/telemetry-sqlite-shifter-100000.yaml
sqlite-shifter	mixed	100000	configs/size-sweep/mixed-sqlite-shifter-100000.yaml
postgres	metadata	100000	configs/size-sweep/metadata-postgres-100000.yaml
postgres	telemetry	100000	configs/size-sweep/telemetry-postgres-100000.yaml
postgres	mixed	100000	configs/size-sweep/mixed-postgres-100000.yaml
influx	metadata	100000	configs/size-sweep/metadata-influx-100000.yaml
influx	telemetry	100000	configs/size-sweep/telemetry-influx-100000.yaml
influx	mixed	100000	configs/size-sweep/mixed-influx-100000.yaml
sqlite-native	metadata	10000000	configs/size-sweep/metadata-sqlite-native-10000000.yaml
sqlite-native	telemetry	10000000	configs/size-sweep/telemetry-sqlite-native-10000000.yaml
sqlite-native	mixed	10000000	configs/size-sweep/mixed-sqlite-native-10000000.yaml
sqlite-shifter	metadata	10000000	configs/size-sweep/metadata-sqlite-shifter-10000000.yaml
sqlite-shifter	telemetry	10000000	configs/size-sweep/telemetry-sqlite-shifter-10000000.yaml
sqlite-shifter	mixed	10000000	configs/size-sweep/mixed-sqlite-shifter-10000000.yaml
postgres	metadata	10000000	configs/size-sweep/metadata-postgres-10000000.yaml
postgres	telemetry	10000000	configs/size-sweep/telemetry-postgres-10000000.yaml
postgres	mixed	10000000	configs/size-sweep/mixed-postgres-10000000.yaml
influx	metadata	10000000	configs/size-sweep/metadata-influx-10000000.yaml
influx	telemetry	10000000	configs/size-sweep/telemetry-influx-10000000.yaml
influx	mixed	10000000	configs/size-sweep/mixed-influx-10000000.yaml
